Messages,Free entropy density,density,entropy density,stability,physical
"[[0.2499999999979358, 0.2499999999979358], [0.25000000000202294, 0.25000000000210554]]",0.6931471805599454,0.5000000000001653,0.6931471805599454,True,False
