{"Messages": [[0.04460224049165926, 0.2241447851851093], [0.31216934776754535, 0.4190836265556861]], "Free entropy density": null, "density": null, "entropy density": null, "stability": null, "physical": null, "stability AT": null, "linear stability": null, "non linear stability": null, "eta": [0.0, 0.25, 0.25, 0.0, 0.25, 0.0, 0.0, 0.0, 0.25, 0.0, 0.0, 0.0, 0.0, 0.0, 0.0, 0.0], "phi_SP": null, "stability SP": null, "phi_SP_noisy": null}