Messages,Free entropy density,density,entropy density,stability,physical
"[[0.33179154832337293, 0.33179154832337293], [0.2136406308814456, 0.12277627247180833]]",0.5512829976438367,0.32202759900166067,0.5512829976438367,True,True
