{"Messages": [[0.33179154832337293, 0.33179154832337293], [0.2136406308814456, 0.12277627247180833]], "Free entropy density": 0.5512829976438367, "density": 0.32202759900166067, "entropy density": 0.5512829976438367, "stability": true, "physical": true, "stability AT": true, "linear stability": true, "non linear stability": true, "eta": [0.0, 1.3349918974505773e-11, 6.934135705686689e-10, 6.648880680454985e-10, 1.3349918974505773e-11, 0.0, 0.0, 0.0, 1.3349918974505773e-11, 0.0, 0.0, 0.0, 1.8563043222240242e-08, 0.0, 1.639286557970155e-08, 0.9999999636457398], "phi_SP": 2.2204460492503128e-16, "stability SP": true, "phi_SP_noisy": null}