Messages,Free entropy density,density,entropy density,stability,physical
"[[0.266134390580306, 0.45113213353913467], [0.2827334758774402, 3.119158117746517e-12]]",-0.003655089629255759,0.3913447884052928,-0.003655089629255759,True,True
