{"Messages": [[0.266134390580306, 0.45113213353913467], [0.2827334758774402, 3.119158117746517e-12]], "Free entropy density": -0.003655089629255759, "density": 0.3913447884052928, "entropy density": -0.003655089629255759, "stability": true, "physical": true, "stability AT": true, "linear stability": false, "non linear stability": false, "eta": [0.0, 1.3479973333575379e-08, 0.38526600051436477, 0.0, 0.2520866838423753, 0.0, 0.0, 0.0, 1.3479973333575379e-08, 0.0, 0.0, 0.0, 0.36264728868331325, 0.0, 0.0, 0.0], "phi_SP": -0.003655089629255759, "stability SP": true, "phi_SP_noisy": null}