{"replicated free entropy": -0.11502909660339355, "cluster free entropy": -0.0016570687294006348, "complexity": -0.11337202787399292, "density": 0.6245049834251404, "entropy": -0.0016570687294006348, "replicated free entropy mean": -0.11490331626519924, "replicated free entropy std": 0.00031763106458250164, "cluster free entropy mean": 6.463760282935166e-05, "cluster free entropy std": 0.0009630261834098854, "complexity mean": -0.11496795386802859, "complexity std": 0.000951450508136245, "density mean": 0.6226826644525295, "density std": 0.0017766419453105092, "entropy mean": 6.463760282935166e-05, "entropy std": 0.0009630261834098854, "stability": true, "stability non zero": true, "fraction hard fields": 0.7263700366020203, "fraction i frozen": 1.0, "fraction j frozen": 0.7263700366020203, "fraction config forbidden": 1.0}