{"replicated free entropy": 0.44358086585998535, "cluster free entropy": 0.44358134269714355, "complexity": -4.76837158203125e-07, "density": 0.307293564081192, "entropy": 0.44358134269714355, "replicated free entropy mean": 0.44358086585998535, "replicated free entropy std": 0.0, "cluster free entropy mean": 0.44358134269714355, "cluster free entropy std": 0.0, "complexity mean": -4.76837158203125e-07, "complexity std": 0.0, "density mean": 0.307293564081192, "density std": 0.0, "entropy mean": 0.44358134269714355, "entropy std": 0.0}