{"Messages": [[0.27478183707735687, 0.34582539206737917], [0.22010491080736855, 0.1592878600478954]], "Free entropy density": 0.025496049616898997, "density": 0.4009684339955224, "entropy density": 0.025496049616898997, "stability": false, "physical": true}