{"replicated free entropy": 0.22054314613342285, "cluster free entropy": 0.22054505348205566, "complexity": -1.9073486328125e-06, "density": 0.9055188894271851, "entropy": 0.22054505348205566, "replicated free entropy mean": 0.22054314613342285, "replicated free entropy std": 0.0, "cluster free entropy mean": 0.22054505348205566, "cluster free entropy std": 0.0, "complexity mean": -1.9073486328125e-06, "complexity std": 0.0, "density mean": 0.9055188894271851, "density std": 0.0, "entropy mean": 0.22054505348205566, "entropy std": 0.0}