{"replicated free entropy": 0.13122320175170898, "cluster free entropy": 0.1312243938446045, "complexity": -1.1920928955078125e-06, "density": 0.27326053380966187, "entropy": 0.1312243938446045, "replicated free entropy mean": 0.13122320175170898, "replicated free entropy std": 0.0, "cluster free entropy mean": 0.1312243938446045, "cluster free entropy std": 0.0, "complexity mean": -1.1920928955078125e-06, "complexity std": 0.0, "density mean": 0.27326053380966187, "density std": 0.0, "entropy mean": 0.1312243938446045, "entropy std": 0.0, "stability": true, "stability non zero": true, "fraction hard fields": 0.0, "fraction i frozen": 0.0, "fraction j frozen": 0.0, "fraction config forbidden": 1.0}