Messages,Free entropy density,density,entropy density,stability,physical
"[[0.23502071931742485, 0.2791705547422104], [0.2428235216406513, 0.24298520429971343]]",0.15944718027164617,0.5076185637384321,0.15944718027164617,False,True
"[[0.9999999999999998, 6.177653566330229e-17], [4.5432634286583075e-19, 6.91234818039895e-19]]",-1.9721522630525295e-31,6.519444874974674e-67,-1.9721522630525295e-31,False,True
