{"Messages": [[0.23502071931742485, 0.2791705547422104], [0.2428235216406513, 0.24298520429971343]], "Free entropy density": 0.15944718027164617, "density": 0.5076185637384321, "entropy density": 0.15944718027164617, "stability": false, "physical": true}