{"Free entropy density": 0.15343231671190588, "density": 0.6438839060729298, "entropy density": 0.15343231671190588, "stability": false, "stability non zero": true, "fraction hard fields": 0.07446666666666667, "fraction i frozen": 0.10652333333333333, "fraction config forbidden": 1.0, "fraction found": 1.0}