{"replicated free entropy": 0.27823328971862793, "cluster free entropy": 0.27823054790496826, "complexity": 2.7418136596679688e-06, "density": 0.4997783899307251, "entropy": 0.27823054790496826, "replicated free entropy mean": 0.27823328971862793, "replicated free entropy std": 0.0, "cluster free entropy mean": 0.27823054790496826, "cluster free entropy std": 0.0, "complexity mean": 2.7418136596679688e-06, "complexity std": 0.0, "density mean": 0.4997783899307251, "density std": 0.0, "entropy mean": 0.27823054790496826, "entropy std": 0.0, "stability": true, "stability non zero": true, "fraction hard fields": 0.0, "fraction i frozen": 0.0, "fraction j frozen": 0.0, "fraction config forbidden": 0.0}