Messages,Free entropy density,density,entropy density,stability,physical
"[[0.0, 0.49999999999854705], [0.49999999999854705, 2.906024913028248e-12]]",-0.6931471805599452,0.5,-0.6931471805599452,False,True
"[[0.3012762198487766, 0.41262534506468435], [0.28609843508341987, 3.119158117746517e-12]]",-0.2860345604460983,0.3611569130527556,-0.2860345604460983,True,True
