{"Messages": [[0.3012762198487766, 0.41262534506468435], [0.28609843508341987, 3.119158117746517e-12]], "Free entropy density": -0.2860345604460983, "density": 0.3611569130527556, "entropy density": -0.2860345604460983, "stability": true, "physical": true, "stability AT": true, "linear stability": false, "non linear stability": false, "eta": [0.0, 3.291009114642426e-08, 0.2860984256687868, 0.0, 0.4126253314864336, 0.0, 0.0, 0.0, 0.3012762099346885, 0.0, 0.0, 0.0, 0.0, 0.0, 0.0, 0.0], "phi_SP": -0.286034560446105, "stability SP": true, "phi_SP_noisy": null}