Messages,Free entropy density,density,entropy density,stability,physical
"[[0.0, 0.1923453039051593], [0.3659832774236301, 0.44167141867121057]]",-0.27599079808471183,0.7904057276419304,-0.27599079808471183,False,True
"[[0.0, 0.4999999999999999], [0.4999999999999999, 5.713737363141427e-19]]",-0.6931471805599452,0.5,-0.6931471805599452,False,True
"[[0.5455370479287667, 0.35605247300998477], [0.09841047906124832, 6.9273665151984346e-18]]",0.22109359831963782,0.0952959422405989,0.22109359831963782,False,True
