{"Messages": [[0.5455370479287667, 0.35605247300998477], [0.09841047906124832, 6.9273665151984346e-18]], "Free entropy density": 0.22109359831963782, "density": 0.0952959422405989, "entropy density": 0.22109359831963782, "stability": false, "physical": true}