{"replicated free entropy": 0.35878777503967285, "cluster free entropy": 0.31786370277404785, "complexity": 0.040924072265625, "density": 0.8060674667358398, "entropy": 0.31786370277404785, "replicated free entropy mean": 0.35871067279722635, "replicated free entropy std": 0.00016431284293821357, "cluster free entropy mean": 0.31867804469131844, "cluster free entropy std": 0.0005681338217866547, "complexity mean": 0.04003262810590791, "complexity std": 0.0006024246259480766, "density mean": 0.8064754939660793, "density std": 0.0003100979617627217, "entropy mean": 0.31867804469131844, "entropy std": 0.0005681338217866547}