{"Messages": [[0.3818952324912076, 0.2369307819104547], [0.20909262717270938, 0.17208135842562833]], "Free entropy density": 0.423291812863434, "density": 0.2883126722728508, "entropy density": 0.423291812863434, "stability": true, "physical": true, "stability AT": true, "linear stability": true, "non linear stability": true, "eta": [0.0, 8.543948143683696e-12, 3.8380412301734135e-11, 4.112582449421956e-09, 8.096913873057613e-11, 0.0, 1.4851782234281683e-10, 1.2016684055033386e-10, 5.699691825960613e-10, 0.0, 0.0, 1.097572986385087e-09, 2.6056663201797852e-08, 0.0, 3.529030780527515e-10, 0.9999999674137309], "phi_SP": -5.551115123125783e-17, "stability SP": true, "phi_SP_noisy": null}