{"replicated free entropy": 0.10499453544616699, "cluster free entropy": 0.0005229711532592773, "complexity": 0.10447156429290771, "density": 0.16962558031082153, "entropy": 0.0005229711532592773, "replicated free entropy mean": 0.10499453544616699, "replicated free entropy std": 0.0, "cluster free entropy mean": 0.0005229711532592773, "cluster free entropy std": 0.0, "complexity mean": 0.10447156429290771, "complexity std": 0.0, "density mean": 0.16962558031082153, "density std": 0.0, "entropy mean": 0.0005229711532592773, "entropy std": 0.0}