{"replicated free entropy": 0.032377004623413086, "cluster free entropy": 0.00222170352935791, "complexity": 0.030155301094055176, "density": 0.6618421673774719, "entropy": 0.00222170352935791, "replicated free entropy mean": 0.03306734852674531, "replicated free entropy std": 0.0005963916874795378, "cluster free entropy mean": 0.0032377795475285226, "cluster free entropy std": 0.0007884727009710895, "complexity mean": 0.029829568979216785, "complexity std": 0.0009566095950795776, "density mean": 0.6607764566816935, "density std": 0.0015558406222418743, "entropy mean": 0.0032377795475285226, "entropy std": 0.0007884727009710895}