{"Messages": [[0.9999999999999998, 6.21079420591583e-143], [8.394422091777076e-146, 4.631073163263769e-144]], "Free entropy density": 0.0, "density": 0, "entropy density": 0.0, "stability": true, "physical": true, "stability AT": true, "linear stability": true, "non linear stability": true, "eta": [0.0, 3.2384360529170334e-36, 0.22815564563888696, 0.0, 0.35220121137141885, 0.0, 0.0, 0.0, 0.4196431429896942, 0.0, 0.0, 0.0, 0.0, 0.0, 0.0, 0.0], "phi_SP": -0.06526536523630999, "stability SP": true, "phi_SP_noisy": null}