{"replicated free entropy": 0.4114949703216553, "cluster free entropy": 0.4114968776702881, "complexity": -1.9073486328125e-06, "density": 0.3610800504684448, "entropy": 0.4114968776702881, "replicated free entropy mean": 0.4114949703216553, "replicated free entropy std": 0.0, "cluster free entropy mean": 0.4114968776702881, "cluster free entropy std": 0.0, "complexity mean": -1.9073486328125e-06, "complexity std": 0.0, "density mean": 0.3610800504684448, "density std": 0.0, "entropy mean": 0.4114968776702881, "entropy std": 0.0, "stability": true, "stability non zero": true, "fraction hard fields": 0.0, "fraction i frozen": 0.0, "fraction j frozen": 0.0, "fraction config forbidden": 0.0}