{"Messages": [[0.2727003028924632, 0.23429503039161825], [0.2487103179406422, 0.24429434877527634]], "Free entropy density": 0.4398720972984629, "density": 0.47069750976997893, "entropy density": 0.4398720972984629, "stability": true, "physical": true, "stability AT": true, "linear stability": false, "non linear stability": true, "eta": [0.0, 6.067687115524974e-11, 4.723090006010315e-11, 1.5173731711182628e-08, 1.0601376603566196e-10, 6.181223546917189e-11, 9.178746117662978e-11, 2.8562272630682132e-11, 1.4592553676435887e-10, 1.0070550251368058e-12, 2.1398473849617388e-13, 2.8692269405755057e-10, 1.2915788040942633e-08, 2.460291569833037e-11, 6.327890672919719e-11, 0.9999999709924456], "phi_SP": 0.0, "stability SP": true, "phi_SP_noisy": null}