{"replicated free entropy": 0.2822558879852295, "cluster free entropy": 0.282254695892334, "complexity": 1.1920928955078125e-06, "density": 0.6639019846916199, "entropy": 0.282254695892334, "replicated free entropy mean": 0.2822558879852295, "replicated free entropy std": 0.0, "cluster free entropy mean": 0.282254695892334, "cluster free entropy std": 0.0, "complexity mean": 1.1920928955078125e-06, "complexity std": 0.0, "density mean": 0.6639019846916199, "density std": 0.0, "entropy mean": 0.282254695892334, "entropy std": 0.0}