{"replicated free entropy": 0.5134032964706421, "cluster free entropy": 0.5134048461914062, "complexity": -1.5497207641601562e-06, "density": 0.40666839480400085, "entropy": 0.5134048461914062, "replicated free entropy mean": 0.5134032964706421, "replicated free entropy std": 0.0, "cluster free entropy mean": 0.5134048461914062, "cluster free entropy std": 0.0, "complexity mean": -1.5497207641601562e-06, "complexity std": 0.0, "density mean": 0.40666839480400085, "density std": 0.0, "entropy mean": 0.5134048461914062, "entropy std": 0.0, "stability": true, "stability non zero": true, "fraction hard fields": 0.0, "fraction i frozen": 0.0, "fraction j frozen": 0.0, "fraction config forbidden": 0.0}