{"replicated free entropy": 0.33715319633483887, "cluster free entropy": 0.33715152740478516, "complexity": 1.6689300537109375e-06, "density": 0.26992323994636536, "entropy": 0.33715152740478516, "replicated free entropy mean": 0.33715319633483887, "replicated free entropy std": 0.0, "cluster free entropy mean": 0.33715152740478516, "cluster free entropy std": 0.0, "complexity mean": 1.6689300537109375e-06, "complexity std": 0.0, "density mean": 0.269923242853909, "density std": 8.842948777353211e-09, "entropy mean": 0.33715152740478516, "entropy std": 0.0}