Messages,Free entropy density,density,entropy density,stability,physical
"[[0.0, 0.18721659864314893], [0.36192376701013185, 0.45085963434671916]]",-0.29110316603236885,0.7999999999999999,-0.29110316603236885,False,True
"[[0.0, 0.9999999999999998], [1.683243488495502e-23, 0.0]]",-106.26376347879845,0,-106.26376347879845,False,False
"[[0.16062153388354822, 0.18560738298264623], [0.267692168352604, 0.3860789147812016]]",-0.2434256225530138,0.7247361319373861,-0.2434256225530138,True,True
