{"Messages": [[0.16062153388354822, 0.18560738298264623], [0.267692168352604, 0.3860789147812016]], "Free entropy density": -0.2434256225530138, "density": 0.7247361319373861, "entropy density": -0.2434256225530138, "stability": true, "physical": true, "stability AT": true, "linear stability": false, "non linear stability": true, "eta": [0.0, 0.3860789292464727, 0.26769216699811965, 0.0, 0.18560737622267123, 0.0, 0.0, 0.0, 0.1606215275327365, 0.0, 0.0, 0.0, 0.0, 0.0, 0.0, 0.0], "phi_SP": -0.24342562255301514, "stability SP": true, "phi_SP_noisy": null}