{"Messages": [[0.40427004281592427, 0.34106470597517613], [0.16283264669292116, 0.0918326045159784]], "Free entropy density": 0.442589519738938, "density": 0.22608891736826772, "entropy density": 0.442589519738938, "stability": false, "physical": true}