Messages,Free entropy density,density,entropy density,stability,physical
"[[0.1485842638983026, 0.2256827762181612], [0.33091706057016995, 0.29481589931336627]]",0.4153622881211878,0.625482984470317,0.4153622881211878,True,True
