{"Messages": [[0.1485842638983026, 0.2256827762181612], [0.33091706057016995, 0.29481589931336627]], "Free entropy density": 0.4153622881211878, "density": 0.625482984470317, "entropy density": 0.4153622881211878, "stability": true, "physical": true, "stability AT": true, "linear stability": true, "non linear stability": true, "eta": [0.0, 6.386909288636884e-11, 6.026780576054816e-11, 1.7901013784086356e-08, 1.865694264623522e-10, 1.7148974372420182e-11, 0.0, 3.6122854774885103e-10, 1.0161248357167974e-10, 0.0, 0.0, 1.3846323481537499e-10, 1.0654110253279684e-08, 2.0108591273665283e-11, 2.365820928156239e-10, 0.9999999702590257], "phi_SP": 0.0, "stability SP": true, "phi_SP_noisy": null}