Messages,Free entropy density,density,entropy density,stability,physical
"[[0.3617545795331987, 0.3617545795331987], [0.14449238077475346, 0.1319984601588491]]",0.3496291600166419,0.27565538950447716,0.3496291600166419,False,True
