{"Messages": [[0.3617545795331987, 0.3617545795331987], [0.14449238077475346, 0.1319984601588491]], "Free entropy density": 0.3496291600166419, "density": 0.27565538950447716, "entropy density": 0.3496291600166419, "stability": false, "physical": true}