{"replicated free entropy": -0.00039386749267578125, "cluster free entropy": 0.0, "complexity": -0.00039386749267578125, "density": 0.4992336332798004, "entropy": 0.0, "replicated free entropy mean": 2.9220813658179307e-05, "replicated free entropy std": 0.0003079962896795582, "cluster free entropy mean": 0.0, "cluster free entropy std": 0.0, "complexity mean": 2.9220813658179307e-05, "complexity std": 0.0003079962896795582, "density mean": 0.4999152145734647, "density std": 0.0012188753527646264, "entropy mean": 0.0, "entropy std": 0.0, "stability": true, "stability non zero": true, "fraction hard fields": 1.0, "fraction i frozen": 1.0, "fraction j frozen": 1.0, "fraction config forbidden": 1.0}