{"replicated free entropy": 0.13652300834655762, "cluster free entropy": -0.003381192684173584, "complexity": 0.1399042010307312, "density": 0.6128629446029663, "entropy": -0.003381192684173584, "replicated free entropy mean": 0.13690584461863448, "replicated free entropy std": 0.0005895554641036181, "cluster free entropy mean": -0.0004752772610361983, "cluster free entropy std": 0.0009341279098863905, "complexity mean": 0.13738112187967066, "complexity std": 0.001043989735172549, "density mean": 0.6102108897232428, "density std": 0.0013416285899233032, "entropy mean": -0.0004752772610361983, "entropy std": 0.0009341279098863905}