Messages,Free entropy density,density,entropy density,stability,physical
"[[0.4578962299771516, 0.31123625650317893], [0.10635159878960568, 0.12451591473006368]]",0.20701364269491984,0.1668119561667385,0.20701364269491984,False,True
