{"Messages": [[0.4578962299771516, 0.31123625650317893], [0.10635159878960568, 0.12451591473006368]], "Free entropy density": 0.20701364269491984, "density": 0.1668119561667385, "entropy density": 0.20701364269491984, "stability": false, "physical": true}