Messages,Free entropy density,density,entropy density,stability,physical
"[[0.3667984650662891, 0.3535589805317727], [0.18105608702603163, 0.0985864673759066]]",0.49859981305557755,0.2707911633298378,0.49859981305557755,False,True
