{"Messages": [[0.3667984650662891, 0.3535589805317727], [0.18105608702603163, 0.0985864673759066]], "Free entropy density": 0.49859981305557755, "density": 0.2707911633298378, "entropy density": 0.49859981305557755, "stability": false, "physical": true}