{"replicated free entropy": 0.21486711502075195, "cluster free entropy": 0.21486806869506836, "complexity": -9.5367431640625e-07, "density": 0.5309873819351196, "entropy": 0.21486806869506836, "replicated free entropy mean": 0.21486711502075195, "replicated free entropy std": 0.0, "cluster free entropy mean": 0.21486806869506836, "cluster free entropy std": 0.0, "complexity mean": -9.5367431640625e-07, "complexity std": 0.0, "density mean": 0.5309873819351196, "density std": 0.0, "entropy mean": 0.21486806869506836, "entropy std": 0.0, "stability": true, "stability non zero": true, "fraction hard fields": 0.0, "fraction i frozen": 0.0, "fraction j frozen": 0.0, "fraction config forbidden": 0.0}