{"replicated free entropy": 0.5400440692901611, "cluster free entropy": 0.5400445461273193, "complexity": -4.76837158203125e-07, "density": 0.40751564502716064, "entropy": 0.5400445461273193, "replicated free entropy mean": 0.5400440692901611, "replicated free entropy std": 0.0, "cluster free entropy mean": 0.5400445461273193, "cluster free entropy std": 0.0, "complexity mean": -4.76837158203125e-07, "complexity std": 0.0, "density mean": 0.40751564502716064, "density std": 0.0, "entropy mean": 0.5400445461273193, "entropy std": 0.0}