{"Messages": [[0.41499682171360325, 0.36243339046030687], [0.13802804867611848, 0.08454173914997112]], "Free entropy density": 0.36179107319282444, "density": 0.20461294419350262, "entropy density": 0.36179107319282444, "stability": false, "physical": true}