{"Messages": [[0.2538361826589452, 0.35393107739434915], [0.2648670856100199, 0.12736565433668567]], "Free entropy density": 0.26096428757177126, "density": 0.4101028530621734, "entropy density": 0.26096428757177126, "stability": false, "physical": true}