{"replicated free entropy": -0.3465125560760498, "cluster free entropy": 0.0, "complexity": -0.3465125560760498, "density": 0.4999926686286926, "entropy": 0.0, "replicated free entropy mean": -0.34659380738328144, "replicated free entropy std": 0.00016597713520866923, "cluster free entropy mean": 0.0, "cluster free entropy std": 0.0, "complexity mean": -0.34659380738328144, "complexity std": 0.00016597713520866923, "density mean": 0.499970489158863, "density std": 0.0003889422806346842, "entropy mean": 0.0, "entropy std": 0.0, "stability": true, "stability non zero": true, "fraction hard fields": 1.0, "fraction i frozen": 1.0, "fraction j frozen": 1.0, "fraction config forbidden": 1.0}