Messages,Free entropy density,density,entropy density,stability,physical
"[[0.42011907055722675, 0.42011907055722675], [0.15976185888305122, 2.4953264941972137e-12]]",0.40122466916817356,0.21599867044632426,0.40122466916817356,False,True
