{"Messages": [[0.42011907055722675, 0.42011907055722675], [0.15976185888305122, 2.4953264941972137e-12]], "Free entropy density": 0.40122466916817356, "density": 0.21599867044632426, "entropy density": 0.40122466916817356, "stability": false, "physical": true}