Messages,Free entropy density,density,entropy density,stability,physical
"[[0.460027670976262, 0.3095778165998505], [0.13880469950601942, 0.09158981291786808]]",0.29027636463506523,0.1678658779352653,0.29027636463506523,False,True
