{"Messages": [[0.460027670976262, 0.3095778165998505], [0.13880469950601942, 0.09158981291786808]], "Free entropy density": 0.29027636463506523, "density": 0.1678658779352653, "entropy density": 0.29027636463506523, "stability": false, "physical": true}