{"replicated free entropy": 0.34537577629089355, "cluster free entropy": 0.34537768363952637, "complexity": -1.9073486328125e-06, "density": 0.27138200402259827, "entropy": 0.34537768363952637, "replicated free entropy mean": 0.34537577629089355, "replicated free entropy std": 0.0, "cluster free entropy mean": 0.34537768363952637, "cluster free entropy std": 0.0, "complexity mean": -1.9073486328125e-06, "complexity std": 0.0, "density mean": 0.27138200402259827, "density std": 0.0, "entropy mean": 0.34537768363952637, "entropy std": 0.0}