Messages,Free entropy density,density,entropy density,stability,physical
"[[0.3638421683666162, 0.3340048637396126], [0.14600290906111002, 0.15615005883266111]]",0.3483678601085338,0.2876518543985265,0.3483678601085338,True,True
