{"Messages": [[0.3638421683666162, 0.3340048637396126], [0.14600290906111002, 0.15615005883266111]], "Free entropy density": 0.3483678601085338, "density": 0.2876518543985265, "entropy density": 0.3483678601085338, "stability": true, "physical": true, "stability AT": true, "linear stability": true, "non linear stability": true, "eta": [0.0, 1.7784373412842154e-11, 8.703859365508839e-10, 1.3202298548516328e-10, 2.799680927722274e-12, 0.0, 0.0, 0.0, 3.6780192722026074e-11, 0.0, 0.0, 0.0, 2.2964843802293342e-08, 6.361100661837403e-10, 3.106254890360739e-09, 0.9999999722330181], "phi_SP": 0.0, "stability SP": true, "phi_SP_noisy": null}