{"replicated free entropy": 0.06558060646057129, "cluster free entropy": 0.0016341805458068848, "complexity": 0.0639464259147644, "density": 0.39415422081947327, "entropy": 0.0016341805458068848, "replicated free entropy mean": 0.06558060646057129, "replicated free entropy std": 0.0, "cluster free entropy mean": 0.0016341805458068848, "cluster free entropy std": 0.0, "complexity mean": 0.0639464259147644, "complexity std": 0.0, "density mean": 0.39415422081947327, "density std": 0.0, "entropy mean": 0.0016341805458068848, "entropy std": 0.0}