{"Messages": [[0.48568534873877933, 0.31005361714020113], [0.09170645988891687, 0.11255457423210263]], "Free entropy density": 0.19047284689141408, "density": 0.13457389707431813, "entropy density": 0.19047284689141408, "stability": false, "physical": true}