{"Messages": [[0.40726401596638667, 0.2879791474231803], [0.08434713943975156, 0.22040969717068148]], "Free entropy density": 0.1160333605629813, "density": 0.2770485468884202, "entropy density": 0.1160333605629813, "stability": true, "physical": true, "stability AT": true, "linear stability": false, "non linear stability": true, "eta": [0.0, 0.3095551368715873, 0.11846161102680511, 0.0, 6.064523798049732e-26, 0.0, 0.0, 0.0, 0.16752999350425699, 0.0, 0.0, 0.0, 0.40445325859735054, 0.0, 0.0, 0.0], "phi_SP": 0.1160333605629833, "stability SP": false, "phi_SP_noisy": 1.1102230246251565e-16}