{"replicated free entropy": 0.6359782218933105, "cluster free entropy": 0.6359763145446777, "complexity": 1.9073486328125e-06, "density": 0.4999999701976776, "entropy": 0.6359763145446777, "replicated free entropy mean": 0.6359782218933105, "replicated free entropy std": 0.0, "cluster free entropy mean": 0.6359763145446777, "cluster free entropy std": 0.0, "complexity mean": 1.9073486328125e-06, "complexity std": 0.0, "density mean": 0.4999999701976776, "density std": 0.0, "entropy mean": 0.6359763145446777, "entropy std": 0.0}