{"replicated free entropy": 0.2603187561035156, "cluster free entropy": 0.2603189945220947, "complexity": -2.384185791015625e-07, "density": 0.12177105247974396, "entropy": 0.2603189945220947, "replicated free entropy mean": 0.2603187561035156, "replicated free entropy std": 0.0, "cluster free entropy mean": 0.2603189945220947, "cluster free entropy std": 0.0, "complexity mean": -2.384185791015625e-07, "complexity std": 0.0, "density mean": 0.12177105247974396, "density std": 0.0, "entropy mean": 0.2603189945220947, "entropy std": 0.0}