Messages,Free entropy density,density,entropy density,stability,physical
"[[0.0, 0.2581210724402286], [0.43509985888001756, 0.3067790686797538]]",0.2616721273240583,0.6476379912458287,0.2616721273240583,True,True
"[[0.9999999999999976, 6.254821583742434e-16], [1.0543398795221997e-15, 7.433914046296367e-16]]",-9.466330862652142e-30,2.154194612651995e-45,-9.466330862652142e-30,True,True
