{"Messages": [[0.0, 0.2581210724402286], [0.43509985888001756, 0.3067790686797538]], "Free entropy density": 0.2616721273240583, "density": 0.6476379912458287, "entropy density": 0.2616721273240583, "stability": true, "physical": true, "stability AT": true, "linear stability": true, "non linear stability": true, "eta": [0.0, 3.4996011596528423e-12, 2.2724109533769488e-11, 2.7550541499926325e-08, 1.1160118993081306e-09, 0.0, 6.274601639712616e-10, 0.999999970672139, 7.623921487755744e-12, 0.0, 0.0, 0.0, 0.0, 0.0, 0.0, 0.0], "phi_SP": -5.55112384180331e-17, "stability SP": true, "phi_SP_noisy": null}