{"replicated free entropy": -0.13722467422485352, "cluster free entropy": -4.8995018005371094e-05, "complexity": -0.13717567920684814, "density": 0.28728729486465454, "entropy": -4.8995018005371094e-05, "replicated free entropy mean": -0.13704920396572207, "replicated free entropy std": 0.00030790890643343815, "cluster free entropy mean": -2.587713846346227e-06, "cluster free entropy std": 0.0009231592884303836, "complexity mean": -0.13704661625187572, "complexity std": 0.0009603632617697686, "density mean": 0.28790584424646887, "density std": 0.001059455999580602, "entropy mean": -2.587713846346227e-06, "entropy std": 0.0009231592884303836, "stability": true, "stability non zero": true, "fraction hard fields": 0.7603003978729248, "fraction i frozen": 1.0, "fraction j frozen": 0.7603003978729248, "fraction config forbidden": 1.0}