{"replicated free entropy": -0.05997657775878906, "cluster free entropy": 0.0007727146148681641, "complexity": -0.06074929237365723, "density": 0.5888829827308655, "entropy": 0.0007727146148681641, "replicated free entropy mean": -0.059893009139270315, "replicated free entropy std": 0.000274743488542032, "cluster free entropy mean": 0.0003131206442670124, "cluster free entropy std": 0.0005926087932835336, "complexity mean": -0.06020612978353733, "complexity std": 0.0006431558614640945, "density mean": 0.5895368267850178, "density std": 0.0007323313450684094, "entropy mean": 0.0003131206442670124, "entropy std": 0.0005926087932835336, "stability": true, "stability non zero": true, "fraction hard fields": 0.7373288869857788, "fraction i frozen": 1.0, "fraction j frozen": 0.7373288869857788, "fraction config forbidden": 1.0}