Messages,Free entropy density,density,entropy density,stability,physical
"[[0.2515098715836505, 0.3541340630046968], [0.22969274666708644, 0.16466331874456624]]",0.06376053145155058,0.4285863396376371,0.06376053145155058,False,True
"[[0.9999999999999998, 0.0], [0.0, 5.9196772959628655e-22]]",-1.9721522630525295e-31,0,-1.9721522630525295e-31,False,True
