{"Messages": [[0.2515098715836505, 0.3541340630046968], [0.22969274666708644, 0.16466331874456624]], "Free entropy density": 0.06376053145155058, "density": 0.4285863396376371, "entropy density": 0.06376053145155058, "stability": false, "physical": true}