{"replicated free entropy": 0.5154919624328613, "cluster free entropy": 0.5154905319213867, "complexity": 1.430511474609375e-06, "density": 0.7020848393440247, "entropy": 0.5154905319213867, "replicated free entropy mean": 0.5154919624328613, "replicated free entropy std": 0.0, "cluster free entropy mean": 0.5154905319213867, "cluster free entropy std": 0.0, "complexity mean": 1.430511474609375e-06, "complexity std": 0.0, "density mean": 0.7020848393440247, "density std": 0.0, "entropy mean": 0.5154905319213867, "entropy std": 0.0}