{"replicated free entropy": 0.05920839309692383, "cluster free entropy": 0.055516600608825684, "complexity": 0.0036917924880981445, "density": 0.3471297025680542, "entropy": 0.055516600608825684, "replicated free entropy mean": 0.05939211496492711, "replicated free entropy std": 0.00034603360119360335, "cluster free entropy mean": 0.05574659312643656, "cluster free entropy std": 0.0004241869190862313, "complexity mean": 0.0036455218384905557, "complexity std": 0.00038195029755564455, "density mean": 0.3469111730412739, "density std": 0.0006723453334158687, "entropy mean": 0.05574659312643656, "entropy std": 0.0004241869190862313}