{"replicated free entropy": -0.07796597480773926, "cluster free entropy": 0.0, "complexity": -0.07796597480773926, "density": 0.4044589102268219, "entropy": 0.0, "replicated free entropy mean": -0.07735318672366259, "replicated free entropy std": 0.00033683002952713783, "cluster free entropy mean": 0.0, "cluster free entropy std": 0.0, "complexity mean": -0.07735318672366259, "complexity std": 0.00033683002952713783, "density mean": 0.4046644953692832, "density std": 0.0007523625432911389, "entropy mean": 0.0, "entropy std": 0.0, "stability": true, "stability non zero": true, "fraction hard fields": 1.0, "fraction i frozen": 1.0, "fraction j frozen": 1.0, "fraction config forbidden": 1.0}