{"replicated free entropy": 0.43714356422424316, "cluster free entropy": 0.4371449947357178, "complexity": -1.430511474609375e-06, "density": 0.48189136385917664, "entropy": 0.4371449947357178, "replicated free entropy mean": 0.4371436456354653, "replicated free entropy std": 1.1305821869561486e-07, "cluster free entropy mean": 0.437145157558162, "cluster free entropy std": 2.2611643739122976e-07, "complexity mean": -1.511922696741616e-06, "complexity std": 1.1305821869561488e-07, "density mean": 0.4818913435063711, "density std": 2.8264554673903716e-08, "entropy mean": 0.437145157558162, "entropy std": 2.2611643739122976e-07}