{"Messages": [[0.3431635574368386, 0.2533282927603456], [0.1935958388179243, 0.20991231098489158]], "Free entropy density": 0.5022926368469718, "density": 0.35822445873297754, "entropy density": 0.5022926368469718, "stability": false, "physical": true}