Messages,Free entropy density,density,entropy density,stability,physical
"[[0.09129069540473629, 0.1355859466483098], [0.3076072463656673, 0.4655161115812866]]",0.2880233594087711,0.8377675031634001,0.2880233594087711,False,True
"[[0.44901972097952625, 0.30608192433783576], [0.11184726139456626, 0.13305109328807174]]",0.21101144332157817,0.18046836501418442,0.21101144332157817,False,True
