{"Messages": [[0.09129069540473629, 0.1355859466483098], [0.3076072463656673, 0.4655161115812866]], "Free entropy density": 0.2880233594087711, "density": 0.8377675031634001, "entropy density": 0.2880233594087711, "stability": false, "physical": true}