{"Messages": [[0.4034951898196314, 0.3514646415156253], [0.12434416362931405, 0.1206960050354293]], "Free entropy density": 0.3063937818495872, "density": 0.22006900814093913, "entropy density": 0.3063937818495872, "stability": false, "physical": true}