{"replicated free entropy": -0.03220248222351074, "cluster free entropy": -0.000584721565246582, "complexity": -0.03161776065826416, "density": 0.5001851320266724, "entropy": -0.000584721565246582, "replicated free entropy mean": -0.031756488288321144, "replicated free entropy std": 0.00019779485333347674, "cluster free entropy mean": 8.533349851282632e-05, "cluster free entropy std": 0.00033262093804501346, "complexity mean": -0.03184182178683397, "complexity std": 0.00033764820178347666, "density mean": 0.5000663363352055, "density std": 0.00041027607544352724, "entropy mean": 8.533349851282632e-05, "entropy std": 0.00033262093804501346, "stability": true, "stability non zero": true, "fraction hard fields": 0.3950332999229431, "fraction i frozen": 1.0, "fraction j frozen": 0.3950332999229431, "fraction config forbidden": 1.0}