{"Messages": [[0.4387750987842192, 0.3041684838183659], [0.12125747876476714, 0.13579893863264778]], "Free entropy density": 0.24433921405024073, "density": 0.19430333289719504, "entropy density": 0.24433921405024073, "stability": true, "physical": true, "stability AT": true, "linear stability": true, "non linear stability": true, "eta": [0.0, 1.2273817580052803e-11, 5.597088904590424e-10, 3.7295236148014536e-10, 8.628163559599481e-12, 0.0, 0.0, 0.0, 1.2535372986241381e-10, 0.0, 4.073529334854387e-11, 0.0, 1.9873335568457317e-08, 5.042927229331674e-10, 8.057604685715458e-09, 0.9999999704451148], "phi_SP": 2.2204460492503128e-16, "stability SP": true, "phi_SP_noisy": null}