{"replicated free entropy": 0.6650018692016602, "cluster free entropy": 0.6650030612945557, "complexity": -1.1920928955078125e-06, "density": 0.5423862934112549, "entropy": 0.6650030612945557, "replicated free entropy mean": 0.6650018692016602, "replicated free entropy std": 0.0, "cluster free entropy mean": 0.6650030612945557, "cluster free entropy std": 0.0, "complexity mean": -1.1920928955078125e-06, "complexity std": 0.0, "density mean": 0.5423862934112549, "density std": 0.0, "entropy mean": 0.6650030612945557, "entropy std": 0.0}