Messages,Free entropy density,density,entropy density,stability,physical
"[[0.500000000000136, 0.4999999999997711], [5.164499756173851e-15, 8.779649585495552e-14]]",-4.440892098500626e-16,0,-4.440892098500626e-16,True,True
