{"Messages": [[0.500000000000136, 0.4999999999997711], [5.164499756173851e-15, 8.779649585495552e-14]], "Free entropy density": -4.440892098500626e-16, "density": 0, "entropy density": -4.440892098500626e-16, "stability": true, "physical": true, "stability AT": true, "linear stability": true, "non linear stability": true, "eta": [0.0, 5.928554968950619e-10, 5.928554968950619e-10, 0.0, 5.928554968950619e-10, 0.0, 0.0, 0.0, 2.7408934051717204e-08, 0.0, 0.0, 0.0, 0.9999999708124994, 0.0, 0.0, 0.0], "phi_SP": -2.108866779611586e-18, "stability SP": true, "phi_SP_noisy": null}