{"replicated free entropy": 0.18927574157714844, "cluster free entropy": 0.18927574157714844, "complexity": 0.0, "density": 0.6779534220695496, "entropy": 0.18927574157714844, "replicated free entropy mean": 0.18927574157714844, "replicated free entropy std": 0.0, "cluster free entropy mean": 0.18927574157714844, "cluster free entropy std": 0.0, "complexity mean": 0.0, "complexity std": 0.0, "density mean": 0.6779534220695496, "density std": 0.0, "entropy mean": 0.18927574157714844, "entropy std": 0.0, "stability": true, "stability non zero": true, "fraction hard fields": 0.0, "fraction i frozen": 0.0, "fraction j frozen": 0.0, "fraction config forbidden": 1.0}