{"Messages": [[0.0, 0.18721659864314893], [0.36192376701013185, 0.45085963434671916]], "Free entropy density": -0.29110316603236885, "density": 0.7999999999999999, "entropy density": -0.29110316603236885, "stability": true, "physical": true, "stability AT": true, "linear stability": false, "non linear stability": true, "eta": [0.0, 0.3338605303212213, 0.2108246384816478, 0.0, 0.17623315485351082, 0.0, 0.0, 0.0, 0.2790816763436201, 0.0, 0.0, 0.0, 0.0, 0.0, 0.0, 0.0], "phi_SP": -0.40126470223390376, "stability SP": true, "phi_SP_noisy": null}