Messages,Free entropy density,density,entropy density,stability,physical
"[[0.21890487743913867, 0.35667993616771587], [0.2514956828577183, 0.17291950353542707]]",0.019974430670615106,0.464976148181822,0.019974430670615106,True,True
