{"Messages": [[0.21890487743913867, 0.35667993616771587], [0.2514956828577183, 0.17291950353542707]], "Free entropy density": 0.019974430670615106, "density": 0.464976148181822, "entropy density": 0.019974430670615106, "stability": true, "physical": true, "stability AT": true, "linear stability": false, "non linear stability": true, "eta": [0.0, 0.22138084709305686, 0.32197829726051086, 0.0, 0.1763870600378391, 0.0, 0.0, 0.0, 2.1062458333711527e-08, 0.0, 0.0, 0.0, 0.28025377454613476, 0.0, 0.0, 0.0], "phi_SP": 0.01997443067061422, "stability SP": true, "phi_SP_noisy": null}