{"Messages": [[0.0, 0.0], [0.0, 1.0]], "Free entropy density": 0.0, "density": 1.0, "entropy density": 0.0, "stability": true, "physical": true, "stability AT": true, "linear stability": true, "non linear stability": true, "eta": [0.0, 1.3823167082371538e-08, 5.521397077432476e-09, 0.0, 5.521397077432476e-09, 0.0, 0.0, 0.0, 5.521397077432476e-09, 0.0, 0.0, 0.0, 0.9999999696126418, 0.0, 0.0, 0.0], "phi_SP": -1.7274017364156307e-16, "stability SP": true, "phi_SP_noisy": null}