{"replicated free entropy": 0.49860048294067383, "cluster free entropy": 0.49860072135925293, "complexity": -2.384185791015625e-07, "density": 0.2707909345626831, "entropy": 0.49860072135925293, "replicated free entropy mean": 0.49860048294067383, "replicated free entropy std": 0.0, "cluster free entropy mean": 0.49860072135925293, "cluster free entropy std": 0.0, "complexity mean": -2.384185791015625e-07, "complexity std": 0.0, "density mean": 0.2707909345626831, "density std": 0.0, "entropy mean": 0.49860072135925293, "entropy std": 0.0}