{"replicated free entropy": -0.13132309913635254, "cluster free entropy": 0.0, "complexity": -0.13132309913635254, "density": 0.727909505367279, "entropy": 0.0, "replicated free entropy mean": -0.13095912119237388, "replicated free entropy std": 0.00026779080493713497, "cluster free entropy mean": 0.0, "cluster free entropy std": 0.0, "complexity mean": -0.13095912119237388, "complexity std": 0.00026779080493713497, "density mean": 0.7271096866305281, "density std": 0.0005537687632088388, "entropy mean": 0.0, "entropy std": 0.0, "stability": true, "stability non zero": true, "fraction hard fields": 1.0, "fraction i frozen": 1.0, "fraction j frozen": 1.0, "fraction config forbidden": 1.0}