{"replicated free entropy": 0.2615351676940918, "cluster free entropy": 0.26153361797332764, "complexity": 1.5497207641601562e-06, "density": 0.12385804206132889, "entropy": 0.26153361797332764, "replicated free entropy mean": 0.2615351676940918, "replicated free entropy std": 0.0, "cluster free entropy mean": 0.26153350748666904, "cluster free entropy std": 1.1888974061978081e-07, "complexity mean": 1.6602074227681975e-06, "complexity std": 1.188897406197808e-07, "density mean": 0.12385804206132889, "density std": 0.0, "entropy mean": 0.26153350748666904, "entropy std": 1.1888974061978081e-07}