Messages,Free entropy density,density,entropy density,stability,physical
"[[0.1758131459611528, 0.24110299248653366], [0.3013063621659439, 0.28177749938636965]]",0.5153756730930126,0.5948517058647634,0.5153756730930126,True,True
