{"Messages": [[0.1758131459611528, 0.24110299248653366], [0.3013063621659439, 0.28177749938636965]], "Free entropy density": 0.5153756730930126, "density": 0.5948517058647634, "entropy density": 0.5153756730930126, "stability": true, "physical": true, "stability AT": true, "linear stability": false, "non linear stability": true, "eta": [0.0, 1.3048018838650203e-10, 1.3038174988439992e-10, 2.020677027328533e-08, 1.540549636977015e-10, 1.9848789009856348e-11, 0.0, 1.0588722174613052e-09, 2.085924839766527e-11, 0.0, 0.0, 0.0, 1.0146597139772025e-08, 3.830852281747705e-12, 2.2121148339214882e-10, 0.999999967907093], "phi_SP": 1.110223024625156e-16, "stability SP": true, "phi_SP_noisy": null}