{"replicated free entropy": -0.28542542457580566, "cluster free entropy": 0.0, "complexity": -0.28542542457580566, "density": 0.36102786660194397, "entropy": 0.0, "replicated free entropy mean": -0.28603090309515233, "replicated free entropy std": 0.0003126174634394711, "cluster free entropy mean": 0.0, "cluster free entropy std": 0.0, "complexity mean": -0.28603090309515233, "complexity std": 0.0003126174634394711, "density mean": 0.36113151762543655, "density std": 0.0007595274827718988, "entropy mean": 0.0, "entropy std": 0.0, "stability": true, "stability non zero": true, "fraction hard fields": 1.0, "fraction i frozen": 1.0, "fraction j frozen": 1.0, "fraction config forbidden": 1.0}