Messages,Free entropy density,density,entropy density,stability,physical
"[[0.2868975161570397, 0.3629652159534326], [0.19610385405243116, 0.1540334138370965]]",0.2229790542223693,0.3820747737737122,0.2229790542223693,True,True
