{"Messages": [[0.2868975161570397, 0.3629652159534326], [0.19610385405243116, 0.1540334138370965]], "Free entropy density": 0.2229790542223693, "density": 0.3820747737737122, "entropy density": 0.2229790542223693, "stability": true, "physical": true, "stability AT": true, "linear stability": false, "non linear stability": true, "eta": [0.0, 5.185516316005006e-13, 5.4477224759801494e-11, 7.148921642740151e-10, 9.695532053689864e-14, 9.69805517820942e-12, 0.0, 1.1804181536222752e-11, 1.3221119375805079e-14, 0.0, 0.0, 0.0, 2.6247832319812765e-09, 8.952049874680061e-11, 2.5936746527892844e-08, 0.9999999705574493], "phi_SP": -9.860761315262648e-32, "stability SP": true, "phi_SP_noisy": null}