Messages,Free entropy density,density,entropy density,stability,physical
"[[0.2714433794217228, 0.2714433794217228], [0.2391205334321138, 0.2179927077244405]]",0.6695151742322416,0.44789075115438887,0.6695151742322416,False,True
