{"Messages": [[0.2714433794217228, 0.2714433794217228], [0.2391205334321138, 0.2179927077244405]], "Free entropy density": 0.6695151742322416, "density": 0.44789075115438887, "entropy density": 0.6695151742322416, "stability": false, "physical": true}