{"replicated free entropy": 0.22968220710754395, "cluster free entropy": 0.22968053817749023, "complexity": 1.6689300537109375e-06, "density": 0.6987394690513611, "entropy": 0.22968053817749023, "replicated free entropy mean": 0.22968220710754395, "replicated free entropy std": 0.0, "cluster free entropy mean": 0.22968053817749023, "cluster free entropy std": 0.0, "complexity mean": 1.6689300537109375e-06, "complexity std": 0.0, "density mean": 0.6987394690513611, "density std": 0.0, "entropy mean": 0.22968053817749023, "entropy std": 0.0}