{"replicated free entropy": 0.45781850814819336, "cluster free entropy": 0.45781826972961426, "complexity": 2.384185791015625e-07, "density": 0.5501892566680908, "entropy": 0.45781826972961426, "replicated free entropy mean": 0.45781850814819336, "replicated free entropy std": 0.0, "cluster free entropy mean": 0.45781826972961426, "cluster free entropy std": 0.0, "complexity mean": 2.384185791015625e-07, "complexity std": 0.0, "density mean": 0.5501892566680908, "density std": 0.0, "entropy mean": 0.45781826972961426, "entropy std": 0.0}