{"replicated free entropy": 0.3617360591888428, "cluster free entropy": 0.3077199459075928, "complexity": 0.05401611328125, "density": 0.20492342114448547, "entropy": 0.3077199459075928, "replicated free entropy mean": 0.36177778825527285, "replicated free entropy std": 0.00018255859789137352, "cluster free entropy mean": 0.30693614192125274, "cluster free entropy std": 0.0006491723426520358, "complexity mean": 0.054841646334020104, "complexity std": 0.0006361319749991961, "density mean": 0.20517074044157818, "density std": 0.00036643610461709465, "entropy mean": 0.30693614192125274, "entropy std": 0.0006491723426520358}