{"Messages": [[0.9999999999999998, 2.0677968485267117e-16], [1.1674504975773822e-18, 0.0]], "Free entropy density": 0.0, "density": 0, "entropy density": 0.0, "stability": true, "physical": true, "stability AT": true, "linear stability": true, "non linear stability": true, "eta": [0.0, 0.41059329929845967, 0.34526643350634273, 0.0, 0.24414023643422691, 0.0, 0.0, 0.0, 3.0760970728607005e-08, 0.0, 0.0, 0.0, 0.0, 0.0, 0.0, 0.0], "phi_SP": -0.17328679513999035, "stability SP": true, "phi_SP_noisy": null}