{"replicated free entropy": 0.39688825607299805, "cluster free entropy": 0.3968883752822876, "complexity": -1.1920928955078125e-07, "density": 0.20962375402450562, "entropy": 0.3968883752822876, "replicated free entropy mean": 0.39688825607299805, "replicated free entropy std": 0.0, "cluster free entropy mean": 0.3968883752822876, "cluster free entropy std": 0.0, "complexity mean": -1.1920928955078125e-07, "complexity std": 0.0, "density mean": 0.20962375402450562, "density std": 0.0, "entropy mean": 0.3968883752822876, "entropy std": 0.0}