{"Messages": [[0.34835142058475266, 0.3150430048957119], [0.15593596890979178, 0.18066960560974366]], "Free entropy density": 0.374006175403389, "density": 0.32416339902697217, "entropy density": 0.374006175403389, "stability": true, "physical": true, "stability AT": true, "linear stability": true, "non linear stability": true, "eta": [0.0, 1.1756393937894456e-10, 2.945016901573049e-10, 5.331747833531632e-09, 8.543948143683696e-12, 0.0, 0.0, 0.0, 1.5372489561887107e-10, 5.256364841846487e-11, 0.0, 0.0, 1.9519763383805252e-08, 1.617007290901144e-09, 5.950593587321683e-10, 0.9999999723095239], "phi_SP": 5.551115123125783e-17, "stability SP": true, "phi_SP_noisy": null}