{"replicated free entropy": 0.23593175411224365, "cluster free entropy": 0.2359318733215332, "complexity": -1.1920928955078125e-07, "density": 0.178086057305336, "entropy": 0.2359318733215332, "replicated free entropy mean": 0.23593175411224365, "replicated free entropy std": 0.0, "cluster free entropy mean": 0.2359318733215332, "cluster free entropy std": 0.0, "complexity mean": -1.1920928955078125e-07, "complexity std": 0.0, "density mean": 0.178086057305336, "density std": 0.0, "entropy mean": 0.2359318733215332, "entropy std": 0.0, "stability": true, "stability non zero": true, "fraction hard fields": 0.0, "fraction i frozen": 0.0, "fraction j frozen": 0.0, "fraction config forbidden": 0.0}