{"Messages": [[0.20902895468745072, 0.22757123813279279], [0.2697361904610578, 0.2936636167186986]], "Free entropy density": 0.3423187435433479, "density": 0.5841813335280698, "entropy density": 0.3423187435433479, "stability": false, "physical": true}