{"replicated free entropy": 0.23651862144470215, "cluster free entropy": 0.0003374814987182617, "complexity": 0.2361811399459839, "density": 0.3469175398349762, "entropy": 0.0003374814987182617, "replicated free entropy mean": 0.23651862144470215, "replicated free entropy std": 0.0, "cluster free entropy mean": 0.0003374814987182617, "cluster free entropy std": 0.0, "complexity mean": 0.2361811399459839, "complexity std": 0.0, "density mean": 0.3469175398349762, "density std": 0.0, "entropy mean": 0.0003374814987182617, "entropy std": 0.0}