{"replicated free entropy": -0.30640506744384766, "cluster free entropy": 0.0, "complexity": -0.30640506744384766, "density": 0.35600635409355164, "entropy": 0.0, "replicated free entropy mean": -0.3065993553254662, "replicated free entropy std": 0.00035481545308304414, "cluster free entropy mean": 0.0, "cluster free entropy std": 0.0, "complexity mean": -0.3065993553254662, "complexity std": 0.00035481545308304414, "density mean": 0.3563136916335036, "density std": 0.0015448227559700521, "entropy mean": 0.0, "entropy std": 0.0, "stability": true, "stability non zero": true, "fraction hard fields": 1.0, "fraction i frozen": 1.0, "fraction j frozen": 1.0, "fraction config forbidden": 1.0}