{"Messages": [[0.0, 0.2134155338223615], [0.4361440564144887, 0.35044040976314983]], "Free entropy density": 0.22968264486411583, "density": 0.6987396040529967, "entropy density": 0.22968264486411583, "stability": false, "physical": true}