{"replicated free entropy": 0.07590985298156738, "cluster free entropy": -0.00017455220222473145, "complexity": 0.07608440518379211, "density": 0.40779179334640503, "entropy": -0.00017455220222473145, "replicated free entropy mean": 0.07685675272127478, "replicated free entropy std": 0.0008121813683588544, "cluster free entropy mean": 9.03875362582323e-05, "cluster free entropy std": 0.0005511858695182184, "complexity mean": 0.07676636518501653, "complexity std": 0.0008653260572939573, "density mean": 0.4075869314554261, "density std": 0.0018321792244860942, "entropy mean": 9.03875362582323e-05, "entropy std": 0.0005511858695182184}