{"Messages": [[0.42898456141398744, 0.22997251837116822], [0.18561586098525912, 0.15542705922958527]], "Free entropy density": 0.38996607539948247, "density": 0.22770294935945337, "entropy density": 0.38996607539948247, "stability": true, "physical": true, "stability AT": true, "linear stability": true, "non linear stability": true, "eta": [0.0, 2.799680927722274e-12, 1.826435275120812e-11, 2.8664545142146954e-10, 2.799680927722274e-12, 0.0, 0.0, 0.0, 9.582034942519808e-10, 0.0, 2.4742717822232377e-11, 7.246367339853301e-09, 2.5883292534611483e-08, 0.0, 4.194029747258968e-11, 0.9999999655349444], "phi_SP": -1.1102230246251565e-16, "stability SP": true, "phi_SP_noisy": null}