{"replicated free entropy": -0.1745285987854004, "cluster free entropy": 0.0, "complexity": -0.1745285987854004, "density": 0.33317145705223083, "entropy": 0.0, "replicated free entropy mean": -0.17448663711547852, "replicated free entropy std": 0.0002845961626576265, "cluster free entropy mean": 0.0, "cluster free entropy std": 0.0, "complexity mean": -0.17448663711547852, "complexity std": 0.0002845961626576265, "density mean": 0.3332844827233291, "density std": 0.0005305864387376737, "entropy mean": 0.0, "entropy std": 0.0, "stability": true, "stability non zero": true, "fraction hard fields": 1.0, "fraction i frozen": 1.0, "fraction j frozen": 1.0, "fraction config forbidden": 1.0}