{"Messages": [[0.43679547474967917, 0.304157340389967], [0.08748867635763836, 0.17155850850271542]], "Free entropy density": 0.11564738151738263, "density": 0.2049516452300931, "entropy density": 0.11564738151738263, "stability": false, "physical": true}