{"replicated free entropy": -0.10154366493225098, "cluster free entropy": 0.00011564791202545166, "complexity": -0.10165931284427643, "density": 0.3001158535480499, "entropy": 0.00011564791202545166, "replicated free entropy mean": -0.10145579896322111, "replicated free entropy std": 0.0003120107004046061, "cluster free entropy mean": 3.939212822332615e-05, "cluster free entropy std": 0.0001242332597074942, "complexity mean": -0.10149519109144443, "complexity std": 0.0003021586026953728, "density mean": 0.3005556064408, "density std": 0.0005871712691587284, "entropy mean": 3.939212822332615e-05, "entropy std": 0.0001242332597074942, "stability": true, "stability non zero": true, "fraction hard fields": 0.9091802835464478, "fraction i frozen": 0.9993547201156616, "fraction j frozen": 0.9091930985450745, "fraction config forbidden": 1.0}