Messages,Free entropy density,density,entropy density,stability,physical
"[[0.9999999999997946, 1.673491169017108e-13], [2.1153791001288098e-15, 3.5961444702189784e-14]]",-6.331082080941752e-26,0,-6.331082080941752e-26,True,True
