{"Messages": [[0.9999999999997946, 1.673491169017108e-13], [2.1153791001288098e-15, 3.5961444702189784e-14]], "Free entropy density": -6.331082080941752e-26, "density": 0, "entropy density": -6.331082080941752e-26, "stability": true, "physical": true, "stability AT": true, "linear stability": true, "non linear stability": true, "eta": [0.0, 5.928554968950619e-10, 5.928554968950619e-10, 0.0, 2.849628930814831e-08, 0.0, 0.0, 0.0, 0.9999999697014983, 0.0, 0.0, 0.0, 6.165015199537362e-10, 0.0, 0.0, 0.0], "phi_SP": 1.217582597805067e-16, "stability SP": true, "phi_SP_noisy": null}