{"replicated free entropy": -0.4008302688598633, "cluster free entropy": 0.0, "complexity": -0.4008302688598633, "density": 0.562792956829071, "entropy": 0.0, "replicated free entropy mean": -0.4011858963384861, "replicated free entropy std": 0.0004095558334758625, "cluster free entropy mean": 0.0, "cluster free entropy std": 0.0, "complexity mean": -0.4011858963384861, "complexity std": 0.0004095558334758625, "density mean": 0.563595992762868, "density std": 0.0018321919207918748, "entropy mean": 0.0, "entropy std": 0.0, "stability": true, "stability non zero": true, "fraction hard fields": 1.0, "fraction i frozen": 1.0, "fraction j frozen": 1.0, "fraction config forbidden": 1.0}