Messages,Free entropy density,density,entropy density,stability,physical
"[[0.2577213436650691, 0.3093499229129587], [0.257487033887572, 0.1754416995344]]",0.25664667153567544,0.43052730791563915,0.25664667153567544,False,True
"[[0.9999999999999998, 4.273818852069048e-20], [2.6791992409320797e-22, 1.9965682885895437e-22]]",-1.9721522630525295e-31,3.3986400267155075e-78,-1.9721522630525295e-31,False,True
