{"Messages": [[0.2577213436650691, 0.3093499229129587], [0.257487033887572, 0.1754416995344]], "Free entropy density": 0.25664667153567544, "density": 0.43052730791563915, "entropy density": 0.25664667153567544, "stability": false, "physical": true}