{"replicated free entropy": 0.3603785037994385, "cluster free entropy": 0.36037755012512207, "complexity": 9.5367431640625e-07, "density": 0.4188668727874756, "entropy": 0.36037755012512207, "replicated free entropy mean": 0.3603785037994385, "replicated free entropy std": 0.0, "cluster free entropy mean": 0.36037755012512207, "cluster free entropy std": 0.0, "complexity mean": 9.5367431640625e-07, "complexity std": 0.0, "density mean": 0.4188668727874756, "density std": 0.0, "entropy mean": 0.36037755012512207, "entropy std": 0.0}