{"Messages": [[0.2694401769138303, 0.24800113839860813], [0.2033543144479471, 0.2792043702396145]], "Free entropy density": 0.44476670051265144, "density": 0.5106537449699622, "entropy density": 0.44476670051265144, "stability": false, "physical": true}