{"replicated free entropy": 0.19182300567626953, "cluster free entropy": 0.19182515144348145, "complexity": -2.1457672119140625e-06, "density": 0.1424313336610794, "entropy": 0.19182515144348145, "replicated free entropy mean": 0.19182300567626953, "replicated free entropy std": 0.0, "cluster free entropy mean": 0.19182516307365605, "cluster free entropy std": 5.135746040767488e-08, "complexity mean": -2.1573973865043826e-06, "complexity std": 5.135746040767488e-08, "density mean": 0.1424313336610794, "density std": 0.0, "entropy mean": 0.19182516307365605, "entropy std": 5.135746040767488e-08}