{"Messages": [[0.4667035833396871, 0.2752405441818402], [0.1623243528995492, 0.09573151957892344]], "Free entropy density": 0.3414674856424085, "density": 0.17020900559397809, "entropy density": 0.3414674856424085, "stability": true, "physical": true, "stability AT": true, "linear stability": true, "non linear stability": true, "eta": [0.0, 4.6970851655477e-13, 2.6775874083705925e-11, 2.576369031925874e-11, 4.6970851655477e-13, 0.0, 0.0, 0.0, 7.684091603944327e-10, 0.0, 7.003315108551773e-10, 0.0, 2.731446854047118e-08, 0.0, 0.0, 0.9999999711633119], "phi_SP": 0.0, "stability SP": true, "phi_SP_noisy": null}