{"Messages": [[0.29818375413212583, 0.29818375413212583], [0.16135132277701308, 0.2422811689587352]], "Free entropy density": 0.2886749074082373, "density": 0.4380462919265045, "entropy density": 0.2886749074082373, "stability": false, "physical": true}