Messages,Free entropy density,density,entropy density,stability,physical
"[[0.3223411667906407, 0.26833390441056526], [0.22337539127422348, 0.18594953752457055]]",0.5975353877306426,0.3658330477950039,0.5975353877306426,True,True
