{"Messages": [[0.3223411667906407, 0.26833390441056526], [0.22337539127422348, 0.18594953752457055]], "Free entropy density": 0.5975353877306426, "density": 0.3658330477950039, "entropy density": 0.5975353877306426, "stability": true, "physical": true, "stability AT": true, "linear stability": true, "non linear stability": true, "eta": [0.0, 5.092589940836246e-11, 1.4383051479506797e-10, 4.768026322154118e-09, 5.092589940836246e-11, 0.0, 0.0, 0.0, 2.3989768943064716e-10, 0.0, 2.0619421738507166e-10, 0.0, 2.570579574387269e-08, 0.0, 0.0, 0.9999999688344038], "phi_SP": -1.1102230246251563e-16, "stability SP": true, "phi_SP_noisy": null}