{"replicated free entropy": 0.44258880615234375, "cluster free entropy": 0.44259023666381836, "complexity": -1.430511474609375e-06, "density": 0.2260890007019043, "entropy": 0.44259023666381836, "replicated free entropy mean": 0.44258880615234375, "replicated free entropy std": 0.0, "cluster free entropy mean": 0.44259023666381836, "cluster free entropy std": 0.0, "complexity mean": -1.430511474609375e-06, "complexity std": 0.0, "density mean": 0.2260890007019043, "density std": 0.0, "entropy mean": 0.44259023666381836, "entropy std": 0.0}