{"replicated free entropy": -0.13367366790771484, "cluster free entropy": 0.0006017982959747314, "complexity": -0.13427546620368958, "density": 0.7196024656295776, "entropy": 0.0006017982959747314, "replicated free entropy mean": -0.13373332488827588, "replicated free entropy std": 0.00030033824145127904, "cluster free entropy mean": 0.0006059786168540396, "cluster free entropy std": 0.00022744206733902998, "complexity mean": -0.13433930350512993, "complexity std": 0.00041230016430791124, "density mean": 0.7200812581108837, "density std": 0.0007158969371614532, "entropy mean": 0.0006059786168540396, "entropy std": 0.00022744206733902998, "stability": true, "stability non zero": true, "fraction hard fields": 0.843754231929779, "fraction i frozen": 0.9959940910339355, "fraction j frozen": 0.8440226316452026, "fraction config forbidden": 1.0}