{"Messages": [[0.4765125100853177, 0.31683221838494413], [0.13066577880653177, 0.07598949272320638]], "Free entropy density": 0.28217441844890034, "density": 0.1494550911923297, "entropy density": 0.28217441844890034, "stability": false, "physical": true}