{"replicated free entropy": 0.37400686740875244, "cluster free entropy": 0.37400591373443604, "complexity": 9.5367431640625e-07, "density": 0.3241634964942932, "entropy": 0.37400591373443604, "replicated free entropy mean": 0.37400686740875244, "replicated free entropy std": 0.0, "cluster free entropy mean": 0.37400591373443604, "cluster free entropy std": 0.0, "complexity mean": 9.5367431640625e-07, "complexity std": 0.0, "density mean": 0.3241634964942932, "density std": 0.0, "entropy mean": 0.37400591373443604, "entropy std": 0.0, "stability": true, "stability non zero": true, "fraction hard fields": 0.0, "fraction i frozen": 0.0, "fraction j frozen": 0.0, "fraction config forbidden": 0.0}