{"Messages": [[0.12086540650380104, 0.2453541323755641], [0.317527794219384, 0.316252666901251]], "Free entropy density": 0.03290619143817697, "density": 0.6579056841519525, "entropy density": 0.03290619143817697, "stability": false, "physical": true}