{"Messages": [[0.3549649729363843, 0.286689753490925], [0.17752021796619882, 0.18082505560649176]], "Free entropy density": 0.4525916378426933, "density": 0.32090583646452153, "entropy density": 0.4525916378426933, "stability": false, "physical": true}