{"replicated free entropy": 0.1955273151397705, "cluster free entropy": 0.19552898406982422, "complexity": -1.6689300537109375e-06, "density": 0.4047185480594635, "entropy": 0.19552898406982422, "replicated free entropy mean": 0.1955273151397705, "replicated free entropy std": 0.0, "cluster free entropy mean": 0.19552898406982422, "cluster free entropy std": 0.0, "complexity mean": -1.6689300537109375e-06, "complexity std": 0.0, "density mean": 0.4047185480594635, "density std": 0.0, "entropy mean": 0.19552898406982422, "entropy std": 0.0, "stability": true, "stability non zero": true, "fraction hard fields": 0.0, "fraction i frozen": 0.0, "fraction j frozen": 0.0, "fraction config forbidden": 0.0}