{"replicated free entropy": 0.5596158504486084, "cluster free entropy": 0.5596170425415039, "complexity": -1.1920928955078125e-06, "density": 0.5000000596046448, "entropy": 0.5596170425415039, "replicated free entropy mean": 0.5596158504486084, "replicated free entropy std": 0.0, "cluster free entropy mean": 0.5596170425415039, "cluster free entropy std": 0.0, "complexity mean": -1.1920928955078125e-06, "complexity std": 0.0, "density mean": 0.5000000596046448, "density std": 0.0, "entropy mean": 0.5596170425415039, "entropy std": 0.0, "stability": true, "stability non zero": true, "fraction hard fields": 0.0, "fraction i frozen": 0.0, "fraction j frozen": 0.0, "fraction config forbidden": 0.0}