{"replicated free entropy": 0.12213659286499023, "cluster free entropy": -0.000805974006652832, "complexity": 0.12294256687164307, "density": 0.36857709288597107, "entropy": -0.000805974006652832, "replicated free entropy mean": 0.12228809914937834, "replicated free entropy std": 0.0006066082195130688, "cluster free entropy mean": -0.0003682084199858875, "cluster free entropy std": 0.001055403980413176, "complexity mean": 0.12265630756936423, "complexity std": 0.001234266941979605, "density mean": 0.36933663996254523, "density std": 0.0012927318096902214, "entropy mean": -0.0003682084199858875, "entropy std": 0.001055403980413176}