{"replicated free entropy": 0.1761026382446289, "cluster free entropy": 0.011164665222167969, "complexity": 0.16493797302246094, "density": 0.6225524544715881, "entropy": 0.011164665222167969, "replicated free entropy mean": 0.17586988356055283, "replicated free entropy std": 0.0005203280662045112, "cluster free entropy mean": 0.011019971312546149, "cluster free entropy std": 0.000841823676457677, "complexity mean": 0.16484991224800669, "complexity std": 0.0006950011808476485, "density mean": 0.6216069823358117, "density std": 0.0013170553411406968, "entropy mean": 0.011019971312546149, "entropy std": 0.000841823676457677}