{"Messages": [[0.2789373491657805, 0.22106265083307136], [0.22106265083540408, 0.2789373491657441]], "Free entropy density": 0.2691413751747924, "density": 0.499999999995849, "entropy density": 0.2691413751747924, "stability": true, "physical": true, "stability AT": true, "linear stability": false, "non linear stability": true, "eta": [0.0, 1.5421736217966748e-10, 6.394243902873188e-11, 1.5954094761429957e-08, 6.394243902873184e-11, 3.55372883578363e-11, 0.0, 1.5645236706665075e-11, 1.5421736217966748e-10, 0.0, 3.5537288357836316e-11, 1.1816906485042257e-09, 1.5954094761429967e-08, 1.1816906485042257e-09, 1.5645236706665075e-11, 0.9999999651897444], "phi_SP": 1.110223024625156e-16, "stability SP": true, "phi_SP_noisy": null}