{"replicated free entropy": 0.3578011989593506, "cluster free entropy": 0.35780131816864014, "complexity": -1.1920928955078125e-07, "density": 0.8265447616577148, "entropy": 0.35780131816864014, "replicated free entropy mean": 0.3578011989593506, "replicated free entropy std": 0.0, "cluster free entropy mean": 0.35780131816864014, "cluster free entropy std": 0.0, "complexity mean": -1.1920928955078125e-07, "complexity std": 0.0, "density mean": 0.8265447616577148, "density std": 0.0, "entropy mean": 0.35780131816864014, "entropy std": 0.0}