{"replicated free entropy": 0.32588696479797363, "cluster free entropy": 0.32588720321655273, "complexity": -2.384185791015625e-07, "density": 0.2141692042350769, "entropy": 0.32588720321655273, "replicated free entropy mean": 0.3258870229488466, "replicated free entropy std": 1.0238517704044324e-07, "cluster free entropy mean": 0.3258872613674257, "cluster free entropy std": 1.0238517704044324e-07, "complexity mean": -2.384185791015625e-07, "complexity std": 0.0, "density mean": 0.21416919696621778, "density std": 1.2798147130055404e-08, "entropy mean": 0.3258872613674257, "entropy std": 1.0238517704044324e-07}