{"replicated free entropy": -0.13268232345581055, "cluster free entropy": 0.00040161609649658203, "complexity": -0.13308393955230713, "density": 0.6009497046470642, "entropy": 0.00040161609649658203, "replicated free entropy mean": -0.13226227062504467, "replicated free entropy std": 0.0002447587625561744, "cluster free entropy mean": -6.698835186842012e-05, "cluster free entropy std": 0.0010787770586443187, "complexity mean": -0.13219528227317623, "complexity std": 0.0010928630720152402, "density mean": 0.6022279407919907, "density std": 0.0018482339788476723, "entropy mean": -6.698835186842012e-05, "entropy std": 0.0010787770586443187, "stability": true, "stability non zero": true, "fraction hard fields": 0.6992825865745544, "fraction i frozen": 1.0, "fraction j frozen": 0.6992825865745544, "fraction config forbidden": 1.0}