{"Messages": [[0.5054673577050328, 0.34571331518301307], [0.14881932711195353, 2.5967873359998952e-17]], "Free entropy density": 0.29379136619549007, "density": 0.14355344781178198, "entropy density": 0.29379136619549007, "stability": true, "physical": true, "stability AT": true, "linear stability": true, "non linear stability": true, "eta": [0.0, 4.13293797660283e-12, 7.958751094506637e-10, 0.0, 1.703669298430348e-11, 0.0, 0.0, 0.0, 2.585542448184517e-10, 0.0, 0.0, 0.0, 2.9658460553374633e-08, 0.0, 0.9999999692659405, 0.0], "phi_SP": -2.5621596356403254e-23, "stability SP": true, "phi_SP_noisy": null}