{"replicated free entropy": 0.1560664176940918, "cluster free entropy": 0.15606689453125, "complexity": -4.76837158203125e-07, "density": 0.583518385887146, "entropy": 0.15606689453125, "replicated free entropy mean": 0.1560664176940918, "replicated free entropy std": 0.0, "cluster free entropy mean": 0.15606689453125, "cluster free entropy std": 0.0, "complexity mean": -4.76837158203125e-07, "complexity std": 0.0, "density mean": 0.583518385887146, "density std": 0.0, "entropy mean": 0.15606689453125, "entropy std": 0.0, "stability": true, "stability non zero": true, "fraction hard fields": 0.0, "fraction i frozen": 0.0, "fraction j frozen": 0.0, "fraction config forbidden": 0.0}