{"Messages": [[0.5465684073526358, 0.3555534185275302], [0.09787817411983389, 4.592640261768599e-25]], "Free entropy density": 0.2205443029056222, "density": 0.09448071579932056, "entropy density": 0.2205443029056222, "stability": false, "physical": true}