Messages,Free entropy density,density,entropy density,stability,physical
"[[0.0, 0.3578570186408716], [0.4186679526699155, 0.22347502868921285]]",-0.5334086350534579,0.5714285714285714,-0.5334086350534579,False,True
"[[0.32242543242163074, 0.34579522929458667], [0.18553917051154079, 0.14624016777224177]]",0.10853422946077407,0.3372398179916026,0.10853422946077407,True,True
