{"Messages": [[0.32242543242163074, 0.34579522929458667], [0.18553917051154079, 0.14624016777224177]], "Free entropy density": 0.10853422946077407, "density": 0.3372398179916026, "entropy density": 0.10853422946077407, "stability": true, "physical": true, "stability AT": true, "linear stability": false, "non linear stability": true, "eta": [0.0, 2.387164889342565e-12, 1.8091477869333013e-10, 6.614062080404692e-10, 2.7488565341715077e-12, 6.576127715547366e-12, 7.581355185006026e-15, 4.154318036052527e-12, 5.896391012327497e-12, 2.9958524611585075e-19, 4.702356623145985e-13, 2.902109591026371e-14, 7.2925540741751554e-09, 4.861997418778971e-11, 2.3364719712974827e-08, 0.9999999684295156], "phi_SP": 0.0, "stability SP": true, "phi_SP_noisy": null}