Messages,Free entropy density,density,entropy density,stability,physical
"[[0.32723396214023526, 0.32723396214023526], [0.16823198865847513, 0.17730008706105416]]",0.40214029748050084,0.3478666284616558,0.40214029748050084,False,True
