{"Messages": [[0.32723396214023526, 0.32723396214023526], [0.16823198865847513, 0.17730008706105416]], "Free entropy density": 0.40214029748050084, "density": 0.3478666284616558, "entropy density": 0.40214029748050084, "stability": false, "physical": true}