{"replicated free entropy": 0.39279794692993164, "cluster free entropy": 0.3927948474884033, "complexity": 3.0994415283203125e-06, "density": 0.37160903215408325, "entropy": 0.3927948474884033, "replicated free entropy mean": 0.39279794692993164, "replicated free entropy std": 0.0, "cluster free entropy mean": 0.3927948474884033, "cluster free entropy std": 0.0, "complexity mean": 3.0994415283203125e-06, "complexity std": 0.0, "density mean": 0.37160903215408325, "density std": 0.0, "entropy mean": 0.3927948474884033, "entropy std": 0.0, "stability": true, "stability non zero": true, "fraction hard fields": 0.0, "fraction i frozen": 0.0, "fraction j frozen": 0.0, "fraction config forbidden": 0.0}