Messages,Free entropy density,density,entropy density,stability,physical
"[[0.4712206424361137, 0.31793232274735767], [0.13358625057819043, 0.07726078423833804]]",0.2844955774975202,0.1547816876013002,0.2844955774975202,False,True
