Messages,Free entropy density,density,entropy density,stability,physical
"[[0.11684000487797686, 0.24488448524982342], [0.31984791613760394, 0.31842759373459556]]",0.030280109977097958,0.6614736300140333,0.030280109977097958,True,True
