{"Messages": [[0.11684000487797686, 0.24488448524982342], [0.31984791613760394, 0.31842759373459556]], "Free entropy density": 0.030280109977097958, "density": 0.6614736300140333, "entropy density": 0.030280109977097958, "stability": true, "physical": true, "stability AT": true, "linear stability": true, "non linear stability": true, "eta": [0.0, 0.3605548133103009, 0.3621630408622759, 0.0, 0.14498448393004096, 0.0, 0.0, 0.0, 2.1062458333711527e-08, 0.0, 0.0, 0.0, 0.13229764083492376, 0.0, 0.0, 0.0], "phi_SP": 0.030280109977097514, "stability SP": true, "phi_SP_noisy": null}