{"Messages": [[0.4766080470263193, 0.2769033499180137], [0.11457772263517638, 0.13191088042049062]], "Free entropy density": 0.23852851874375203, "density": 0.15949967857488645, "entropy density": 0.23852851874375203, "stability": false, "physical": true}