{"replicated free entropy": 0.15935444831848145, "cluster free entropy": 0.009633481502532959, "complexity": 0.1497209668159485, "density": 0.49312400817871094, "entropy": 0.009633481502532959, "replicated free entropy mean": 0.15931596407076207, "replicated free entropy std": 0.0006283096959994839, "cluster free entropy mean": 0.00915053268758262, "cluster free entropy std": 0.0008938389915803865, "complexity mean": 0.15016543138317945, "complexity std": 0.0010133534966734888, "density mean": 0.49245559660399835, "density std": 0.0015668390089133152, "entropy mean": 0.00915053268758262, "entropy std": 0.0008938389915803865}