{"replicated free entropy": 0.1160421371459961, "cluster free entropy": 0.11603927612304688, "complexity": 2.86102294921875e-06, "density": 0.735387921333313, "entropy": 0.11603927612304688, "replicated free entropy mean": 0.1160421371459961, "replicated free entropy std": 0.0, "cluster free entropy mean": 0.11603923541743581, "cluster free entropy std": 8.971079745258653e-08, "complexity mean": 2.9017285602848703e-06, "complexity std": 8.971079745258653e-08, "density mean": 0.735387921333313, "density std": 0.0, "entropy mean": 0.11603923541743581, "entropy std": 8.971079745258653e-08}