{"Messages": [[0.49200633434657304, 0.32626473854343385], [0.08456855213102556, 0.09716037497896766]], "Free entropy density": 0.1792257652255076, "density": 0.12074541327684894, "entropy density": 0.1792257652255076, "stability": false, "physical": true}