{"replicated free entropy": 0.26167213916778564, "cluster free entropy": 0.2616698741912842, "complexity": 2.2649765014648438e-06, "density": 0.35236242413520813, "entropy": 0.2616698741912842, "replicated free entropy mean": 0.261672136260242, "replicated free entropy std": 1.838892064541363e-08, "cluster free entropy mean": 0.26166991489689523, "cluster free entropy std": 2.3930338351961747e-07, "complexity mean": 2.221363346751143e-06, "complexity std": 2.576418378513117e-07, "density mean": 0.3523624110512617, "density std": 6.105841659918064e-08, "entropy mean": 0.26166991489689523, "entropy std": 2.3930338351961747e-07, "stability": true, "stability non zero": true, "fraction hard fields": 0.0, "fraction i frozen": 0.0, "fraction j frozen": 0.0, "fraction config forbidden": 1.0}