{"Free entropy density": 2.9103830456733706e-16, "density": 0.6344500000000001, "entropy density": 2.9103830456733706e-16, "stability": false, "stability non zero": true, "fraction hard fields": 0.6790133333333334, "fraction i frozen": 0.9676633333333333, "fraction config forbidden": 1.0, "fraction found": 1.0}