{"replicated free entropy": 0.18946599960327148, "cluster free entropy": 4.392862319946289e-05, "complexity": 0.18942207098007202, "density": 0.433177649974823, "entropy": 4.392862319946289e-05, "replicated free entropy mean": 0.18910417556762696, "replicated free entropy std": 0.0007436302710309314, "cluster free entropy mean": 8.144378662109376e-05, "cluster free entropy std": 0.0006245332443063904, "complexity mean": 0.18902273178100587, "complexity std": 0.00031492714174709193, "density mean": 0.43277484774589536, "density std": 0.0010651666373903397, "entropy mean": 8.144378662109376e-05, "entropy std": 0.0006245332443063904}