Messages,Free entropy density,density,entropy density,stability,physical
"[[0.4669489125696831, 0.3087686725155609], [0.135008451228341, 0.089273963686415]]",0.2875017453222557,0.16050034527061374,0.2875017453222557,False,True
