{"replicated free entropy": 0.2975637912750244, "cluster free entropy": 0.297562837600708, "complexity": 9.5367431640625e-07, "density": 0.37674543261528015, "entropy": 0.297562837600708, "replicated free entropy mean": 0.29756375056941337, "replicated free entropy std": 1.6570448118041213e-07, "cluster free entropy mean": 0.29756277944983506, "cluster free entropy std": 2.2204193361836853e-07, "complexity mean": 9.711195782917302e-07, "complexity std": 6.208814209281708e-08, "density mean": 0.37674543043462244, "density std": 1.3791690484060222e-08, "entropy mean": 0.29756277944983506, "entropy std": 2.2204193361836853e-07, "stability": true, "stability non zero": true, "fraction hard fields": 0.0, "fraction i frozen": 0.0, "fraction j frozen": 0.0, "fraction config forbidden": 0.0}