Messages,Free entropy density,density,entropy density,stability,physical
"[[0.2748255542142562, 0.2748255542142562], [0.213888915499359, 0.2364599760721286]]",0.5548027654939176,0.4606119711937184,0.5548027654939176,True,True
