{"Messages": [[0.2748255542142562, 0.2748255542142562], [0.213888915499359, 0.2364599760721286]], "Free entropy density": 0.5548027654939176, "density": 0.4606119711937184, "entropy density": 0.5548027654939176, "stability": true, "physical": true, "stability AT": true, "linear stability": true, "non linear stability": true, "eta": [0.0, 2.1487839681821508e-10, 3.233893009505809e-10, 1.163512871914726e-08, 5.092589940836246e-11, 0.0, 0.0, 0.0, 5.092589940836246e-11, 0.0, 0.0, 0.0, 1.655267731154862e-08, 1.2749622524527878e-09, 4.2624525157097665e-10, 0.999999969470867], "phi_SP": 0.0, "stability SP": true, "phi_SP_noisy": null}