{"replicated free entropy": 0.23552119731903076, "cluster free entropy": 0.23551976680755615, "complexity": 1.430511474609375e-06, "density": 0.11237107962369919, "entropy": 0.23551976680755615, "replicated free entropy mean": 0.23552119731903076, "replicated free entropy std": 0.0, "cluster free entropy mean": 0.23551976680755615, "cluster free entropy std": 0.0, "complexity mean": 1.430511474609375e-06, "complexity std": 0.0, "density mean": 0.11237107962369919, "density std": 0.0, "entropy mean": 0.23551976680755615, "entropy std": 0.0}