{"Messages": [[0.43162598536068403, 0.27686437230958055], [0.1775932943201344, 0.11391634800960102]], "Free entropy density": 0.3662096606042142, "density": 0.20881303070623616, "entropy density": 0.3662096606042142, "stability": true, "physical": true, "stability AT": true, "linear stability": true, "non linear stability": true, "eta": [0.0, 7.885473978856232e-12, 4.2657933661583823e-11, 2.951484411643023e-09, 2.616783793503576e-11, 3.446522163161925e-11, 0.0, 0.0, 1.910108017921146e-10, 0.0, 4.3744029016513414e-10, 0.0, 2.7809097561575663e-08, 0.0, 0.0, 0.9999999684997904], "phi_SP": 0.0, "stability SP": true, "phi_SP_noisy": null}