{"Messages": [[0.42011907055827497, 0.42011907055827497], [0.15976185888344982, 3.4542727558705646e-24]], "Free entropy density": 0.4012246691681731, "density": 0.21599867044632431, "entropy density": 0.4012246691681731, "stability": false, "physical": true}