Messages,Free entropy density,density,entropy density,stability,physical
"[[0.3008067682497281, 0.3008067682497281], [0.1245982430626579, 0.2737882204378859]]",0.20457577556880358,0.4677112744730745,0.20457577556880358,True,True
"[[0.4999999999999999, 0.4999999999999999], [4.41252181048165e-24, 0.0]]",0.0,0,0.0,False,True
