{"Messages": [[0.3008067682497281, 0.3008067682497281], [0.1245982430626579, 0.2737882204378859]], "Free entropy density": 0.20457577556880358, "density": 0.4677112744730745, "entropy density": 0.20457577556880358, "stability": true, "physical": true, "stability AT": true, "linear stability": true, "non linear stability": true, "eta": [0.0, 0.3915773630803009, 0.17820287767665388, 0.0, 9.94646472819579e-11, 0.0, 0.0, 0.0, 9.94646472819579e-11, 0.0, 0.0, 0.0, 0.4302197590441159, 0.0, 0.0, 0.0], "phi_SP": 0.2045757755687988, "stability SP": false, "phi_SP_noisy": -4.930380657631324e-32}