{"replicated free entropy": 0.17801904678344727, "cluster free entropy": 0.17802023887634277, "complexity": -1.1920928955078125e-06, "density": 0.11861791461706161, "entropy": 0.17802023887634277, "replicated free entropy mean": 0.17801904678344727, "replicated free entropy std": 0.0, "cluster free entropy mean": 0.17802023887634277, "cluster free entropy std": 0.0, "complexity mean": -1.1920928955078125e-06, "complexity std": 0.0, "density mean": 0.11861791461706161, "density std": 0.0, "entropy mean": 0.17802023887634277, "entropy std": 0.0}