{"replicated free entropy": 0.3616037368774414, "cluster free entropy": 0.32227957248687744, "complexity": 0.039324164390563965, "density": 0.19696472585201263, "entropy": 0.32227957248687744, "replicated free entropy mean": 0.3613980281643751, "replicated free entropy std": 0.00014395165031270933, "cluster free entropy mean": 0.32182881890273674, "cluster free entropy std": 0.000480065311128697, "complexity mean": 0.039569209261638365, "complexity std": 0.0005113848739122935, "density mean": 0.1971160987528359, "density std": 0.0002554961546561415, "entropy mean": 0.32182881890273674, "entropy std": 0.000480065311128697}