Messages,Free entropy density,density,entropy density,stability,physical
"[[0.0, 0.20475566057276237], [0.418255601710858, 0.3769887377163797]]",0.13122231016196517,0.7267391426487793,0.13122231016196517,False,True
"[[0.0, 0.5], [0.5, 0.0]]",-0.6931471805599452,0.5,-0.6931471805599452,False,True
"[[0.19883387900791655, 0.2019873717621603], [0.2975622824573001, 0.3016164667726231]]",0.196535073343989,0.602581758333299,0.196535073343989,False,True
"[[0.4270509831246817, 0.38196601125014956], [0.19098300562516873, 0.0]]",-0.11778303565638337,0.22222222222236812,-0.11778303565638337,False,True
"[[0.9999999999999998, 9.112312961143746e-42], [2.761544923107006e-44, 8.635707792565043e-45]]",-1.9721522630525295e-31,6.894723435566414e-165,-1.9721522630525295e-31,False,True
