{"Messages": [[0.19883387900791655, 0.2019873717621603], [0.2975622824573001, 0.3016164667726231]], "Free entropy density": 0.196535073343989, "density": 0.602581758333299, "entropy density": 0.196535073343989, "stability": false, "physical": true}