Messages,Free entropy density,density,entropy density,stability,physical
"[[0.0, 0.2010212885436052], [0.4141291106270215, 0.38484960082937336]]",0.1160438186268582,0.7353878535532826,0.1160438186268582,True,True
"[[0.0, 0.9999999999999998], [5.515652263102062e-24, 0.0]]",-108.49519899194053,0,-108.49519899194053,False,False
