{"Messages": [[0.0, 0.2010212885436052], [0.4141291106270215, 0.38484960082937336]], "Free entropy density": 0.1160438186268582, "density": 0.7353878535532826, "entropy density": 0.1160438186268582, "stability": true, "physical": true, "stability AT": true, "linear stability": false, "non linear stability": true, "eta": [0.0, 4.0635610421731166e-11, 1.0817882007261783e-11, 2.9594888921787395e-08, 7.605091021854979e-10, 3.948470707592735e-12, 4.281305368627011e-11, 0.9999999695463869, 1.1349265820255417e-17, 0.0, 0.0, 0.0, 0.0, 0.0, 0.0, 0.0], "phi_SP": 1.1102230246251565e-16, "stability SP": true, "phi_SP_noisy": null}