Messages,Free entropy density,density,entropy density,stability,physical
"[[0.31919187348454736, 0.3020189380371143], [0.1935761430919642, 0.18521304538637418]]",0.5120803804995435,0.3665040114802283,0.5120803804995435,False,True
