Messages,Free entropy density,density,entropy density,stability,physical
"[[0.2749156402028296, 0.3288287339364075], [0.21030587973093087, 0.18594974612983206]]",0.15406870832503294,0.41749084087161925,0.15406870832503294,True,True
