{"Messages": [[0.2749156402028296, 0.3288287339364075], [0.21030587973093087, 0.18594974612983206]], "Free entropy density": 0.15406870832503294, "density": 0.41749084087161925, "entropy density": 0.15406870832503294, "stability": true, "physical": true, "stability AT": true, "linear stability": false, "non linear stability": true, "eta": [0.0, 4.338488225018612e-12, 2.0088281541200637e-10, 1.1990755401033442e-09, 4.730345886339477e-12, 2.3583387918537694e-11, 0.0, 2.1756593604333233e-11, 1.225477757631092e-11, 0.0, 2.4403416733803564e-12, 2.6844241115856134e-13, 5.316335839466595e-09, 1.807330287019805e-10, 2.5677532489246425e-08, 0.999999967356068], "phi_SP": -1.1102230246251563e-16, "stability SP": true, "phi_SP_noisy": null}