{"Messages": [[0.3119322504593349, 0.29360066842772825], [0.19841836416958952, 0.19604871694334736]], "Free entropy density": 0.5243384644941815, "density": 0.3833161290638197, "entropy density": 0.5243384644941815, "stability": false, "physical": true}