Messages,Free entropy density,density,entropy density,stability,physical
"[[5.511136895279737e-69, 0.2860984350843122], [0.41262534506597126, 0.30127621984971625]]",-0.2860345604460983,0.6388430869472445,-0.2860345604460983,False,True
"[[0.0, 0.5], [0.5, 0.0]]",-0.6931471805599452,0.5,-0.6931471805599452,False,True
"[[0.5455370479260886, 0.35605247300823706], [0.09841047906076521, 4.909020633215685e-12]]",0.22109359831963826,0.09529594224059906,0.22109359831963826,False,True
