{"Messages": [[0.5455370479260886, 0.35605247300823706], [0.09841047906076521, 4.909020633215685e-12]], "Free entropy density": 0.22109359831963826, "density": 0.09529594224059906, "entropy density": 0.22109359831963826, "stability": false, "physical": true}