{"replicated free entropy": 0.1925368309020996, "cluster free entropy": -0.0002522468566894531, "complexity": 0.19278907775878906, "density": 0.43090492486953735, "entropy": -0.0002522468566894531, "replicated free entropy mean": 0.19245855401201947, "replicated free entropy std": 0.0001639591165400853, "cluster free entropy mean": -0.0005440857352280035, "cluster free entropy std": 0.00037179125576002986, "complexity mean": 0.19300263974724746, "complexity std": 0.0003915774393536625, "density mean": 0.4312508934881629, "density std": 0.0005697160214120434, "entropy mean": -0.0005440857352280035, "entropy std": 0.00037179125576002986, "stability": false, "stability non zero": true, "fraction hard fields": 0.40383681654930115, "fraction i frozen": 1.0, "fraction j frozen": 0.40383681654930115, "fraction config forbidden": 1.0}