{"replicated free entropy": -0.20160913467407227, "cluster free entropy": 0.0, "complexity": -0.20160913467407227, "density": 0.34548890590667725, "entropy": 0.0, "replicated free entropy mean": -0.20125234999307773, "replicated free entropy std": 0.000363024799957437, "cluster free entropy mean": 0.0, "cluster free entropy std": 0.0, "complexity mean": -0.20125234999307773, "complexity std": 0.000363024799957437, "density mean": 0.3459350074209818, "density std": 0.0010015561051525442, "entropy mean": 0.0, "entropy std": 0.0, "stability": true, "stability non zero": true, "fraction hard fields": 1.0, "fraction i frozen": 1.0, "fraction j frozen": 1.0, "fraction config forbidden": 1.0}