{"replicated free entropy": -0.3253366947174072, "cluster free entropy": 0.0, "complexity": -0.3253366947174072, "density": 0.6005128622055054, "entropy": 0.0, "replicated free entropy mean": -0.3251066149734869, "replicated free entropy std": 0.0003509648271838585, "cluster free entropy mean": 0.0, "cluster free entropy std": 0.0, "complexity mean": -0.3251066149734869, "complexity std": 0.0003509648271838585, "density mean": 0.5999904536619419, "density std": 0.0010802831333366581, "entropy mean": 0.0, "entropy std": 0.0, "stability": true, "stability non zero": true, "fraction hard fields": 1.0, "fraction i frozen": 1.0, "fraction j frozen": 1.0, "fraction config forbidden": 1.0}