{"replicated free entropy": 0.2999699115753174, "cluster free entropy": 0.29996776580810547, "complexity": 2.1457672119140625e-06, "density": 0.5321813225746155, "entropy": 0.29996776580810547, "replicated free entropy mean": 0.2999699115753174, "replicated free entropy std": 0.0, "cluster free entropy mean": 0.29996777162319277, "cluster free entropy std": 3.677784129082726e-08, "complexity mean": 2.1399521246189026e-06, "complexity std": 3.677784129082725e-08, "density mean": 0.5321813196670718, "density std": 1.838892064541363e-08, "entropy mean": 0.29996777162319277, "entropy std": 3.677784129082726e-08, "stability": true, "stability non zero": true, "fraction hard fields": 0.0, "fraction i frozen": 0.0, "fraction j frozen": 0.0, "fraction config forbidden": 0.0}