Messages,Free entropy density,density,entropy density,stability,physical
"[[0.0, 0.28609843508431226], [0.4126253450659714, 0.3012762198497164]]",-0.2860345604460983,0.6388430869472445,-0.2860345604460983,False,True
"[[0.0, 0.5], [0.5, 0.0]]",-0.6931471805599452,0.5,-0.6931471805599452,False,True
"[[0.3128509480073973, 0.31806387559674015], [0.19802277028155718, 0.17106240611430523]]",0.18155371915033447,0.3644571608035651,0.18155371915033447,True,True
"[[0.37698873771637975, 0.41825560171085796], [0.20475566057276232, 0.0]]",0.13122231016196517,0.2732608573512207,0.13122231016196517,False,True
