{"Messages": [[0.3128509480073973, 0.31806387559674015], [0.19802277028155718, 0.17106240611430523]], "Free entropy density": 0.18155371915033447, "density": 0.3644571608035651, "entropy density": 0.18155371915033447, "stability": true, "physical": true, "stability AT": true, "linear stability": false, "non linear stability": true, "eta": [0.0, 0.23372812363462006, 0.2159710878202784, 0.0, 0.11076187490611146, 0.0, 0.030465880995444138, 0.0, 0.13588707629168872, 0.0, 0.0013583088229716293, 0.0, 0.24968232208953078, 0.0, 0.02214532543935477, 0.0], "phi_SP": 0.17443284375998913, "stability SP": false, "phi_SP_noisy": 1.1102230246251565e-16}