{"replicated free entropy": 0.28217363357543945, "cluster free entropy": 0.28217244148254395, "complexity": 1.1920928955078125e-06, "density": 0.1494552195072174, "entropy": 0.28217244148254395, "replicated free entropy mean": 0.28217363357543945, "replicated free entropy std": 0.0, "cluster free entropy mean": 0.28217244148254395, "cluster free entropy std": 0.0, "complexity mean": 1.1920928955078125e-06, "complexity std": 0.0, "density mean": 0.1494552195072174, "density std": 0.0, "entropy mean": 0.28217244148254395, "entropy std": 0.0}