{"replicated free entropy": -0.17270958423614502, "cluster free entropy": 0.0, "complexity": -0.17270958423614502, "density": 0.7503016591072083, "entropy": 0.0, "replicated free entropy mean": -0.1733085992859631, "replicated free entropy std": 0.00020779580231363834, "cluster free entropy mean": 0.0, "cluster free entropy std": 0.0, "complexity mean": -0.1733085992859631, "complexity std": 0.00020779580231363834, "density mean": 0.7500930573882126, "density std": 0.0004500849150759807, "entropy mean": 0.0, "entropy std": 0.0, "stability": true, "stability non zero": true, "fraction hard fields": 1.0, "fraction i frozen": 1.0, "fraction j frozen": 1.0, "fraction config forbidden": 1.0}