{"Messages": [[0.9999999999999998, 0.0], [0.0, 1.1674504975773822e-18]], "Free entropy density": 0.0, "density": 0, "entropy density": 0.0, "stability": true, "physical": true, "stability AT": true, "linear stability": true, "non linear stability": true, "eta": [0.0, 8.627182933488242e-09, 0.30657410277005603, 0.2582705366278568, 0.43515532343218505, 0.0, 0.0, 0.0, 2.8542719206404727e-08, 0.0, 0.0, 0.0, 0.0, 0.0, 0.0, 0.0], "phi_SP": -0.018922067580182667, "stability SP": true, "phi_SP_noisy": null}