{"Messages": [[0.24768528124035194, 0.28708150754069883], [0.27470354310599454, 0.19052966811295463]], "Free entropy density": 0.374624631428802, "density": 0.4509612809443822, "entropy density": 0.374624631428802, "stability": true, "physical": true}