{"replicated free entropy": 0.23465490341186523, "cluster free entropy": 0.23465323448181152, "complexity": 1.6689300537109375e-06, "density": 0.8892121911048889, "entropy": 0.23465323448181152, "replicated free entropy mean": 0.23465490341186523, "replicated free entropy std": 0.0, "cluster free entropy mean": 0.23465323448181152, "cluster free entropy std": 0.0, "complexity mean": 1.6689300537109375e-06, "complexity std": 0.0, "density mean": 0.8892121911048889, "density std": 0.0, "entropy mean": 0.23465323448181152, "entropy std": 0.0}