{"Messages": [[0.12027131650272815, 0.2437843278884499], [0.31722031565914316, 0.3187240399496788]], "Free entropy density": 0.033278108975808074, "density": 0.6609057811679503, "entropy density": 0.033278108975808074, "stability": false, "physical": true}