{"replicated free entropy": 0.2584357261657715, "cluster free entropy": 0.2584354877471924, "complexity": 2.384185791015625e-07, "density": 0.11892154067754745, "entropy": 0.2584354877471924, "replicated free entropy mean": 0.2584357261657715, "replicated free entropy std": 0.0, "cluster free entropy mean": 0.2584354877471924, "cluster free entropy std": 0.0, "complexity mean": 2.384185791015625e-07, "complexity std": 0.0, "density mean": 0.11892154067754745, "density std": 0.0, "entropy mean": 0.2584354877471924, "entropy std": 0.0}