{"Messages": [[0.2967896726837141, 0.20321032731676666], [0.20321032731594466, 0.29678967268357476]], "Free entropy density": 0.41766435033146765, "density": 0.5000000000009716, "entropy density": 0.41766435033146765, "stability": false, "physical": true}