{"replicated free entropy": 0.2680051326751709, "cluster free entropy": 0.2680032253265381, "complexity": 1.9073486328125e-06, "density": 0.2001335322856903, "entropy": 0.2680032253265381, "replicated free entropy mean": 0.2680051326751709, "replicated free entropy std": 0.0, "cluster free entropy mean": 0.2680032253265381, "cluster free entropy std": 0.0, "complexity mean": 1.9073486328125e-06, "complexity std": 0.0, "density mean": 0.2001335322856903, "density std": 0.0, "entropy mean": 0.2680032253265381, "entropy std": 0.0}