{"Messages": [[0.5209300913195538, 0.3374579251627188], [0.14161198351556067, 2.166642566253159e-12]], "Free entropy density": 0.2833081494569658, "density": 0.13023252283017075, "entropy density": 0.2833081494569658, "stability": true, "physical": true, "stability AT": true, "linear stability": true, "non linear stability": true, "eta": [0.0, 0.30955513802430085, 0.11846163241949961, 0.0, 6.511732844609332e-27, 0.0, 0.0, 0.0, 0.1675300169163765, 0.0, 0.0, 0.0, 0.2022265897238264, 0.0, 0.20222662291599672, 0.0], "phi_SP": 0.11603336056297742, "stability SP": false, "phi_SP_noisy": 1.110223024625156e-16}