{"Messages": [[0.5095274398747198, 0.30900527763757035], [0.11329424292242048, 0.06817303956528943]], "Free entropy density": 0.25828323701610745, "density": 0.11863033556118256, "entropy density": 0.25828323701610745, "stability": false, "physical": true}