Messages,Free entropy density,density,entropy density,stability,physical
"[[0.3681607842433918, 0.36030946097851135], [0.141271658335518, 0.13025809644257882]]",0.34505262872987297,0.2668711504224574,0.34505262872987297,False,True
