{"Messages": [[0.3681607842433918, 0.36030946097851135], [0.141271658335518, 0.13025809644257882]], "Free entropy density": 0.34505262872987297, "density": 0.2668711504224574, "entropy density": 0.34505262872987297, "stability": false, "physical": true}