Messages,Free entropy density,density,entropy density,stability,physical
"[[0.10014272450618332, 0.18131037000826034], [0.3526191245202136, 0.3659277809653426]]",0.49939920912626734,0.7278792525789156,0.49939920912626734,False,True
"[[0.9999999999999728, 1.1624177428506401e-14], [7.265196937898852e-15, 8.360659191174592e-15]]",-2.9661170036310044e-27,1.4125750337578399e-55,-2.9661170036310044e-27,False,True
