{"Messages": [[0.10014272450618332, 0.18131037000826034], [0.3526191245202136, 0.3659277809653426]], "Free entropy density": 0.49939920912626734, "density": 0.7278792525789156, "entropy density": 0.49939920912626734, "stability": false, "physical": true}