{"Messages": [[0.32117689757340906, 0.2983858308016285], [0.11662359447001475, 0.2638136771549475]], "Free entropy density": 0.19246562468375128, "density": 0.43076757693453427, "entropy density": 0.19246562468375128, "stability": true, "physical": true, "stability AT": true, "linear stability": true, "non linear stability": true, "eta": [0.0, 0.3760096477904128, 0.16622183780695687, 0.0, 5.0434567931385324e-14, 0.0, 0.0, 0.0, 0.03248374774322752, 0.0, 0.0, 0.0, 0.42528476665935244, 0.0, 0.0, 0.0], "phi_SP": 0.19246562468374917, "stability SP": false, "phi_SP_noisy": 0.0}