Messages,Free entropy density,density,entropy density,stability,physical
"[[0.319494651259764, 0.23293160065936525], [0.23649119768258525, 0.21108255039828544]]",0.3655851285673388,0.3880065819536666,0.3655851285673388,False,True
