{"replicated free entropy": 0.09770488739013672, "cluster free entropy": -0.0015988349914550781, "complexity": 0.0993037223815918, "density": 0.15742453932762146, "entropy": -0.0015988349914550781, "replicated free entropy mean": 0.09770488739013672, "replicated free entropy std": 0.0, "cluster free entropy mean": -0.0015988349914550781, "cluster free entropy std": 0.0, "complexity mean": 0.0993037223815918, "complexity std": 0.0, "density mean": 0.15742453932762146, "density std": 0.0, "entropy mean": -0.0015988349914550781, "entropy std": 0.0}