{"replicated free entropy": 0.24331903457641602, "cluster free entropy": 0.24332141876220703, "complexity": -2.384185791015625e-06, "density": 0.22152435779571533, "entropy": 0.24332141876220703, "replicated free entropy mean": 0.24331903457641602, "replicated free entropy std": 0.0, "cluster free entropy mean": 0.24332141876220703, "cluster free entropy std": 0.0, "complexity mean": -2.384185791015625e-06, "complexity std": 0.0, "density mean": 0.22152435779571533, "density std": 0.0, "entropy mean": 0.24332141876220703, "entropy std": 0.0}