{"replicated free entropy": 0.20935773849487305, "cluster free entropy": 0.20936036109924316, "complexity": -2.6226043701171875e-06, "density": 0.4754883646965027, "entropy": 0.20936036109924316, "replicated free entropy mean": 0.20935773849487305, "replicated free entropy std": 0.0, "cluster free entropy mean": 0.20936036109924316, "cluster free entropy std": 0.0, "complexity mean": -2.6226043701171875e-06, "complexity std": 0.0, "density mean": 0.4754883646965027, "density std": 0.0, "entropy mean": 0.20936036109924316, "entropy std": 0.0}