{"Messages": [[0.3841090437553387, 0.32268960155231996], [0.139981033119884, 0.15322032157245755]], "Free entropy density": 0.34118336376690594, "density": 0.2626555700549456, "entropy density": 0.34118336376690594, "stability": false, "physical": true}