Messages,Free entropy density,density,entropy density,stability,physical
"[[0.2558268062626311, 0.33775977407672025], [0.26359558670513417, 0.14281783295551442]]",0.4414214971125785,0.41464757219175225,0.4414214971125785,True,True
