{"Messages": [[0.2558268062626311, 0.33775977407672025], [0.26359558670513417, 0.14281783295551442]], "Free entropy density": 0.4414214971125785, "density": 0.41464757219175225, "entropy density": 0.4414214971125785, "stability": true, "physical": true, "stability AT": true, "linear stability": true, "non linear stability": true, "eta": [0.0, 4.3745014495660525e-12, 2.4871641712907956e-10, 1.0089893947176571e-09, 2.0710553273813764e-11, 0.0, 0.0, 2.094503374974349e-10, 4.3745014495660525e-12, 0.0, 0.0, 0.0, 7.164935086861947e-09, 0.0, 2.443640845605964e-08, 0.9999999669020408], "phi_SP": 1.110223024625156e-16, "stability SP": true, "phi_SP_noisy": null}