{"Messages": [[0.4705773662647963, 0.31744177039948124], [0.1338428025657779, 0.07813806076994446]], "Free entropy density": 0.28477585677276496, "density": 0.15548558225028228, "entropy density": 0.28477585677276496, "stability": false, "physical": true}