Messages,Free entropy density,density,entropy density,stability,physical
"[[0.26389352417033496, 0.23610647582837124], [0.23610647583032746, 0.2638935241709664]]",0.6359786735012873,0.4999999999976454,0.6359786735012873,False,True
