{"Messages": [[0.26389352417033496, 0.23610647582837124], [0.23610647583032746, 0.2638935241709664]], "Free entropy density": 0.6359786735012873, "density": 0.4999999999976454, "entropy density": 0.6359786735012873, "stability": false, "physical": true}