Messages,Free entropy density,density,entropy density,stability,physical
"[[0.47243388790678703, 0.33170361794968817], [0.0939446081985133, 0.10191788594501144]]",0.19076583848416062,0.1404135879202504,0.19076583848416062,False,True
