{"Messages": [[0.47243388790678703, 0.33170361794968817], [0.0939446081985133, 0.10191788594501144]], "Free entropy density": 0.19076583848416062, "density": 0.1404135879202504, "entropy density": 0.19076583848416062, "stability": false, "physical": true}