Messages,Free entropy density,density,entropy density,stability,physical
"[[0.25000000000187456, 0.2500000000018341], [0.24999999999816447, 0.24999999999812694]]",0.0,0.499999999999844,0.0,True,True
