{"Messages": [[0.25000000000187456, 0.2500000000018341], [0.24999999999816447, 0.24999999999812694]], "Free entropy density": 0.0, "density": 0.499999999999844, "entropy density": 0.0, "stability": true, "physical": true, "stability AT": true, "linear stability": true, "non linear stability": true, "eta": [0.0, 0.25, 0.25, 0.0, 0.25, 0.0, 0.0, 0.0, 0.25, 0.0, 0.0, 0.0, 0.0, 0.0, 0.0, 0.0], "phi_SP": 0.0, "stability SP": true, "phi_SP_noisy": null}