{"Messages": [[0.181056102957351, 0.23684831721573651], [0.2782914340196628, 0.3038041458072496]], "Free entropy density": 0.4023511851327779, "density": 0.61583246967117, "entropy density": 0.4023511851327779, "stability": false, "physical": true}