{"replicated free entropy": 0.3061082363128662, "cluster free entropy": 0.08585548400878906, "complexity": 0.22025275230407715, "density": 0.4154183864593506, "entropy": 0.08585548400878906, "replicated free entropy mean": 0.30610613706635265, "replicated free entropy std": 0.00014406861205260588, "cluster free entropy mean": 0.08618510932457156, "cluster free entropy std": 0.00047784845311063187, "complexity mean": 0.2199210277417811, "complexity std": 0.0004928896218413893, "density mean": 0.41520378865846774, "density std": 0.0003863853470467626, "entropy mean": 0.08618510932457156, "entropy std": 0.00047784845311063187, "stability": false, "stability non zero": true, "fraction hard fields": 0.27847811579704285, "fraction i frozen": 0.6068611145019531, "fraction j frozen": 0.27847811579704285, "fraction config forbidden": 1.0}