{"replicated free entropy": 0.06387662887573242, "cluster free entropy": 0.009582161903381348, "complexity": 0.054294466972351074, "density": 0.42953959107398987, "entropy": 0.009582161903381348, "replicated free entropy mean": 0.06372422125281357, "replicated free entropy std": 0.0004807259539888959, "cluster free entropy mean": 0.009918366990438321, "cluster free entropy std": 0.0006219143295299517, "complexity mean": 0.05380585426237525, "complexity std": 0.0005855165601700361, "density mean": 0.42837190409985987, "density std": 0.0009937431502465442, "entropy mean": 0.009918366990438321, "entropy std": 0.0006219143295299517}