{"Messages": [[0.32115929810227867, 0.3194656477031787], [0.2431325115933906, 0.11624254260115185]], "Free entropy density": 0.03071082528706448, "density": 0.3352375546120778, "entropy density": 0.03071082528706448, "stability": false, "physical": true}