Messages,Free entropy density,density,entropy density,stability,physical
"[[0.4275632005889124, 0.37039228133158897], [0.13544075178971307, 0.06660376628978551]]",0.3584855310858255,0.1898689206949483,0.3584855310858255,False,True
"[[0.45925992353650413, 0.401066400940435], [0.13967367552306098, 0.0]]",0.3577992314403098,0.17345498823788003,0.3577992314403098,False,True
