{"Messages": [[0.4275632005889124, 0.37039228133158897], [0.13544075178971307, 0.06660376628978551]], "Free entropy density": 0.3584855310858255, "density": 0.1898689206949483, "entropy density": 0.3584855310858255, "stability": false, "physical": true}