Messages,Free entropy density,density,entropy density,stability,physical
"[[0.47418625901410016, 0.3313776550944447], [0.09305289930047243, 0.10138318659098275]]",0.1900466810610162,0.13852379063657205,0.1900466810610162,False,True
