{"Messages": [[0.47418625901410016, 0.3313776550944447], [0.09305289930047243, 0.10138318659098275]], "Free entropy density": 0.1900466810610162, "density": 0.13852379063657205, "entropy density": 0.1900466810610162, "stability": false, "physical": true}