{"Messages": [[0.19209141154152481, 0.19148036851610034], [0.24289363343211784, 0.373534586510257]], "Free entropy density": -0.22771481175064467, "density": 0.6904444794451007, "entropy density": -0.22771481175064467, "stability": true, "physical": true, "stability AT": true, "linear stability": false, "non linear stability": true, "eta": [0.0, 0.3735346112369566, 0.24289365290563042, 0.0, 0.19148034676873615, 0.0, 0.0, 0.0, 0.19209138908867676, 0.0, 0.0, 0.0, 0.0, 0.0, 0.0, 0.0], "phi_SP": -0.227714811750654, "stability SP": true, "phi_SP_noisy": null}