Messages,Free entropy density,density,entropy density,stability,physical
"[[0.10839697009965725, 0.12802795915836243], [0.2741908216188235, 0.48938424912315664]]",0.2850066717379691,0.8542440148518039,0.2850066717379691,False,True
"[[0.9999999999999998, 3.1217929813928063e-18], [2.1153276185138714e-20, 9.872236154703509e-20]]",-1.9721522630525295e-31,1.210962477640262e-74,-1.9721522630525295e-31,False,True
