{"Messages": [[0.10839697009965725, 0.12802795915836243], [0.2741908216188235, 0.48938424912315664]], "Free entropy density": 0.2850066717379691, "density": 0.8542440148518039, "entropy density": 0.2850066717379691, "stability": false, "physical": true}