{"replicated free entropy": 0.20972514152526855, "cluster free entropy": 0.004802227020263672, "complexity": 0.20492291450500488, "density": 0.5381803512573242, "entropy": 0.004802227020263672, "replicated free entropy mean": 0.2089441113355683, "replicated free entropy std": 0.0005412984188606915, "cluster free entropy mean": 0.0042115769735196745, "cluster free entropy std": 0.0006764503184240211, "complexity mean": 0.20473253436204863, "complexity std": 0.0007389103549907669, "density mean": 0.5388006655181327, "density std": 0.0012400051961235514, "entropy mean": 0.0042115769735196745, "entropy std": 0.0006764503184240211}