{"replicated free entropy": 0.48753857612609863, "cluster free entropy": 0.4875373840332031, "complexity": 1.1920928955078125e-06, "density": 0.4599791467189789, "entropy": 0.4875373840332031, "replicated free entropy mean": 0.48753857612609863, "replicated free entropy std": 0.0, "cluster free entropy mean": 0.4875373840332031, "cluster free entropy std": 0.0, "complexity mean": 1.1920928955078125e-06, "complexity std": 0.0, "density mean": 0.4599791467189789, "density std": 0.0, "entropy mean": 0.4875373840332031, "entropy std": 0.0}