{"Messages": [[0.39445213719608807, 0.3296840090936836], [0.1667100284356497, 0.10915382527457856]], "Free entropy density": 0.452637855406433, "density": 0.2410558124832029, "entropy density": 0.452637855406433, "stability": false, "physical": true}