Messages,Free entropy density,density,entropy density,stability,physical
"[[0.0, 0.3440497208412626], [0.39520934836754756, 0.2607409307911898]]",-0.25020121176909393,0.5999999999999999,-0.25020121176909393,False,True
"[[0.2876089866602095, 0.29393178269130626], [0.23329381052553405, 0.18516542012295018]]",-0.07739431577427514,0.4047163513138056,-0.07739431577427514,True,True
