{"Messages": [[0.2876089866602095, 0.29393178269130626], [0.23329381052553405, 0.18516542012295018]], "Free entropy density": -0.07739431577427514, "density": 0.4047163513138056, "entropy density": -0.07739431577427514, "stability": true, "physical": true, "stability AT": true, "linear stability": true, "non linear stability": true, "eta": [0.0, 0.18516541493287708, 0.23329382114580877, 0.0, 0.2939317780825106, 0.0, 0.0, 0.0, 0.2876089858388036, 0.0, 0.0, 0.0, 0.0, 0.0, 0.0, 0.0], "phi_SP": -0.0773943157742738, "stability SP": true, "phi_SP_noisy": null}