{"fitting parameters cluster free entropy": [-37.279305213569685, 100.12799397503433, -62.836940222656345, 1.0], "fitting parameters density": [-143.35955143360303, 300.9095564368862, -163.50510281870817, 1.0], "dynamical transition cluster free entropy": 0.018478242362417827, "static transition cluster free entropy": 0.044508818680668194, "dynamical transition density": 0.37062757989255396, "static transition density": 0.3841843273127249}