{"replicated free entropy": 0.04456937313079834, "cluster free entropy": 0.04898709058761597, "complexity": -0.004417717456817627, "density": 0.38599732518196106, "entropy": 0.04898709058761597, "replicated free entropy mean": 0.04471223819546583, "replicated free entropy std": 0.00011072498938512287, "cluster free entropy mean": 0.04912252251694842, "cluster free entropy std": 0.00014141666178273162, "complexity mean": -0.004410284321482588, "complexity std": 0.00013659087610319245, "density mean": 0.38575901563574627, "density std": 0.00028344912459000147, "entropy mean": 0.04912252251694842, "entropy std": 0.00014141666178273162, "stability": true, "stability non zero": true, "fraction hard fields": 0.058533500880002975, "fraction i frozen": 0.6080502271652222, "fraction j frozen": 0.3333283066749573, "fraction config forbidden": 1.0}