{"Messages": [[0.17867321765320252, 0.2885679471105938], [0.2668231784105518, 0.26593565682565184]], "Free entropy density": 0.13036465840578026, "density": 0.5755879578402431, "entropy density": 0.13036465840578026, "stability": true, "physical": true, "stability AT": true, "linear stability": true, "non linear stability": true, "eta": [0.0, 0.32942883196786854, 0.2778744979190567, 0.0, 0.15309840406028088, 0.0, 0.0, 0.0, 4.312269555950903e-08, 0.0, 0.051748916049880245, 0.0, 0.187849306880218, 0.0, 0.0, 0.0], "phi_SP": 0.11255087461308433, "stability SP": false, "phi_SP_noisy": 0.11255075595671893}