Messages,Free entropy density,density,entropy density,stability,physical
"[[0.3180933058091033, 0.3239678281267046], [0.20804878187999049, 0.14989008418420155]]",-0.13043724764834952,0.3477161575502285,-0.13043724764834952,True,True
