{"Messages": [[0.3180933058091033, 0.3239678281267046], [0.20804878187999049, 0.14989008418420155]], "Free entropy density": -0.13043724764834952, "density": 0.3477161575502285, "entropy density": -0.13043724764834952, "stability": true, "physical": true, "stability AT": true, "linear stability": false, "non linear stability": true, "eta": [0.0, 0.14989008676609816, 0.2080487920688896, 0.0, 0.3239678195720329, 0.0, 0.0, 0.0, 0.31809330159297927, 0.0, 0.0, 0.0, 0.0, 0.0, 0.0, 0.0], "phi_SP": -0.13043724764834774, "stability SP": true, "phi_SP_noisy": null}