{"replicated free entropy": 0.41314923763275146, "cluster free entropy": 0.41314947605133057, "complexity": -2.384185791015625e-07, "density": 0.21598978340625763, "entropy": 0.41314947605133057, "replicated free entropy mean": 0.41314923763275146, "replicated free entropy std": 0.0, "cluster free entropy mean": 0.41314947605133057, "cluster free entropy std": 0.0, "complexity mean": -2.384185791015625e-07, "complexity std": 0.0, "density mean": 0.21598978340625763, "density std": 0.0, "entropy mean": 0.41314947605133057, "entropy std": 0.0, "stability": false, "stability non zero": true, "fraction hard fields": 0.0, "fraction i frozen": 0.0, "fraction j frozen": 0.0, "fraction config forbidden": 1.0}