{"Messages": [[0.49360079093289566, 0.32735403582246425], [0.08355839125506175, 0.0954867819895783]], "Free entropy density": 0.17801975719426855, "density": 0.1186177448666163, "entropy density": 0.17801975719426855, "stability": false, "physical": true}