Messages,Free entropy density,density,entropy density,stability,physical
"[[0.26530170920005613, 0.3344631140881239], [0.2728697686197786, 0.12736540809204144]]",0.08754495310873489,0.39937631712365335,0.08754495310873489,True,True
