{"Messages": [[0.26530170920005613, 0.3344631140881239], [0.2728697686197786, 0.12736540809204144]], "Free entropy density": 0.08754495310873489, "density": 0.39937631712365335, "entropy density": 0.08754495310873489, "stability": true, "physical": true, "stability AT": true, "linear stability": false, "non linear stability": true, "eta": [0.0, 3.432398830065341e-18, 0.16969911419692893, 0.16059676105582077, 0.311355770918313, 0.0, 0.0009346536726617408, 0.00316393129065729, 0.2252804408839806, 0.0, 0.01315877091878234, 0.000335825365583582, 0.11540626131275392, 0.0, 6.230988747552787e-05, 6.16049704224687e-06], "phi_SP": 0.08449435638725311, "stability SP": true, "phi_SP_noisy": null}