Messages,Free entropy density,density,entropy density,stability,physical
"[[0.18188481017469377, 0.45582963120051023], [0.3622855586216768, 3.119158117746517e-12]]",-0.3292331694509931,0.45447792171911877,-0.3292331694509931,True,True
