{"Messages": [[0.18188481017469377, 0.45582963120051023], [0.3622855586216768, 3.119158117746517e-12]], "Free entropy density": -0.3292331694509931, "density": 0.45447792171911877, "entropy density": -0.3292331694509931, "stability": true, "physical": true, "stability AT": false, "linear stability": false, "non linear stability": false, "eta": [0.0, 1.6849966666969222e-08, 0.442829507286643, 0.0, 0.33484872177797875, 0.0, 0.0, 0.0, 1.6849966666969222e-08, 0.0, 0.0, 0.0, 0.2223217372354449, 0.0, 0.0, 0.0], "phi_SP": -0.32923316945099446, "stability SP": true, "phi_SP_noisy": null}