Messages,Free entropy density,density,entropy density,stability,physical
"[[0.2360225689016674, 0.2360225689016674], [0.25050446538538523, 0.2774503968112798]]",0.6650015896861219,0.5423856524805241,0.6650015896861219,False,True
