{"Messages": [[0.2360225689016674, 0.2360225689016674], [0.25050446538538523, 0.2774503968112798]], "Free entropy density": 0.6650015896861219, "density": 0.5423856524805241, "entropy density": 0.6650015896861219, "stability": false, "physical": true}