Messages,Free entropy density,density,entropy density,stability,physical
"[[0.0, 0.09841047906124825], [0.35605247300998477, 0.5455370479287669]]",0.22109359831963826,0.904704057759401,0.22109359831963826,False,True
"[[0.0, 0.4999999999999999], [0.4999999999999999, 2.2531441354991623e-106]]",-0.6931471805599452,0.5,-0.6931471805599452,False,True
"[[0.45585497185338025, 0.40265087545901024], [0.1414941526876095, 3.7020301760068286e-106]]",0.36042344834363105,0.17707188273810134,0.36042344834363105,False,True
