{"Messages": [[0.45585497185338025, 0.40265087545901024], [0.1414941526876095, 3.7020301760068286e-106]], "Free entropy density": 0.36042344834363105, "density": 0.17707188273810134, "entropy density": 0.36042344834363105, "stability": false, "physical": true}