{"replicated free entropy": 0.453890323638916, "cluster free entropy": 0.4538896083831787, "complexity": 7.152557373046875e-07, "density": 0.7557545304298401, "entropy": 0.4538896083831787, "replicated free entropy mean": 0.453890323638916, "replicated free entropy std": 0.0, "cluster free entropy mean": 0.4538896083831787, "cluster free entropy std": 0.0, "complexity mean": 7.152557373046875e-07, "complexity std": 0.0, "density mean": 0.7557545304298401, "density std": 0.0, "entropy mean": 0.4538896083831787, "entropy std": 0.0}