Messages,Free entropy density,density,entropy density,stability,physical
"[[0.0, 0.3578570186408716], [0.4186679526699155, 0.22347502868921285]]",-0.5334086350534579,0.5714285714285714,-0.5334086350534579,False,True
"[[0.24840456913979564, 0.3239602774988347], [0.26005637910769364, 0.16757877425367593]]",-0.24140332419930965,0.4349122107267958,-0.24140332419930965,True,True
