{"Messages": [[0.24840456913979564, 0.3239602774988347], [0.26005637910769364, 0.16757877425367593]], "Free entropy density": -0.24140332419930965, "density": 0.4349122107267958, "entropy density": -0.24140332419930965, "stability": true, "physical": true, "stability AT": true, "linear stability": false, "non linear stability": true, "eta": [0.0, 0.16757876252371007, 0.26005636373693664, 0.0, 0.3239602890097273, 0.0, 0.0, 0.0, 0.24840458472962595, 0.0, 0.0, 0.0, 0.0, 0.0, 0.0, 0.0], "phi_SP": -0.2414033241993132, "stability SP": true, "phi_SP_noisy": null}