{"Messages": [[0.19125514249654396, 0.2589777184549339], [0.24518038650849477, 0.30458675254002743]], "Free entropy density": 0.13699591031214275, "density": 0.6096076580901422, "entropy density": 0.13699591031214275, "stability": false, "physical": true}