{"Messages": [[0.3571663487432236, 0.3005159232079273], [0.12931667808192396, 0.21300104996692515]], "Free entropy density": 0.23258748563433995, "density": 0.33603660895988474, "entropy density": 0.23258748563433995, "stability": false, "physical": true}