{"replicated free entropy": 0.5604599714279175, "cluster free entropy": 0.5604617595672607, "complexity": -1.7881393432617188e-06, "density": 0.3370530307292938, "entropy": 0.5604617595672607, "replicated free entropy mean": 0.5604599714279175, "replicated free entropy std": 0.0, "cluster free entropy mean": 0.5604617595672607, "cluster free entropy std": 0.0, "complexity mean": -1.7881393432617188e-06, "complexity std": 0.0, "density mean": 0.3370530307292938, "density std": 0.0, "entropy mean": 0.5604617595672607, "entropy std": 0.0, "stability": true, "stability non zero": true, "fraction hard fields": 0.0, "fraction i frozen": 0.0, "fraction j frozen": 0.0, "fraction config forbidden": 0.0}