Messages,Free entropy density,density,entropy density,stability,physical
"[[0.24675327928083995, 0.3452289759231468], [0.21525740832237772, 0.19276033647363547]]",0.21906497551099058,0.45189799841066397,0.21906497551099058,True,True
