{"Messages": [[0.24675327928083995, 0.3452289759231468], [0.21525740832237772, 0.19276033647363547]], "Free entropy density": 0.21906497551099058, "density": 0.45189799841066397, "entropy density": 0.21906497551099058, "stability": true, "physical": true, "stability AT": true, "linear stability": false, "non linear stability": true, "eta": [0.0, 8.64400484823481e-13, 5.540632934109205e-11, 1.2590173668452205e-09, 1.4785778467057017e-13, 2.732276175575497e-11, 0.0, 7.44146253582133e-11, 1.6526399219756348e-14, 0.0, 0.0, 0.0, 1.6897633452992198e-09, 3.9657936099815014e-10, 2.8940577188262047e-08, 0.9999999675558902], "phi_SP": -4.930380657631324e-32, "stability SP": true, "phi_SP_noisy": null}