{"replicated free entropy": 0.029793262481689453, "cluster free entropy": 0.0002550482749938965, "complexity": 0.029538214206695557, "density": 0.6607921719551086, "entropy": 0.0002550482749938965, "replicated free entropy mean": 0.03031424196755014, "replicated free entropy std": 0.0002600816643456281, "cluster free entropy mean": 9.54982711047661e-06, "cluster free entropy std": 0.00038175288176043047, "complexity mean": 0.03030469214043966, "complexity std": 0.00042206083831657245, "density mean": 0.6614411153444429, "density std": 0.000541836335654066, "entropy mean": 9.54982711047661e-06, "entropy std": 0.00038175288176043047, "stability": true, "stability non zero": true, "fraction hard fields": 0.7666882276535034, "fraction i frozen": 1.0, "fraction j frozen": 0.7666882276535034, "fraction config forbidden": 1.0}