{"replicated free entropy": 0.36023974418640137, "cluster free entropy": 0.3602418899536133, "complexity": -2.1457672119140625e-06, "density": 0.5066436529159546, "entropy": 0.3602418899536133, "replicated free entropy mean": 0.36023974418640137, "replicated free entropy std": 0.0, "cluster free entropy mean": 0.36024195973466083, "cluster free entropy std": 1.685372416122883e-07, "complexity mean": -2.2155482594559833e-06, "complexity std": 1.6853724161228827e-07, "density mean": 0.5066436514621828, "density std": 9.194460322706813e-09, "entropy mean": 0.36024195973466083, "entropy std": 1.685372416122883e-07}