{"replicated free entropy": 0.048763275146484375, "cluster free entropy": -0.0006119012832641602, "complexity": 0.049375176429748535, "density": 0.5462591648101807, "entropy": -0.0006119012832641602, "replicated free entropy mean": 0.048763275146484375, "replicated free entropy std": 0.0, "cluster free entropy mean": -0.0006119012832641602, "cluster free entropy std": 0.0, "complexity mean": 0.049375176429748535, "complexity std": 0.0, "density mean": 0.5462591648101807, "density std": 0.0, "entropy mean": -0.0006119012832641602, "entropy std": 0.0}