{"replicated free entropy": 0.18219494819641113, "cluster free entropy": 0.18219399452209473, "complexity": 9.5367431640625e-07, "density": 0.7235398292541504, "entropy": 0.18219399452209473, "replicated free entropy mean": 0.18219494819641113, "replicated free entropy std": 0.0, "cluster free entropy mean": 0.18219399452209473, "cluster free entropy std": 0.0, "complexity mean": 9.5367431640625e-07, "complexity std": 0.0, "density mean": 0.7235398292541504, "density std": 0.0, "entropy mean": 0.18219399452209473, "entropy std": 0.0}