{"Free entropy density": 0.46807000700071866, "density": 0.45337091135108704, "entropy density": 0.46807000700071866, "stability": true, "stability non zero": true, "fraction hard fields": 0.0, "fraction i frozen": 0.0, "fraction config forbidden": 0.0, "fraction found": 1.0}