{"Messages": [[0.14016000092051137, 0.14016000092051137], [0.24877324143427057, 0.4709067567247067]], "Free entropy density": 0.2994591766924004, "density": 0.8247929719092034, "entropy density": 0.2994591766924004, "stability": false, "physical": true}