{"Messages": [[0.2522528680773322, 0.35148850577717405], [0.26487641593360467, 0.13138221021188895]], "Free entropy density": 0.26396801790563096, "density": 0.4131952029887341, "entropy density": 0.26396801790563096, "stability": false, "physical": true}