{"Free entropy density": 0.09262321390516999, "density": 0.32613368252260283, "entropy density": 0.09262321390516999, "stability": true, "stability non zero": true, "fraction hard fields": 0.0, "fraction i frozen": 0.0, "fraction config forbidden": 0.0, "fraction found": 1.0}