{"Messages": [[0.09389255716572625, 0.13955583625089563], [0.30830578650915014, 0.458245820074228]], "Free entropy density": 0.2908687931262599, "density": 0.8299474171038804, "entropy density": 0.2908687931262599, "stability": false, "physical": true}