{"Messages": [[0.5502438322087155, 0.12207616683098974], [0.32768000096029465, 3.323760257154481e-18]], "Free entropy density": 0.3990262547744843, "density": 8.211159155741528e-53, "entropy density": 0.3990262547744843, "stability": false, "physical": true, "stability AT": false, "linear stability": true, "non linear stability": true, "eta": [0.0, 0.316987292088057, 0.18301270791194318, 0.0, 0.18301270791194302, 0.0, 0.0, 0.0, 0.3169872920880566, 0.0, 0.0, 0.0, 0.0, 0.0, 0.0, 0.0], "phi_SP": -0.43152310867767296, "stability SP": true, "phi_SP_noisy": null}