{"replicated free entropy": 0.10347986221313477, "cluster free entropy": -0.0009111464023590088, "complexity": 0.10439100861549377, "density": 0.38401615619659424, "entropy": -0.0009111464023590088, "replicated free entropy mean": 0.10377549834367705, "replicated free entropy std": 0.00018692247180182925, "cluster free entropy mean": -0.0008746494607227604, "cluster free entropy std": 0.00027102644238652417, "complexity mean": 0.10465014780439981, "complexity std": 0.0002527766420275555, "density mean": 0.38376402782230845, "density std": 0.0004504839996811121, "entropy mean": -0.0008746494607227604, "entropy std": 0.00027102644238652417, "stability": true, "stability non zero": true, "fraction hard fields": 0.7155783176422119, "fraction i frozen": 1.0, "fraction j frozen": 0.7155783176422119, "fraction config forbidden": 1.0}