{"replicated free entropy": 0.34962987899780273, "cluster free entropy": 0.34962987899780273, "complexity": 0.0, "density": 0.2756554186344147, "entropy": 0.34962987899780273, "replicated free entropy mean": 0.34962987899780273, "replicated free entropy std": 0.0, "cluster free entropy mean": 0.34962987899780273, "cluster free entropy std": 0.0, "complexity mean": 0.0, "complexity std": 0.0, "density mean": 0.2756554186344147, "density std": 0.0, "entropy mean": 0.34962987899780273, "entropy std": 0.0}