{"Messages": [[0.0, 0.2010212885436052], [0.4141291106270215, 0.38484960082937336]], "Free entropy density": 0.1160438186268582, "density": 0.7353878535532825, "entropy density": 0.1160438186268582, "stability": false, "physical": true}