{"replicated free entropy": 0.27162718772888184, "cluster free entropy": 0.271625280380249, "complexity": 1.9073486328125e-06, "density": 0.7919585704803467, "entropy": 0.271625280380249, "replicated free entropy mean": 0.27162718772888184, "replicated free entropy std": 0.0, "cluster free entropy mean": 0.271625280380249, "cluster free entropy std": 0.0, "complexity mean": 1.9073486328125e-06, "complexity std": 0.0, "density mean": 0.7919585704803467, "density std": 0.0, "entropy mean": 0.271625280380249, "entropy std": 0.0}