{"Messages": [[0.47017091416108564, 0.25445928274899027], [0.14060305006600937, 0.13476675302391458]], "Free entropy density": 0.2997050839225168, "density": 0.1735637089526697, "entropy density": 0.2997050839225168, "stability": false, "physical": true}