Messages,Free entropy density,density,entropy density,stability,physical
"[[0.11886752521489982, 0.22890105920722909], [0.35796574330477166, 0.29426567227309947]]",0.4132916454543931,0.6369293324118871,0.4132916454543931,False,True
"[[0.9999999999999951, 2.2634861732416944e-15], [1.364024639073799e-15, 1.2594576368163447e-15]]",-9.781875224740546e-29,1.5152008770851856e-58,-9.781875224740546e-29,False,True
