{"Messages": [[0.11886752521489982, 0.22890105920722909], [0.35796574330477166, 0.29426567227309947]], "Free entropy density": 0.4132916454543931, "density": 0.6369293324118871, "entropy density": 0.4132916454543931, "stability": false, "physical": true}