Messages,Free entropy density,density,entropy density,stability,physical
"[[0.23400365536717987, 0.23400365536717987], [0.2371331904841112, 0.2948594987815291]]",0.6350210759744497,0.5636861363031194,0.6350210759744497,True,True
