{"Messages": [[0.23400365536717987, 0.23400365536717987], [0.2371331904841112, 0.2948594987815291]], "Free entropy density": 0.6350210759744497, "density": 0.5636861363031194, "entropy density": 0.6350210759744497, "stability": true, "physical": true, "stability AT": true, "linear stability": true, "non linear stability": true, "eta": [0.0, 3.204292138562628e-10, 9.94646472819579e-11, 1.870718485793927e-08, 9.94646472819579e-11, 0.0, 0.0, 0.0, 9.94646472819579e-11, 0.0, 0.0, 0.0, 9.300518164487864e-09, 6.287550412468736e-10, 0.0, 0.9999999707447188], "phi_SP": 0.0, "stability SP": true, "phi_SP_noisy": null}