{"replicated free entropy": 0.29923152923583984, "cluster free entropy": 0.05110478401184082, "complexity": 0.24812674522399902, "density": 0.5711306929588318, "entropy": 0.05110478401184082, "replicated free entropy mean": 0.29965264041249345, "replicated free entropy std": 0.000372261435625682, "cluster free entropy mean": 0.05110723507113573, "cluster free entropy std": 0.0010201485495255841, "complexity mean": 0.24854540534135772, "complexity std": 0.00095834057297437, "density mean": 0.5703452970923447, "density std": 0.0009254243119968808, "entropy mean": 0.05110723507113573, "entropy std": 0.0010201485495255841}