{"Messages": [[0.2928932188121135, 0.2071067811863589], [0.20710678118673614, 0.29289321881479136]], "Free entropy density": -0.20273255405408186, "density": 0.500000000004116, "entropy density": -0.20273255405408186, "stability": true, "physical": true, "stability AT": true, "linear stability": false, "non linear stability": true, "eta": [0.0, 0.2928932128362195, 0.2071067871637805, 0.0, 0.2071067871637805, 0.0, 0.0, 0.0, 0.2928932128362195, 0.0, 0.0, 0.0, 0.0, 0.0, 0.0, 0.0], "phi_SP": -0.20273255405408408, "stability SP": true, "phi_SP_noisy": null}