{"replicated free entropy": 0.23215031623840332, "cluster free entropy": -0.0004953145980834961, "complexity": 0.23264563083648682, "density": 0.3367757797241211, "entropy": -0.0004953145980834961, "replicated free entropy mean": 0.23215031623840332, "replicated free entropy std": 0.0, "cluster free entropy mean": -0.0004953145980834961, "cluster free entropy std": 0.0, "complexity mean": 0.23264563083648682, "complexity std": 0.0, "density mean": 0.3367757797241211, "density std": 0.0, "entropy mean": -0.0004953145980834961, "entropy std": 0.0}