{"replicated free entropy": 0.44845128059387207, "cluster free entropy": 0.44845032691955566, "complexity": 9.5367431640625e-07, "density": 0.5928438305854797, "entropy": 0.44845032691955566, "replicated free entropy mean": 0.44845128059387207, "replicated free entropy std": 0.0, "cluster free entropy mean": 0.44845032110446836, "cluster free entropy std": 3.677784129082726e-08, "complexity mean": 9.5948940370141e-07, "complexity std": 3.677784129082725e-08, "density mean": 0.5928438305854797, "density std": 0.0, "entropy mean": 0.44845032110446836, "entropy std": 3.677784129082726e-08}