Messages,Free entropy density,density,entropy density,stability,physical
"[[0.0, 0.27448498532951476], [0.39587585214732796, 0.3296391625231573]]",-0.36620409622270333,0.6666666666666667,-0.36620409622270333,False,True
"[[0.0, 0.9999999999999998], [1.683243488495502e-23, 0.0]]",-106.26376347879845,0,-106.26376347879845,False,False
"[[0.21393876913398135, 0.2620204102886729], [0.2620204102886729, 0.26202041028867296]]",-0.2006706954621511,0.5454545454545456,-0.2006706954621511,True,True
