{"Messages": [[0.21393876913398135, 0.2620204102886729], [0.2620204102886729, 0.26202041028867296]], "Free entropy density": -0.2006706954621511, "density": 0.5454545454545456, "entropy density": -0.2006706954621511, "stability": true, "physical": true, "stability AT": true, "linear stability": false, "non linear stability": true, "eta": [0.0, 0.2620204272812266, 0.26202042606585274, 0.0, 0.2620203940580361, 0.0, 0.0, 0.0, 0.2139387525948846, 0.0, 0.0, 0.0, 0.0, 0.0, 0.0, 0.0], "phi_SP": -0.20067069546215732, "stability SP": true, "phi_SP_noisy": null}