Messages,Free entropy density,density,entropy density,stability,physical
"[[0.2644162381072154, 0.3063583714515471], [0.24861979320187275, 0.18060559723936473]]",0.5477822623450912,0.4268295964288999,0.5477822623450912,True,True
