{"Messages": [[0.2644162381072154, 0.3063583714515471], [0.24861979320187275, 0.18060559723936473]], "Free entropy density": 0.5477822623450912, "density": 0.4268295964288999, "entropy density": 0.5477822623450912, "stability": true, "physical": true, "stability AT": true, "linear stability": false, "non linear stability": true, "eta": [0.0, 4.074071952668997e-11, 2.6256277084321944e-10, 1.027850110518472e-08, 1.1144295880241508e-10, 0.0, 0.0, 2.776693361952009e-10, 4.074071952668997e-11, 0.0, 0.0, 0.0, 2.0264357002295175e-08, 0.0, 1.1959723753737224e-09, 0.9999999675280131], "phi_SP": -2.2204460492503128e-16, "stability SP": true, "phi_SP_noisy": null}