{"replicated free entropy": -0.0007922649383544922, "cluster free entropy": 0.0004361867904663086, "complexity": -0.0012284517288208008, "density": 0.5441859364509583, "entropy": 0.0004361867904663086, "replicated free entropy mean": -0.0011831056780931427, "replicated free entropy std": 0.00015933586927570866, "cluster free entropy mean": 0.0005093987395123737, "cluster free entropy std": 0.00032880521066520093, "complexity mean": -0.0016925044176055164, "complexity std": 0.00032511541500296847, "density mean": 0.5438200104527358, "density std": 0.0004787614327905258, "entropy mean": 0.0005093987395123737, "entropy std": 0.00032880521066520093, "stability": true, "stability non zero": true, "fraction hard fields": 0.6809991002082825, "fraction i frozen": 1.0, "fraction j frozen": 0.6809991002082825, "fraction config forbidden": 1.0}