{"replicated free entropy": 0.5266730785369873, "cluster free entropy": 0.5266761779785156, "complexity": -3.0994415283203125e-06, "density": 0.3152460753917694, "entropy": 0.5266761779785156, "replicated free entropy mean": 0.5266730785369873, "replicated free entropy std": 0.0, "cluster free entropy mean": 0.5266761779785156, "cluster free entropy std": 0.0, "complexity mean": -3.0994415283203125e-06, "complexity std": 0.0, "density mean": 0.3152460753917694, "density std": 0.0, "entropy mean": 0.5266761779785156, "entropy std": 0.0}