Messages,Free entropy density,density,entropy density,stability,physical
"[[0.35635927799105616, 0.35635927799105616], [0.1864423910938743, 0.10083905292401335]]",0.5079620143524082,0.28369350064899584,0.5079620143524082,False,True
