{"Messages": [[0.35635927799105616, 0.35635927799105616], [0.1864423910938743, 0.10083905292401335]], "Free entropy density": 0.5079620143524082, "density": 0.28369350064899584, "entropy density": 0.5079620143524082, "stability": false, "physical": true}