Messages,Free entropy density,density,entropy density,stability,physical
"[[0.2136695057289506, 0.2695318806565955], [0.25567087199980837, 0.2611277416146455]]",0.4880422664954711,0.54476787942055,0.4880422664954711,True,True
