{"Messages": [[0.2136695057289506, 0.2695318806565955], [0.25567087199980837, 0.2611277416146455]], "Free entropy density": 0.4880422664954711, "density": 0.54476787942055, "entropy density": 0.4880422664954711, "stability": true, "physical": true, "stability AT": true, "linear stability": true, "non linear stability": true, "eta": [0.0, 1.0482523065867193e-10, 1.8376893936831963e-10, 1.954819789947081e-08, 4.298566720596576e-11, 3.1954668476301686e-10, 0.0, 8.071077682002508e-11, 1.0679935179604618e-11, 0.0, 0.0, 0.0, 8.558056647976672e-09, 2.4016821553479017e-10, 7.506694083514797e-10, 0.9999999701603905], "phi_SP": 5.551115123125783e-17, "stability SP": true, "phi_SP_noisy": null}