{"replicated free entropy": -0.5332906246185303, "cluster free entropy": 0.0, "complexity": -0.5332906246185303, "density": 0.5714026093482971, "entropy": 0.0, "replicated free entropy mean": -0.5333898648983095, "replicated free entropy std": 0.0003221370947559886, "cluster free entropy mean": 0.0, "cluster free entropy std": 0.0, "complexity mean": -0.5333898648983095, "complexity std": 0.0003221370947559886, "density mean": 0.5715365816907185, "density std": 0.0007749219292526456, "entropy mean": 0.0, "entropy std": 0.0, "stability": true, "stability non zero": true, "fraction hard fields": 1.0, "fraction i frozen": 1.0, "fraction j frozen": 1.0, "fraction config forbidden": 1.0}