{"Messages": [[0.37648565446708626, 0.2358240676030798], [0.18428843651168014, 0.2034018414181538]], "Free entropy density": 0.3603183170340343, "density": 0.31415397625869523, "entropy density": 0.3603183170340343, "stability": true, "physical": true, "stability AT": true, "linear stability": true, "non linear stability": true, "eta": [0.0, 1.0087034782323915e-10, 9.394568196655256e-11, 7.062589048135556e-09, 6.383292008828128e-11, 1.8396188832644487e-12, 1.226000319693451e-10, 4.3506957670232676e-11, 3.734180070114636e-10, 7.284096952557185e-11, 1.779890842293312e-11, 8.694053699836329e-10, 2.047579524556062e-08, 9.949811031588724e-10, 2.459901157423836e-10, 0.9999999694605857], "phi_SP": 1.6653345369377348e-16, "stability SP": true, "phi_SP_noisy": null}