Messages,Free entropy density,density,entropy density,stability,physical
"[[0.5266853865713841, 0.36521160773515593], [0.10810300569344113, 1.8996258927010786e-14]]",0.23465390813858478,0.11078865523665374,0.23465390813858478,False,True
