{"Messages": [[0.5266853865713841, 0.36521160773515593], [0.10810300569344113, 1.8996258927010786e-14]], "Free entropy density": 0.23465390813858478, "density": 0.11078865523665374, "entropy density": 0.23465390813858478, "stability": false, "physical": true}