{"replicated free entropy": 0.19004583358764648, "cluster free entropy": 0.19004464149475098, "complexity": 1.1920928955078125e-06, "density": 0.1385238766670227, "entropy": 0.19004464149475098, "replicated free entropy mean": 0.19004583358764648, "replicated free entropy std": 0.0, "cluster free entropy mean": 0.19004462986457638, "cluster free entropy std": 5.135746040767488e-08, "complexity mean": 1.2037230700981326e-06, "complexity std": 5.135746040767488e-08, "density mean": 0.13852387739390862, "density std": 3.20984127547968e-09, "entropy mean": 0.19004462986457638, "entropy std": 5.135746040767488e-08}