{"replicated free entropy": 0.30898571014404297, "cluster free entropy": 0.30898332595825195, "complexity": 2.384185791015625e-06, "density": 0.22484222054481506, "entropy": 0.30898332595825195, "replicated free entropy mean": 0.30898571014404297, "replicated free entropy std": 0.0, "cluster free entropy mean": 0.30898332595825195, "cluster free entropy std": 0.0, "complexity mean": 2.384185791015625e-06, "complexity std": 0.0, "density mean": 0.22484222054481506, "density std": 0.0, "entropy mean": 0.30898332595825195, "entropy std": 0.0}