{"replicated free entropy": 0.2968766689300537, "cluster free entropy": 0.2968759536743164, "complexity": 7.152557373046875e-07, "density": 0.16687804460525513, "entropy": 0.2968759536743164, "replicated free entropy mean": 0.2968766689300537, "replicated free entropy std": 0.0, "cluster free entropy mean": 0.2968759536743164, "cluster free entropy std": 0.0, "complexity mean": 7.152557373046875e-07, "complexity std": 0.0, "density mean": 0.16687804460525513, "density std": 0.0, "entropy mean": 0.2968759536743164, "entropy std": 0.0}