{"replicated free entropy": 0.28330886363983154, "cluster free entropy": 0.28330910205841064, "complexity": -2.384185791015625e-07, "density": 0.8697671294212341, "entropy": 0.28330910205841064, "replicated free entropy mean": 0.28330886363983154, "replicated free entropy std": 0.0, "cluster free entropy mean": 0.28330910205841064, "cluster free entropy std": 0.0, "complexity mean": -2.384185791015625e-07, "complexity std": 0.0, "density mean": 0.8697671294212341, "density std": 0.0, "entropy mean": 0.28330910205841064, "entropy std": 0.0, "stability": false, "stability non zero": true, "fraction hard fields": 0.0, "fraction i frozen": 0.0, "fraction j frozen": 0.0, "fraction config forbidden": 1.0}