{"Messages": [[0.45809028221601417, 0.30933729684281286], [0.07439689270428881, 0.15817552823688413]], "Free entropy density": 0.10530959433949372, "density": 0.17100147224766113, "entropy density": 0.10530959433949372, "stability": false, "physical": true}