{"replicated free entropy": 0.2963906526565552, "cluster free entropy": 0.29638850688934326, "complexity": 2.1457672119140625e-06, "density": 0.4999999701976776, "entropy": 0.29638850688934326, "replicated free entropy mean": 0.2963906526565552, "replicated free entropy std": 0.0, "cluster free entropy mean": 0.29638850688934326, "cluster free entropy std": 0.0, "complexity mean": 2.1457672119140625e-06, "complexity std": 0.0, "density mean": 0.4999999701976776, "density std": 0.0, "entropy mean": 0.29638850688934326, "entropy std": 0.0, "stability": true, "stability non zero": true, "fraction hard fields": 0.0, "fraction i frozen": 0.0, "fraction j frozen": 0.0, "fraction config forbidden": 0.0}