{"Messages": [[1.467839114233654e-13, 0.27448498532947446], [0.3958758521472699, 0.3296391625231089]], "Free entropy density": -0.36620409622270333, "density": 0.6666666666666666, "entropy density": -0.36620409622270333, "stability": true, "physical": true, "stability AT": true, "linear stability": false, "non linear stability": false, "eta": [0.0, 0.329639151674708, 0.39587583911900853, 0.0, 0.2744849762961924, 0.0, 0.0, 0.0, 3.291009114642426e-08, 0.0, 0.0, 0.0, 0.0, 0.0, 0.0, 0.0], "phi_SP": -0.36620409622271, "stability SP": true, "phi_SP_noisy": null}