Messages,Free entropy density,density,entropy density,stability,physical
"[[0.1522521917716958, 0.21312771192881824], [0.30437768515581076, 0.3302424111436751]]",0.2822580799282379,0.6639022051007006,0.2822580799282379,False,True
"[[0.5000000000000002, 0.4999999999999999], [7.402983151916176e-25, 0.0]]",0.0,0,0.0,False,True
