{"Messages": [[0.1522521917716958, 0.21312771192881824], [0.30437768515581076, 0.3302424111436751]], "Free entropy density": 0.2822580799282379, "density": 0.6639022051007006, "entropy density": 0.2822580799282379, "stability": false, "physical": true}