{"replicated free entropy": -0.043013811111450195, "cluster free entropy": 0.0002713799476623535, "complexity": -0.04328519105911255, "density": 0.6563119292259216, "entropy": 0.0002713799476623535, "replicated free entropy mean": -0.04296863951334139, "replicated free entropy std": 0.00022736856386879962, "cluster free entropy mean": 0.0003081574672605933, "cluster free entropy std": 0.0009326263970961886, "complexity mean": -0.04327679698060199, "complexity std": 0.0009158421750713942, "density mean": 0.6556512684356876, "density std": 0.0018786589525005826, "entropy mean": 0.0003081574672605933, "entropy std": 0.0009326263970961886, "stability": true, "stability non zero": true, "fraction hard fields": 0.612403929233551, "fraction i frozen": 1.0, "fraction j frozen": 0.612403929233551, "fraction config forbidden": 1.0}