{"replicated free entropy": 0.6112570762634277, "cluster free entropy": 0.611260175704956, "complexity": -3.0994415283203125e-06, "density": 0.3769552409648895, "entropy": 0.611260175704956, "replicated free entropy mean": 0.6112570762634277, "replicated free entropy std": 0.0, "cluster free entropy mean": 0.611260175704956, "cluster free entropy std": 0.0, "complexity mean": -3.0994415283203125e-06, "complexity std": 0.0, "density mean": 0.3769552409648895, "density std": 0.0, "entropy mean": 0.611260175704956, "entropy std": 0.0}