Messages,Free entropy density,density,entropy density,stability,physical
"[[0.0, 0.49999999999854705], [0.49999999999854705, 2.906024913028248e-12]]",-0.6931471805599452,0.5,-0.6931471805599452,False,True
"[[0.45585497185195833, 0.40265087545775435], [0.1414941526871682, 3.119158117746517e-12]]",0.36042344834363105,0.17707188273810143,0.36042344834363105,True,True
