{"Messages": [[0.45585497185195833, 0.40265087545775435], [0.1414941526871682, 3.119158117746517e-12]], "Free entropy density": 0.36042344834363105, "density": 0.17707188273810143, "entropy density": 0.36042344834363105, "stability": true, "physical": true}