{"Messages": [[0.1265346593720573, 0.2542942467714778], [0.34135853947080563, 0.2778125543856592]], "Free entropy density": 0.2137002541619033, "density": 0.6146333747097363, "entropy density": 0.2137002541619033, "stability": false, "physical": true}