{"replicated free entropy": 0.6488850116729736, "cluster free entropy": 0.6488856077194214, "complexity": -5.960464477539062e-07, "density": 0.4211157262325287, "entropy": 0.6488856077194214, "replicated free entropy mean": 0.6488850116729736, "replicated free entropy std": 0.0, "cluster free entropy mean": 0.6488856077194214, "cluster free entropy std": 0.0, "complexity mean": -5.960464477539062e-07, "complexity std": 0.0, "density mean": 0.4211157262325287, "density std": 0.0, "entropy mean": 0.6488856077194214, "entropy std": 0.0, "stability": true, "stability non zero": true, "fraction hard fields": 0.0, "fraction i frozen": 0.0, "fraction j frozen": 0.0, "fraction config forbidden": 0.0}