Messages,Free entropy density,density,entropy density,stability,physical
"[[0.19557962336304574, 0.2812844225900395], [0.3147843554098553, 0.20835159863705957]]",0.2853030263958849,0.5099690948354236,0.2853030263958849,True,True
