{"Messages": [[0.19557962336304574, 0.2812844225900395], [0.3147843554098553, 0.20835159863705957]], "Free entropy density": 0.2853030263958849, "density": 0.5099690948354236, "entropy density": 0.2853030263958849, "stability": true, "physical": true, "stability AT": true, "linear stability": false, "non linear stability": true, "eta": [0.0, 1.2313126936373369e-13, 8.611049951569332e-11, 1.3113636858313724e-08, 1.9640021757775317e-10, 0.0, 1.9503610854206297e-10, 1.7499281807500971e-10, 1.382365496913417e-10, 0.0, 0.0, 2.256643103419839e-10, 1.4829053063561659e-08, 0.0, 1.8136340449030751e-09, 0.9999999692271127], "phi_SP": 2.2204460492503091e-16, "stability SP": true, "phi_SP_noisy": null}