{"replicated free entropy": 0.3109579086303711, "cluster free entropy": 0.310957670211792, "complexity": 2.384185791015625e-07, "density": 0.46095091104507446, "entropy": 0.310957670211792, "replicated free entropy mean": 0.3109579086303711, "replicated free entropy std": 0.0, "cluster free entropy mean": 0.310957670211792, "cluster free entropy std": 0.0, "complexity mean": 2.384185791015625e-07, "complexity std": 0.0, "density mean": 0.46095091104507446, "density std": 0.0, "entropy mean": 0.310957670211792, "entropy std": 0.0}