{"Messages": [[0.9999999999999998, 6.326728863554119e-43], [2.833634409962833e-45, 4.706424903995492e-45]], "Free entropy density": 0.0, "density": 5.651592418899623e-129, "entropy density": 0.0, "stability": true, "physical": true, "stability AT": true, "linear stability": true, "non linear stability": true, "eta": [0.0, 0.1803945048386484, 0.22373281566185993, 0.0, 0.2909021589038749, 0.0, 0.0, 0.0, 0.3049705205956168, 0.0, 0.0, 0.0, 0.0, 0.0, 0.0, 0.0], "phi_SP": -0.0750872302744594, "stability SP": true, "phi_SP_noisy": null}