{"Messages": [[0.49999999999834865, 0.49999999999834865], [1.8347988927920673e-13, 3.119158117746517e-12]], "Free entropy density": 4.440892098500626e-16, "density": 0, "entropy density": 4.440892098500626e-16, "stability": true, "physical": true, "stability AT": true, "linear stability": true, "non linear stability": true, "eta": [0.0, 8.627182933488242e-09, 8.627182933488242e-09, 0.0, 8.627182933488242e-09, 0.0, 0.0, 0.0, 8.627182933488242e-09, 0.0, 0.0, 0.0, 0.9999999654912683, 0.0, 0.0, 0.0], "phi_SP": -1.1350280536132537e-16, "stability SP": true, "phi_SP_noisy": null}