{"replicated free entropy": 0.1160426139831543, "cluster free entropy": 0.11603999137878418, "complexity": 2.6226043701171875e-06, "density": 0.7353879809379578, "entropy": 0.11603999137878418, "replicated free entropy mean": 0.11604263142841618, "replicated free entropy std": 8.141122213224086e-08, "cluster free entropy mean": 0.11603999137878418, "cluster free entropy std": 1.0531571013912825e-07, "complexity mean": 2.6400496320026675e-06, "complexity std": 8.141122213224086e-08, "density mean": 0.7353879765766423, "density std": 2.0352805533060215e-08, "entropy mean": 0.11603999137878418, "entropy std": 1.0531571013912825e-07, "stability": true, "stability non zero": true, "fraction hard fields": 0.0, "fraction i frozen": 0.0, "fraction j frozen": 0.0, "fraction config forbidden": 1.0}