{"Messages": [[0.35900262426652346, 0.35900262426652346], [0.14619462060414695, 0.13580013086280607]], "Free entropy density": 0.35317046652330797, "density": 0.2811251592850135, "entropy density": 0.35317046652330797, "stability": false, "physical": true}