{"Messages": [[0.36591387246021667, 0.2935598167975757], [0.18894355160477688, 0.15158275913743074]], "Free entropy density": 0.5154419831043362, "density": 0.29291545081067505, "entropy density": 0.5154419831043362, "stability": false, "physical": true}