{"Messages": [[0.36571514881507766, 0.3576145164354413], [0.14281570384395856, 0.1338546309055225]], "Free entropy density": 0.348379433607759, "density": 0.2718170132832514, "entropy density": 0.348379433607759, "stability": false, "physical": true}