{"replicated free entropy": -0.11170172691345215, "cluster free entropy": 0.0, "complexity": -0.11170172691345215, "density": 0.6005184650421143, "entropy": 0.0, "replicated free entropy mean": -0.1115858438538342, "replicated free entropy std": 0.0002257402691753526, "cluster free entropy mean": 0.0, "cluster free entropy std": 0.0, "complexity mean": -0.1115858438538342, "complexity std": 0.0002257402691753526, "density mean": 0.6001417898550266, "density std": 0.0006607470771979347, "entropy mean": 0.0, "entropy std": 0.0, "stability": true, "stability non zero": true, "fraction hard fields": 1.0, "fraction i frozen": 1.0, "fraction j frozen": 1.0, "fraction config forbidden": 1.0}