Messages,Free entropy density,density,entropy density,stability,physical
"[[0.0, 0.2655050282297846], [0.37548081180081283, 0.3590141599694026]]",-0.0760229026546424,0.6963156915363518,-0.0760229026546424,False,True
"[[0.0, 0.5], [0.5, 0.0]]",-0.3465735902799727,0.5,-0.3465735902799727,False,True
"[[0.5054673576939763, 0.3457133151754509], [0.1488193271086982, 2.1874620500214026e-11]]",0.2937913661954903,0.14355344781178186,0.2937913661954903,True,True
