{"Messages": [[0.5054673576939763, 0.3457133151754509], [0.1488193271086982, 2.1874620500214026e-11]], "Free entropy density": 0.2937913661954903, "density": 0.14355344781178186, "entropy density": 0.2937913661954903, "stability": true, "physical": true, "stability AT": true, "linear stability": true, "non linear stability": true, "eta": [0.0, 0.3184647805439311, 0.15420809112960226, 0.0, 0.029494804739193824, 0.0, 0.0, 0.0, 0.12420294241442814, 0.0, 0.0, 0.0, 0.20048311619500406, 0.0, 0.17314626497784055, 0.0], "phi_SP": 0.14767778844745327, "stability SP": false, "phi_SP_noisy": -1.1102230246251563e-16}