{"Messages": [[0.45925992353535805, 0.40106640093943413], [0.13967367552271248, 2.4953264941972137e-12]], "Free entropy density": 0.35779923144031, "density": 0.17345498823788003, "entropy density": 0.35779923144031, "stability": false, "physical": true}