{"replicated free entropy": 0.3332498073577881, "cluster free entropy": 0.3332498073577881, "complexity": 0.0, "density": 0.24543654918670654, "entropy": 0.3332498073577881, "replicated free entropy mean": 0.3332498073577881, "replicated free entropy std": 0.0, "cluster free entropy mean": 0.3332498073577881, "cluster free entropy std": 0.0, "complexity mean": 0.0, "complexity std": 0.0, "density mean": 0.24543654918670654, "density std": 0.0, "entropy mean": 0.3332498073577881, "entropy std": 0.0}