{"Messages": [[0.4909384084951889, 0.2762146704697155], [0.12721521999911545, 0.10563170103598005]], "Free entropy density": 0.28405571843172206, "density": 0.14357545437607683, "entropy density": 0.28405571843172206, "stability": false, "physical": true}