{"replicated free entropy": 0.502021074295044, "cluster free entropy": 0.5020229816436768, "complexity": -1.9073486328125e-06, "density": 0.2712099850177765, "entropy": 0.5020229816436768, "replicated free entropy mean": 0.502021074295044, "replicated free entropy std": 0.0, "cluster free entropy mean": 0.5020229816436768, "cluster free entropy std": 0.0, "complexity mean": -1.9073486328125e-06, "complexity std": 0.0, "density mean": 0.2712099850177765, "density std": 0.0, "entropy mean": 0.5020229816436768, "entropy std": 0.0}