{"replicated free entropy": 0.20701265335083008, "cluster free entropy": 0.20701098442077637, "complexity": 1.6689300537109375e-06, "density": 0.16681210696697235, "entropy": 0.20701098442077637, "replicated free entropy mean": 0.20701265335083008, "replicated free entropy std": 0.0, "cluster free entropy mean": 0.20701098442077637, "cluster free entropy std": 0.0, "complexity mean": 1.6689300537109375e-06, "complexity std": 0.0, "density mean": 0.16681210696697235, "density std": 0.0, "entropy mean": 0.20701098442077637, "entropy std": 0.0}