{"replicated free entropy": 0.24751663208007812, "cluster free entropy": 0.24751901626586914, "complexity": -2.384185791015625e-06, "density": 0.688508927822113, "entropy": 0.24751901626586914, "replicated free entropy mean": 0.24751663208007812, "replicated free entropy std": 0.0, "cluster free entropy mean": 0.24751901626586914, "cluster free entropy std": 0.0, "complexity mean": -2.384185791015625e-06, "complexity std": 0.0, "density mean": 0.688508927822113, "density std": 0.0, "entropy mean": 0.24751901626586914, "entropy std": 0.0}