{"Messages": [[0.3102676008152022, 0.298855779499214], [0.15459607159296163, 0.23628054809262225]], "Free entropy density": 0.2808336008989709, "density": 0.41730519187222886, "entropy density": 0.2808336008989709, "stability": false, "physical": true}