{"replicated free entropy": 0.03935718536376953, "cluster free entropy": 0.0004316568374633789, "complexity": 0.03892552852630615, "density": 0.4246285557746887, "entropy": 0.0004316568374633789, "replicated free entropy mean": 0.03964905153241074, "replicated free entropy std": 0.0002074571769133849, "cluster free entropy mean": 0.0009736052730627227, "cluster free entropy std": 0.0007790609153408174, "complexity mean": 0.03867544625934802, "complexity std": 0.0007511853544240913, "density mean": 0.42361207750805635, "density std": 0.000976200928330592, "entropy mean": 0.0009736052730627227, "entropy std": 0.0007790609153408174, "stability": true, "stability non zero": true, "fraction hard fields": 0.6241496205329895, "fraction i frozen": 1.0, "fraction j frozen": 0.6241496205329895, "fraction config forbidden": 1.0}