{"Messages": [[0.13515473752090715, 0.20195161099278097], [0.2634092641421143, 0.3994843873441975]], "Free entropy density": -0.16078175789865723, "density": 0.7485888266185979, "entropy density": -0.16078175789865723, "stability": true, "physical": true, "stability AT": true, "linear stability": false, "non linear stability": true, "eta": [0.0, 0.4321148958733109, 0.2849249390242822, 0.0, 0.13676576865725054, 0.0, 0.0, 0.0, 0.06451283114311944, 0.0, 0.0, 0.0, 0.08168156530203692, 0.0, 0.0, 0.0], "phi_SP": -0.16078175789865723, "stability SP": true, "phi_SP_noisy": null}