{"replicated free entropy": 0.2044661045074463, "cluster free entropy": 0.2044663429260254, "complexity": -2.384185791015625e-07, "density": 0.3693183660507202, "entropy": 0.2044663429260254, "replicated free entropy mean": 0.20446612776779546, "replicated free entropy std": 1.1542618705749049e-07, "cluster free entropy mean": 0.20446638944672374, "cluster free entropy std": 1.6833648246823437e-07, "complexity mean": -2.6167892828220276e-07, "complexity std": 7.074359021882568e-08, "density mean": 0.3693183645969484, "density std": 2.4585512389915404e-08, "entropy mean": 0.20446638944672374, "entropy std": 1.6833648246823437e-07, "stability": true, "stability non zero": true, "fraction hard fields": 0.0, "fraction i frozen": 0.0, "fraction j frozen": 0.0, "fraction config forbidden": 0.0}