{"Messages": [[0.23635373887526573, 0.2886129357984337], [0.2219418575211862, 0.2530914678051143]], "Free entropy density": 0.0074844194593284286, "density": 0.516514605981474, "entropy density": 0.0074844194593284286, "stability": false, "physical": true}