{"Messages": [[0.49296701527038433, 0.32608596829486514], [0.08409525874721333, 0.09685175768753725]], "Free entropy density": 0.17877700376581807, "density": 0.11978384996621787, "entropy density": 0.17877700376581807, "stability": false, "physical": true}