{"replicated free entropy": -0.16074538230895996, "cluster free entropy": 0.0011889636516571045, "complexity": -0.16193434596061707, "density": 0.7467828989028931, "entropy": 0.0011889636516571045, "replicated free entropy mean": -0.16084055784271983, "replicated free entropy std": 0.0002765320188262668, "cluster free entropy mean": 0.0006972376893206341, "cluster free entropy std": 0.00042398801484269964, "complexity mean": -0.16153779553204048, "complexity std": 0.0004780300188367203, "density mean": 0.747297119803545, "density std": 0.0006956614592753006, "entropy mean": 0.0006972376893206341, "entropy std": 0.00042398801484269964, "stability": true, "stability non zero": true, "fraction hard fields": 0.8488088846206665, "fraction i frozen": 1.0, "fraction j frozen": 0.8488088846206665, "fraction config forbidden": 1.0}