Messages,Free entropy density,density,entropy density,stability,physical
"[[0.19758122379519366, 0.2901948917109882], [0.2847378511827108, 0.2274860333111074]]",0.34092702749687165,0.5248226822837839,0.34092702749687165,True,True
