{"Messages": [[0.19758122379519366, 0.2901948917109882], [0.2847378511827108, 0.2274860333111074]], "Free entropy density": 0.34092702749687165, "density": 0.5248226822837839, "entropy density": 0.34092702749687165, "stability": true, "physical": true, "stability AT": true, "linear stability": false, "non linear stability": true, "eta": [0.0, 8.60500675119572e-11, 2.32724163199296e-10, 1.242252231368965e-08, 5.0086560244896026e-11, 5.5366905699265114e-11, 0.0, 1.3904942400029072e-09, 7.33919557116828e-13, 0.0, 0.0, 0.0, 1.4928584575439592e-08, 2.273221324563388e-11, 1.0901088616151677e-09, 0.9999999697205961], "phi_SP": 1.1102230246251565e-16, "stability SP": true, "phi_SP_noisy": null}