Messages,Free entropy density,density,entropy density,stability,physical
"[[0.13693977208661556, 0.2552030989055147], [0.31713129815660485, 0.29072583085126485]]",0.35508430875602603,0.6240270416290847,0.35508430875602603,True,True
