{"Messages": [[0.13693977208661556, 0.2552030989055147], [0.31713129815660485, 0.29072583085126485]], "Free entropy density": 0.35508430875602603, "density": 0.6240270416290847, "entropy density": 0.35508430875602603, "stability": true, "physical": true, "stability AT": true, "linear stability": false, "non linear stability": true, "eta": [0.0, 2.739240473937316e-11, 2.1855300816328065e-11, 2.6509924256003918e-09, 2.0832142907148957e-11, 1.3929588308097388e-11, 0.0, 2.409951464794733e-08, 1.9239260838083383e-13, 0.0, 0.0, 0.0, 1.0239643070111746e-09, 3.040616940196229e-12, 6.876452401123438e-11, 0.9999999720695216], "phi_SP": -1.1102230246251565e-16, "stability SP": true, "phi_SP_noisy": null}