{"fitting parameters cluster free entropy": [-0.8011944771389501, 0.007737019114206885, -0.000172281408077555, 1.0], "fitting parameters density": [-434.0673628314629, 797.7282728751167, -401.04377607007194, 1.0], "dynamical transition cluster free entropy": 8.614377859162122, "static transition cluster free entropy": 8.645464606530842, "dynamical transition density": 0.5736546865323695, "static transition density": 0.5757230832947974}