{"fitting parameters cluster free entropy": [-0.9371331279737072, 0.008562359382747915, -0.00018688580826278176, 1.0], "fitting parameters density": [-402.81097324426037, 741.0592514154852, -372.7785362223642, 1.0], "dynamical transition cluster free entropy": 8.610744034371725, "static transition cluster free entropy": 8.64502705763202, "dynamical transition density": 0.5730918558632455, "static transition density": 0.5755851487081518}