{"replicated free entropy": 8.746227264404297, "cluster free entropy": 9.137989044189453, "complexity": -0.39176177978515625, "density": 0.6101775169372559, "entropy": -0.014673709869384766, "replicated free entropy mean": 8.755142514298601, "replicated free entropy std": 0.021077904914475632, "cluster free entropy mean": 8.903239599088343, "cluster free entropy std": 0.15541782251652128, "complexity mean": -0.14809708478974132, "complexity std": 0.14427838924618613, "density mean": 0.5929736349640823, "density std": 0.011668275788324354, "entropy mean": 0.008635074627108691, "entropy std": 0.02215952963672819, "stability": false, "stability non zero": false, "fraction hard fields": 0.0, "fraction i frozen": 0.0, "fraction j frozen": 0.0, "fraction config forbidden": 0.0}