{"replicated free entropy": 8.793874740600586, "cluster free entropy": 9.69956111907959, "complexity": -0.9056863784790039, "density": 0.6497693061828613, "entropy": -0.04697847366333008, "replicated free entropy mean": 8.761304390139696, "replicated free entropy std": 0.055688682905797156, "cluster free entropy mean": 8.874433854731118, "cluster free entropy std": 0.5049135875276083, "complexity mean": -0.11312946459142173, "complexity std": 0.46306726319369823, "density mean": 0.5915312040142897, "density std": 0.03777583932028367, "entropy mean": 0.0014657945167727586, "entropy std": 0.0671819209083461}