Messages,Free entropy density,density,entropy density,stability,physical
"[[3.0335368934929345e-42, 0.2744849853295147], [0.39587585214732796, 0.3296391625231572]]",-0.36620409622270333,0.6666666666666666,-0.36620409622270333,True,True
"[[0.0, 0.9999999999999998], [3.1018055065466877e-41, 0.0]]",-187.9343032597992,0,-187.9343032597992,False,False
"[[0.3484274728466127, 0.25280595364867076], [0.18342655267126745, 0.21534002083344908]]",-0.3065616065958534,0.3559964222368693,-0.3065616065958534,True,True
