{"Messages": [[0.3484274728466127, 0.25280595364867076], [0.18342655267126745, 0.21534002083344908]], "Free entropy density": -0.3065616065958534, "density": 0.3559964222368693, "entropy density": -0.3065616065958534, "stability": true, "physical": true, "stability AT": true, "linear stability": false, "non linear stability": true, "eta": [0.0, 0.21534003811030394, 0.18342656138501923, 0.0, 0.25280594734478146, 0.0, 0.0, 0.0, 0.3484274531598953, 0.0, 0.0, 0.0, 0.0, 0.0, 0.0, 0.0], "phi_SP": -0.3065616065958574, "stability SP": true, "phi_SP_noisy": null}