{"Messages": [[0.2500000000000001, 0.2500000000000001], [0.24999999999999994, 0.24999999999999994]], "Free entropy density": 4.440892098500626e-16, "density": 0.5, "entropy density": 4.440892098500626e-16, "stability": true, "physical": true, "stability AT": true, "linear stability": true, "non linear stability": true, "eta": [0.0, 0.25, 0.25, 0.0, 0.25, 0.0, 0.0, 0.0, 0.25, 0.0, 0.0, 0.0, 0.0, 0.0, 0.0, 0.0], "phi_SP": 0.0, "stability SP": true, "phi_SP_noisy": null}