{"Messages": [[0.0, 0.15673865624693628], [0.41748345571874024, 0.4257778880343235]], "Free entropy density": 0.3968889054529452, "density": 0.7903763105232704, "entropy density": 0.3968889054529452, "stability": false, "physical": true}