Messages,Free entropy density,density,entropy density,stability,physical
"[[0.20284310619595664, 0.3279369222063932], [0.3109727706074239, 0.15824720099022616]]",0.2681245123518492,0.47019551513852603,0.2681245123518492,True,True
"[[0.9999999999999998, 0.0], [0.0, 5.355092200861327e-30]]",0.0,0,0.0,True,True
