{"Messages": [[0.20284310619595664, 0.3279369222063932], [0.3109727706074239, 0.15824720099022616]], "Free entropy density": 0.2681245123518492, "density": 0.47019551513852603, "entropy density": 0.2681245123518492, "stability": true, "physical": true, "stability AT": true, "linear stability": true, "non linear stability": true, "eta": [0.0, 7.880401239278956e-14, 2.1874882019607436e-11, 1.0392010855904002e-09, 2.1715880436885276e-11, 0.0, 5.711228237149614e-11, 3.77299200140804e-11, 4.752266202732639e-12, 0.0, 0.0, 3.537718104727554e-11, 1.2133093333440827e-09, 0.0, 2.6319549380993787e-08, 0.9999999712492991], "phi_SP": -1.1102230246251563e-16, "stability SP": true, "phi_SP_noisy": null}