{"replicated free entropy": 0.21384191513061523, "cluster free entropy": -0.0009620189666748047, "complexity": 0.21480393409729004, "density": 0.30917811393737793, "entropy": -0.0009620189666748047, "replicated free entropy mean": 0.21351115878035382, "replicated free entropy std": 0.00037828680438332544, "cluster free entropy mean": 3.2925024265196264e-05, "cluster free entropy std": 0.0010314567417137256, "complexity mean": 0.21347823375608863, "complexity std": 0.001114254699224398, "density mean": 0.30799434243178947, "density std": 0.0012534313447035716, "entropy mean": 3.2925024265196264e-05, "entropy std": 0.0010314567417137256}