Messages,Free entropy density,density,entropy density,stability,physical
"[[0.3646858126628211, 0.31879347699689153], [0.200491071852978, 0.11602963848730938]]",0.5142723195681145,0.2821042464762185,0.5142723195681145,True,True
