{"Messages": [[0.3646858126628211, 0.31879347699689153], [0.200491071852978, 0.11602963848730938]], "Free entropy density": 0.5142723195681145, "density": 0.2821042464762185, "entropy density": 0.5142723195681145, "stability": true, "physical": true, "stability AT": true, "linear stability": true, "non linear stability": true, "eta": [0.0, 1.0679935179604618e-11, 5.550384482003535e-10, 5.325796894361787e-10, 1.0679935179604618e-11, 0.0, 0.0, 0.0, 7.868289146650578e-11, 0.0, 0.0, 0.0, 1.793853017707697e-08, 0.0, 1.314811038868879e-08, 0.9999999677256984], "phi_SP": -4.930380657631324e-32, "stability SP": true, "phi_SP_noisy": null}