{"Messages": [[0.5067841649734917, 0.30241363893939704], [0.11416123816882207, 0.0766409579182892]], "Free entropy density": 0.26031731248846524, "density": 0.12177098940661833, "entropy density": 0.26031731248846524, "stability": false, "physical": true}