Messages,Free entropy density,density,entropy density,stability,physical
"[[0.21005953527572602, 0.28994046471921764], [0.2899404647225073, 0.21005953528254906]]",0.15293581580076054,0.5000000000037401,0.15293581580076054,True,True
