{"Messages": [[0.21005953527572602, 0.28994046471921764], [0.2899404647225073, 0.21005953528254906]], "Free entropy density": 0.15293581580076054, "density": 0.5000000000037401, "entropy density": 0.15293581580076054, "stability": true, "physical": true, "stability AT": true, "linear stability": false, "non linear stability": false, "eta": [0.0, 0.13448614499588746, 0.21457354976571708, 0.1299536311471336, 0.21457354976571705, 0.013226193084654787, 0.0, 0.005768102685655859, 0.1344861449958874, 0.0, 0.013226193084654794, 0.0007461280854188303, 0.12995363114713362, 0.0007461280854188293, 0.005768102685655852, 0.0024925004710648607], "phi_SP": 0.14558176953114788, "stability SP": true, "phi_SP_noisy": null}