{"replicated free entropy": 0.21074974536895752, "cluster free entropy": 0.21075022220611572, "complexity": -4.76837158203125e-07, "density": 0.5356072187423706, "entropy": 0.21075022220611572, "replicated free entropy mean": 0.21074974536895752, "replicated free entropy std": 0.0, "cluster free entropy mean": 0.21075022220611572, "cluster free entropy std": 0.0, "complexity mean": -4.76837158203125e-07, "complexity std": 0.0, "density mean": 0.5356072187423706, "density std": 0.0, "entropy mean": 0.21075022220611572, "entropy std": 0.0, "stability": true, "stability non zero": true, "fraction hard fields": 0.0, "fraction i frozen": 0.0, "fraction j frozen": 0.0, "fraction config forbidden": 0.0}