{"replicated free entropy": 0.28405463695526123, "cluster free entropy": 0.2840545177459717, "complexity": 1.1920928955078125e-07, "density": 0.14357545971870422, "entropy": 0.2840545177459717, "replicated free entropy mean": 0.28405463695526123, "replicated free entropy std": 0.0, "cluster free entropy mean": 0.2840545177459717, "cluster free entropy std": 0.0, "complexity mean": 1.1920928955078125e-07, "complexity std": 0.0, "density mean": 0.14357545971870422, "density std": 0.0, "entropy mean": 0.2840545177459717, "entropy std": 0.0}