{"Messages": [[0.0, 0.0], [0.0, 1.0]], "Free entropy density": 0.0, "density": 1.0, "entropy density": 0.0, "stability": true, "physical": true, "stability AT": true, "linear stability": true, "non linear stability": true, "eta": [0.0, 1.7527518401459195e-09, 5.928554968950619e-10, 0.0, 5.928554968950619e-10, 0.0, 0.0, 0.0, 2.740570380090466e-08, 0.0, 0.0, 0.0, 0.9999999696558334, 0.0, 0.0, 0.0], "phi_SP": 2.137917950022683e-16, "stability SP": true, "phi_SP_noisy": null}