{"replicated free entropy": 0.5880134105682373, "cluster free entropy": 0.5880157947540283, "complexity": -2.384185791015625e-06, "density": 0.34268802404403687, "entropy": 0.5880157947540283, "replicated free entropy mean": 0.5880134105682373, "replicated free entropy std": 0.0, "cluster free entropy mean": 0.5880157947540283, "cluster free entropy std": 0.0, "complexity mean": -2.384185791015625e-06, "complexity std": 0.0, "density mean": 0.34268802404403687, "density std": 0.0, "entropy mean": 0.5880157947540283, "entropy std": 0.0}