Messages,Free entropy density,density,entropy density,stability,physical
"[[0.1863599707092904, 0.2425311350105484], [0.29377527069407483, 0.27733362358608626]]",0.5251659501396677,0.5829923588073728,0.5251659501396677,False,True
"[[0.9999999999999992, 8.155235048267061e-16], [6.454042073168264e-18, 1.1338319561099378e-17]]",-2.3665827156630354e-30,2.5116798431030603e-62,-2.3665827156630354e-30,False,True
