{"Messages": [[0.1863599707092904, 0.2425311350105484], [0.29377527069407483, 0.27733362358608626]], "Free entropy density": 0.5251659501396677, "density": 0.5829923588073728, "entropy density": 0.5251659501396677, "stability": false, "physical": true}