{"Messages": [[0.0, 0.22133396482906426], [0.3966835058298795, 0.38198252934105636]], "Free entropy density": -0.13103952162498889, "density": 0.7269148397535917, "entropy density": -0.13103952162498889, "stability": true, "physical": true, "stability AT": true, "linear stability": true, "non linear stability": true, "eta": [0.0, 0.2047221400020935, 0.20451566771688268, 0.0, 0.24013678160192747, 0.0, 0.0, 0.0, 0.35062541067909636, 0.0, 0.0, 0.0, 0.0, 0.0, 0.0, 0.0], "phi_SP": -0.20121084567693126, "stability SP": true, "phi_SP_noisy": null}