{"replicated free entropy": 0.43987131118774414, "cluster free entropy": 0.4398679733276367, "complexity": 3.337860107421875e-06, "density": 0.47069796919822693, "entropy": 0.4398679733276367, "replicated free entropy mean": 0.43987134026318064, "replicated free entropy std": 1.200220494186023e-07, "cluster free entropy mean": 0.43986805473885887, "cluster free entropy std": 3.7829366468314646e-07, "complexity mean": 3.2855243217654346e-06, "complexity std": 2.6070794560804474e-07, "density mean": 0.4706979546605087, "density std": 5.817812478764389e-08, "entropy mean": 0.43986805473885887, "entropy std": 3.7829366468314646e-07, "stability": true, "stability non zero": true, "fraction hard fields": 0.0, "fraction i frozen": 0.0, "fraction j frozen": 0.0, "fraction config forbidden": 0.0}