{"Messages": [[0.4111783228636601, 0.3402902044867475], [0.15933547574024232, 0.08919599690934987]], "Free entropy density": 0.4366885235463607, "density": 0.21780748708099912, "entropy density": 0.4366885235463607, "stability": false, "physical": true}