Messages,Free entropy density,density,entropy density,stability,physical
"[[0.0, 0.4999999999999999], [0.4999999999999999, 4.453470220860985e-18]]",-0.6931471805599452,0.5,-0.6931471805599452,True,True
"[[0.44167141867121035, 0.36598327742363007], [0.1923453039051594, 4.780095906702191e-18]]",-0.27599079808471183,0.20959427235806957,-0.27599079808471183,True,True
