{"Messages": [[0.44167141867121035, 0.36598327742363007], [0.1923453039051594, 4.780095906702191e-18]], "Free entropy density": -0.27599079808471183, "density": 0.20959427235806957, "entropy density": -0.27599079808471183, "stability": true, "physical": true, "stability AT": true, "linear stability": false, "non linear stability": false, "eta": [0.0, 3.291009114642426e-08, 0.19234529745560677, 0.0, 0.36598326528479863, 0.0, 0.0, 0.0, 0.44167140434950347, 0.0, 0.0, 0.0, 0.0, 0.0, 0.0, 0.0], "phi_SP": -0.2759907980847185, "stability SP": true, "phi_SP_noisy": null}