{"replicated free entropy": 0.5512838363647461, "cluster free entropy": 0.551284670829773, "complexity": -8.344650268554688e-07, "density": 0.32202744483947754, "entropy": 0.551284670829773, "replicated free entropy mean": 0.5512838363647461, "replicated free entropy std": 0.0, "cluster free entropy mean": 0.551284670829773, "cluster free entropy std": 0.0, "complexity mean": -8.344650268554688e-07, "complexity std": 0.0, "density mean": 0.32202744483947754, "density std": 0.0, "entropy mean": 0.551284670829773, "entropy std": 0.0, "stability": true, "stability non zero": true, "fraction hard fields": 0.0, "fraction i frozen": 0.0, "fraction j frozen": 0.0, "fraction config forbidden": 0.0}