{"replicated free entropy": 0.26812517642974854, "cluster free entropy": 0.26812565326690674, "complexity": -4.76837158203125e-07, "density": 0.4701952040195465, "entropy": 0.26812565326690674, "replicated free entropy mean": 0.26812517642974854, "replicated free entropy std": 0.0, "cluster free entropy mean": 0.26812565326690674, "cluster free entropy std": 0.0, "complexity mean": -4.76837158203125e-07, "complexity std": 0.0, "density mean": 0.4701952040195465, "density std": 0.0, "entropy mean": 0.26812565326690674, "entropy std": 0.0, "stability": true, "stability non zero": true, "fraction hard fields": 0.0, "fraction i frozen": 0.0, "fraction j frozen": 0.0, "fraction config forbidden": 0.0}