{"replicated free entropy": -0.06361627578735352, "cluster free entropy": -0.0009614229202270508, "complexity": -0.06265485286712646, "density": 0.6242090463638306, "entropy": -0.0009614229202270508, "replicated free entropy mean": -0.06364211803529321, "replicated free entropy std": 0.00015173912477087657, "cluster free entropy mean": -0.0012199820541754002, "cluster free entropy std": 0.00035643617731971844, "complexity mean": -0.06242213598111781, "complexity std": 0.0003642857577504546, "density mean": 0.6237241567634955, "density std": 0.0004565393598686701, "entropy mean": -0.0012199820541754002, "entropy std": 0.00035643617731971844, "stability": true, "stability non zero": true, "fraction hard fields": 0.5690352320671082, "fraction i frozen": 1.0, "fraction j frozen": 0.5690352320671082, "fraction config forbidden": 1.0}