{"replicated free entropy": -0.024497270584106445, "cluster free entropy": 0.0007011890411376953, "complexity": -0.02519845962524414, "density": 0.6757502555847168, "entropy": 0.0007011890411376953, "replicated free entropy mean": -0.024582118522830126, "replicated free entropy std": 0.00024867365945112585, "cluster free entropy mean": -0.0007100076210208055, "cluster free entropy std": 0.0008848165814582752, "complexity mean": -0.02387211090180932, "complexity std": 0.0009406256351211887, "density mean": 0.6763893089643339, "density std": 0.0008118356063964923, "entropy mean": -0.0007100076210208055, "entropy std": 0.0008848165814582752, "stability": true, "stability non zero": true, "fraction hard fields": 0.5917758345603943, "fraction i frozen": 1.0, "fraction j frozen": 0.5917758345603943, "fraction config forbidden": 1.0}