Messages,Free entropy density,density,entropy density,stability,physical
"[[0.34176369933557793, 0.34176369933557793], [0.15416450977574958, 0.1623080915530945]]",0.3670994482634531,0.31800704507632227,0.3670994482634531,True,True
