{"Messages": [[0.34176369933557793, 0.34176369933557793], [0.15416450977574958, 0.1623080915530945]], "Free entropy density": 0.3670994482634531, "density": 0.31800704507632227, "entropy density": 0.3670994482634531, "stability": true, "physical": true, "stability AT": true, "linear stability": true, "non linear stability": true, "eta": [0.0, 2.191644827961768e-11, 1.070175194808555e-09, 1.6486565357757924e-10, 3.4996011596528423e-12, 0.0, 0.0, 0.0, 3.4996011596528423e-12, 0.0, 0.0, 0.0, 2.6298007138025882e-08, 6.596381780115451e-10, 3.875163974540193e-09, 0.9999999679032345], "phi_SP": -1.1102230246251565e-16, "stability SP": true, "phi_SP_noisy": null}