{"replicated free entropy": 0.38672471046447754, "cluster free entropy": 0.38672375679016113, "complexity": 9.5367431640625e-07, "density": 0.6541325449943542, "entropy": 0.38672375679016113, "replicated free entropy mean": 0.38672471046447754, "replicated free entropy std": 0.0, "cluster free entropy mean": 0.38672375679016113, "cluster free entropy std": 0.0, "complexity mean": 9.5367431640625e-07, "complexity std": 0.0, "density mean": 0.6541325449943542, "density std": 0.0, "entropy mean": 0.38672375679016113, "entropy std": 0.0, "stability": true, "stability non zero": true, "fraction hard fields": 0.0, "fraction i frozen": 0.0, "fraction j frozen": 0.0, "fraction config forbidden": 0.0}