Messages,Free entropy density,density,entropy density,stability,physical
"[[1.0111439199341525e-24, 0.3578570186408716], [0.4186679526699155, 0.22347502868921287]]",-0.5334086350534575,0.5714285714285714,-0.5334086350534575,False,True
"[[0.49266752208537923, 0.32754118789267334], [0.08401602005599268, 0.09577526996595473]]",0.1784567134188757,0.11954327579380222,0.1784567134188757,False,True
