{"Messages": [[0.49266752208537923, 0.32754118789267334], [0.08401602005599268, 0.09577526996595473]], "Free entropy density": 0.1784567134188757, "density": 0.11954327579380222, "entropy density": 0.1784567134188757, "stability": false, "physical": true}