Messages,Free entropy density,density,entropy density,stability,physical
"[[0.2935508443867796, 0.2222347764788816], [0.2457630828151559, 0.23845129631918305]]",0.3364706920672611,0.441900304078208,0.3364706920672611,False,True
