{"Messages": [[0.2935508443867796, 0.2222347764788816], [0.2457630828151559, 0.23845129631918305]], "Free entropy density": 0.3364706920672611, "density": 0.441900304078208, "entropy density": 0.3364706920672611, "stability": false, "physical": true}