{"replicated free entropy": 0.03268003463745117, "cluster free entropy": 0.0009552836418151855, "complexity": 0.031724750995635986, "density": 0.6561530828475952, "entropy": 0.0009552836418151855, "replicated free entropy mean": 0.032899507662145104, "replicated free entropy std": 0.0006486535252643439, "cluster free entropy mean": 0.0001909529290548185, "cluster free entropy std": 0.0006994715536687096, "complexity mean": 0.032708554733090284, "complexity std": 0.0008703926366310989, "density mean": 0.6581661337759437, "density std": 0.0014850454275217638, "entropy mean": 0.0001909529290548185, "entropy std": 0.0006994715536687096}