Messages,Free entropy density,density,entropy density,stability,physical
"[[0.0, 0.09841047906124825], [0.35605247300998477, 0.5455370479287669]]",0.22109359831963826,0.904704057759401,0.22109359831963826,False,True
"[[0.0, 0.4999999999999999], [0.4999999999999999, 3.9289793429101457e-26]]",-0.6931471805599452,0.5,-0.6931471805599452,False,True
"[[0.5455370479287666, 0.356052473009985], [0.0984104790612484, 2.026858158064833e-26]]",0.22109359831963826,0.09529594224059915,0.22109359831963826,False,True
