{"Messages": [[0.0, 0.09841047906124825], [0.35605247300998477, 0.5455370479287669]], "Free entropy density": 0.22109359831963826, "density": 0.904704057759401, "entropy density": 0.22109359831963826, "stability": false, "physical": true}