{"Messages": [[0.21562704653296033, 0.23243332563062036], [0.28432291032789586, 0.26761671750852356]], "Free entropy density": 0.45781834008251066, "density": 0.5501899573212152, "entropy density": 0.45781834008251066, "stability": false, "physical": true}