{"replicated free entropy": 0.019695758819580078, "cluster free entropy": -0.00028192996978759766, "complexity": 0.019977688789367676, "density": 0.46515560150146484, "entropy": -0.00028192996978759766, "replicated free entropy mean": 0.019982553109890076, "replicated free entropy std": 0.0002151096763218191, "cluster free entropy mean": 0.00014568828954929257, "cluster free entropy std": 0.0004404422830115112, "complexity mean": 0.019836864820340784, "complexity std": 0.0003910439765163389, "density mean": 0.4648794662661669, "density std": 0.0005209089357486741, "entropy mean": 0.00014568828954929257, "entropy std": 0.0004404422830115112, "stability": true, "stability non zero": true, "fraction hard fields": 0.5618680119514465, "fraction i frozen": 1.0, "fraction j frozen": 0.5618680119514465, "fraction config forbidden": 1.0}