Messages,Free entropy density,density,entropy density,stability,physical
"[[0.0, 0.49999999999854705], [0.49999999999854705, 2.906024913028248e-12]]",-0.3465735902799727,0.5,-0.3465735902799727,False,True
"[[0.3590141599682827, 0.3754808117996416], [0.2655050282289565, 3.119158117746517e-12]]",-0.07602290265464218,0.30368430846364813,-0.07602290265464218,True,True
