{"Messages": [[0.3590141599682827, 0.3754808117996416], [0.2655050282289565, 3.119158117746517e-12]], "Free entropy density": -0.07602290265464218, "density": 0.30368430846364813, "entropy density": -0.07602290265464218, "stability": true, "physical": true, "stability AT": true, "linear stability": true, "non linear stability": true, "eta": [0.0, 3.291009114642426e-08, 0.26550501949338134, 0.0, 0.3754807994432797, 0.0, 0.0, 0.0, 0.35901414815324784, 0.0, 0.0, 0.0, 0.0, 0.0, 0.0, 0.0], "phi_SP": -0.07602290265464728, "stability SP": true, "phi_SP_noisy": null}