{"replicated free entropy": 0.0263979434967041, "cluster free entropy": -0.0011038482189178467, "complexity": 0.027501791715621948, "density": 0.33931103348731995, "entropy": -0.0011038482189178467, "replicated free entropy mean": 0.026593382765607135, "replicated free entropy std": 0.0006728951112579704, "cluster free entropy mean": 4.655486199913955e-05, "cluster free entropy std": 0.0006831503979300457, "complexity mean": 0.026546827903607996, "complexity std": 0.0008139780017636026, "density mean": 0.34224812650099035, "density std": 0.0020011086455152464, "entropy mean": 4.655486199913955e-05, "entropy std": 0.0006831503979300457}