Messages,Free entropy density,density,entropy density,stability,physical
"[[0.11268145303359947, 0.16733606514774704], [0.3274860050600042, 0.3924964767586492]]",0.45389020238104116,0.7557551039961223,0.45389020238104116,False,True
"[[0.5248592426124252, 0.3660622154396446], [0.10907854194792439, 5.497502802730245e-15]]",0.23552181257939564,0.11237110828824214,0.23552181257939564,False,True
