{"Messages": [[0.11268145303359947, 0.16733606514774704], [0.3274860050600042, 0.3924964767586492]], "Free entropy density": 0.45389020238104116, "density": 0.7557551039961223, "entropy density": 0.45389020238104116, "stability": false, "physical": true}