{"Messages": [[0.5455370479287666, 0.356052473009985], [0.0984104790612484, 5.593360546025244e-17]], "Free entropy density": 0.22109359831963826, "density": 0.09529594224059915, "entropy density": 0.22109359831963826, "stability": false, "physical": true}