Messages,Free entropy density,density,entropy density,stability,physical
"[[0.0, 0.10810300569344308], [0.3652116077351627, 0.5266853865713942]]",0.23465390813858478,0.8892113447633465,0.23465390813858478,False,True
"[[0.9999999999999979, 2.562432049210827e-16], [7.513891949084522e-16, 1.089490993736802e-15]]",-1.8932661725304283e-29,2.807780662326485e-60,-1.8932661725304283e-29,False,True
