{"replicated free entropy": 0.27663421630859375, "cluster free entropy": 0.27663159370422363, "complexity": 2.6226043701171875e-06, "density": 0.24311478435993195, "entropy": 0.27663159370422363, "replicated free entropy mean": 0.27663421630859375, "replicated free entropy std": 0.0, "cluster free entropy mean": 0.27663159370422363, "cluster free entropy std": 0.0, "complexity mean": 2.6226043701171875e-06, "complexity std": 0.0, "density mean": 0.24311478435993195, "density std": 0.0, "entropy mean": 0.27663159370422363, "entropy std": 0.0}