Messages,Free entropy density,density,entropy density,stability,physical
"[[4.279594008253177e-25, 0.28609843508431226], [0.41262534506597126, 0.30127621984971625]]",-0.2860345604460983,0.6388430869472446,-0.2860345604460983,True,True
"[[0.0, 0.5], [0.5, 0.0]]",-0.6931471805599452,0.5,-0.6931471805599452,False,True
"[[0.36949307547498234, 0.2680903676994325], [0.1945163523317049, 0.16790020449388027]]",-0.2212490069598121,0.2986431042282919,-0.2212490069598121,True,True
"[[0.44167141867121057, 0.3659832774236301], [0.1923453039051593, 0.0]]",-0.2759907980847123,0.2095942723580695,-0.2759907980847123,False,True
