{"Messages": [[0.36949307547498234, 0.2680903676994325], [0.1945163523317049, 0.16790020449388027]], "Free entropy density": -0.2212490069598121, "density": 0.2986431042282919, "entropy density": -0.2212490069598121, "stability": true, "physical": true, "stability AT": true, "linear stability": false, "non linear stability": true, "eta": [0.0, 0.1679002073785529, 0.1945163538869081, 0.0, 0.2680903745281037, 0.0, 0.0, 0.0, 0.3694930642064353, 0.0, 0.0, 0.0, 0.0, 0.0, 0.0, 0.0], "phi_SP": -0.22124900695981164, "stability SP": true, "phi_SP_noisy": null}