{"replicated free entropy": 0.2582840919494629, "cluster free entropy": 0.2582864761352539, "complexity": -2.384185791015625e-06, "density": 0.1186302900314331, "entropy": 0.2582864761352539, "replicated free entropy mean": 0.2582840919494629, "replicated free entropy std": 0.0, "cluster free entropy mean": 0.2582864761352539, "cluster free entropy std": 0.0, "complexity mean": -2.384185791015625e-06, "complexity std": 0.0, "density mean": 0.1186302900314331, "density std": 0.0, "entropy mean": 0.2582864761352539, "entropy std": 0.0}