Messages,Free entropy density,density,entropy density,stability,physical
"[[0.27356383957732444, 0.29532771997860185], [0.228973028065672, 0.20213541237840185]]",0.438583607171831,0.43229767925320395,0.438583607171831,True,True
