{"Messages": [[0.27356383957732444, 0.29532771997860185], [0.228973028065672, 0.20213541237840185]], "Free entropy density": 0.438583607171831, "density": 0.43229767925320395, "entropy density": 0.438583607171831, "stability": true, "physical": true, "stability AT": true, "linear stability": false, "non linear stability": true, "eta": [0.0, 4.67615894094451e-11, 1.8323503079623945e-10, 1.301332837353521e-08, 4.425186497628961e-11, 1.0845949913859231e-10, 0.0, 1.8947752715307593e-11, 8.348997724343425e-11, 0.0, 1.7367242893754044e-12, 2.858238308248743e-14, 1.7443548896461147e-08, 1.1382977868923219e-10, 1.2226860270582988e-09, 0.999999967719696], "phi_SP": -4.930380657631324e-32, "stability SP": true, "phi_SP_noisy": null}