{"replicated free entropy": 0.3585662841796875, "cluster free entropy": 0.3312593698501587, "complexity": 0.02730691432952881, "density": 0.18700551986694336, "entropy": 0.3312593698501587, "replicated free entropy mean": 0.35847952307724373, "replicated free entropy std": 0.00013999049724269867, "cluster free entropy mean": 0.3314091519611638, "cluster free entropy std": 0.00047752887655326916, "complexity mean": 0.027070371116079937, "complexity std": 0.00045422687303403575, "density mean": 0.18690859689945127, "density std": 0.00026026549982453146, "entropy mean": 0.3314091519611638, "entropy std": 0.00047752887655326916}