{"Messages": [[0.5092224260460372, 0.3086519416344504], [0.11339450164935547, 0.06873113067015682]], "Free entropy density": 0.2584350803777433, "density": 0.11892154632748637, "entropy density": 0.2584350803777433, "stability": false, "physical": true}