Messages,Free entropy density,density,entropy density,stability,physical
"[[0.0, 0.20475566057276234], [0.418255601710858, 0.3769887377163797]]",0.13122231016196517,0.7267391426487791,0.13122231016196517,False,True
"[[0.0, 0.5], [0.5, 0.0]]",-0.6931471805599452,0.5,-0.6931471805599452,False,True
"[[0.2669109259658826, 0.23308907403411763], [0.23308907403411744, 0.2669109259658824]]",0.33085962863319285,0.49999999999999994,0.33085962863319285,True,True
"[[0.37698873771637975, 0.41825560171085796], [0.20475566057276232, 0.0]]",0.13122231016196517,0.2732608573512207,0.13122231016196517,False,True
