{"Messages": [[0.2669109259658826, 0.23308907403411763], [0.23308907403411744, 0.2669109259658824]], "Free entropy density": 0.33085962863319285, "density": 0.49999999999999994, "entropy density": 0.33085962863319285, "stability": true, "physical": true, "stability AT": true, "linear stability": false, "non linear stability": true, "eta": [0.0, 1.2955903743281326e-10, 9.520028483012121e-11, 1.515357653664378e-08, 9.520028483012115e-11, 5.352349082725309e-12, 1.2037003702613734e-10, 6.352798441297696e-11, 1.2955903743281326e-10, 2.9277764018847714e-11, 5.352349082725309e-12, 2.409298465019052e-10, 1.5153576536643787e-08, 2.409298465019054e-10, 6.352798441297703e-11, 0.9999999684740601], "phi_SP": 2.2204460492503128e-16, "stability SP": true, "phi_SP_noisy": null}