{"Messages": [[0.35115216123603277, 0.2997491799507928], [0.1328961176722675, 0.21620254114090687]], "Free entropy density": 0.23631679679460893, "density": 0.34670116389864913, "entropy density": 0.23631679679460893, "stability": false, "physical": true}