{"replicated free entropy": 0.521946907043457, "cluster free entropy": 0.5219477415084839, "complexity": -8.344650268554688e-07, "density": 0.7054845690727234, "entropy": 0.5219477415084839, "replicated free entropy mean": 0.521946907043457, "replicated free entropy std": 0.0, "cluster free entropy mean": 0.5219477415084839, "cluster free entropy std": 0.0, "complexity mean": -8.344650268554688e-07, "complexity std": 0.0, "density mean": 0.7054845690727234, "density std": 0.0, "entropy mean": 0.5219477415084839, "entropy std": 0.0, "stability": true, "stability non zero": true, "fraction hard fields": 0.0, "fraction i frozen": 0.0, "fraction j frozen": 0.0, "fraction config forbidden": 0.0}