{"replicated free entropy": 0.4544095993041992, "cluster free entropy": 0.4544086456298828, "complexity": 9.5367431640625e-07, "density": 0.5000001788139343, "entropy": 0.4544086456298828, "replicated free entropy mean": 0.4544095993041992, "replicated free entropy std": 0.0, "cluster free entropy mean": 0.4544086456298828, "cluster free entropy std": 0.0, "complexity mean": 9.5367431640625e-07, "complexity std": 0.0, "density mean": 0.5000001788139343, "density std": 0.0, "entropy mean": 0.4544086456298828, "entropy std": 0.0}