{"replicated free entropy": 0.25411105155944824, "cluster free entropy": 0.25411438941955566, "complexity": -3.337860107421875e-06, "density": 0.6981239318847656, "entropy": 0.25411438941955566, "replicated free entropy mean": 0.25411105155944824, "replicated free entropy std": 0.0, "cluster free entropy mean": 0.25411438941955566, "cluster free entropy std": 0.0, "complexity mean": -3.337860107421875e-06, "complexity std": 0.0, "density mean": 0.6981239318847656, "density std": 0.0, "entropy mean": 0.25411438941955566, "entropy std": 0.0}