{"Messages": [[0.2760221825143241, 0.42439076198212466], [0.299587055503551, 2.6085018013332353e-33]], "Free entropy density": 0.044765319669145764, "density": 0.38472820920895856, "entropy density": 0.044765319669145764, "stability": true, "physical": true, "stability AT": false, "linear stability": false, "non linear stability": false, "eta": [0.0, 2.2591178959821475e-48, 0.26791545364946895, 0.0, 0.23208477786759113, 0.0, 0.0, 0.0, 1.5434379617411654e-07, 0.0, 0.15111326352590745, 0.0, 0.3488863506132362, 0.0, 0.0, 0.0], "phi_SP": 0.013580217574780784, "stability SP": true, "phi_SP_noisy": null}