{"Messages": [[0.4249666683462375, 0.28789796239929927], [0.13094062598947143, 0.15619474326499183]], "Free entropy density": 0.2601471079040951, "density": 0.22145818064672654, "entropy density": 0.2601471079040951, "stability": true, "physical": true, "stability AT": true, "linear stability": true, "non linear stability": true, "eta": [0.0, 4.6553998450740103e-11, 7.481295500739545e-11, 3.77103178623804e-09, 2.0950768573269187e-11, 2.3828211965745202e-11, 0.0, 0.0, 1.9501000319891154e-10, 0.0, 2.925175633638126e-10, 8.247396086416175e-11, 2.3023533520414768e-08, 9.426155441432993e-10, 5.54933640237744e-11, 0.9999999714711785], "phi_SP": 1.110223024625156e-16, "stability SP": true, "phi_SP_noisy": null}