{"replicated free entropy": 0.03466439247131348, "cluster free entropy": 0.002402067184448242, "complexity": 0.032262325286865234, "density": 0.4100225865840912, "entropy": 0.002402067184448242, "replicated free entropy mean": 0.03610794718672589, "replicated free entropy std": 0.0006090531950053202, "cluster free entropy mean": 0.002549672999033114, "cluster free entropy std": 0.0006183595819715418, "complexity mean": 0.033558274187692784, "complexity std": 0.0008331418048601006, "density mean": 0.4102562549637585, "density std": 0.0010978161486708327, "entropy mean": 0.002549672999033114, "entropy std": 0.0006183595819715418}