{"replicated free entropy": 0.03519153594970703, "cluster free entropy": 0.001433730125427246, "complexity": 0.033757805824279785, "density": 0.5259033441543579, "entropy": 0.001433730125427246, "replicated free entropy mean": 0.034788515509628665, "replicated free entropy std": 0.0004982051916705508, "cluster free entropy mean": -0.0002304955226619069, "cluster free entropy std": 0.0011425721068983243, "complexity mean": 0.035019011032290576, "complexity std": 0.001075897083963546, "density mean": 0.5255993444745134, "density std": 0.0014168586603551317, "entropy mean": -0.0002304955226619069, "entropy std": 0.0011425721068983243}