{"replicated free entropy": 0.2210935354232788, "cluster free entropy": 0.22109556198120117, "complexity": -2.0265579223632812e-06, "density": 0.09529601037502289, "entropy": 0.22109556198120117, "replicated free entropy mean": 0.2210935354232788, "replicated free entropy std": 0.0, "cluster free entropy mean": 0.22109556198120117, "cluster free entropy std": 0.0, "complexity mean": -2.0265579223632812e-06, "complexity std": 0.0, "density mean": 0.09529601037502289, "density std": 0.0, "entropy mean": 0.22109556198120117, "entropy std": 0.0}