{"Messages": [[0.3393253550411611, 0.26297176687335794], [0.20655348466210383, 0.19114939342337703]], "Free entropy density": 0.5548840198430676, "density": 0.34902228372873606, "entropy density": 0.5548840198430676, "stability": false, "physical": true}