{"replicated free entropy": -0.03856706619262695, "cluster free entropy": 0.0, "complexity": -0.03856706619262695, "density": 0.5816313028335571, "entropy": 0.0, "replicated free entropy mean": -0.03862168730759039, "replicated free entropy std": 0.0003787801578856272, "cluster free entropy mean": 0.0, "cluster free entropy std": 0.0, "complexity mean": -0.03862168730759039, "complexity std": 0.0003787801578856272, "density mean": 0.5820030148436384, "density std": 0.0009751771774106657, "entropy mean": 0.0, "entropy std": 0.0, "stability": true, "stability non zero": true, "fraction hard fields": 1.0, "fraction i frozen": 1.0, "fraction j frozen": 1.0, "fraction config forbidden": 1.0}