Messages,Free entropy density,density,entropy density,stability,physical
"[[0.3218261140817416, 0.3218261140817416], [0.14232746066635218, 0.2140203111701645]]",0.2541403986096258,0.3801438189103968,0.2541403986096258,False,True
"[[0.4999999999999999, 0.4999999999999999], [1.8427550902449137e-18, 0.0]]",0.0,0,0.0,False,True
