{"Messages": [[0.3218261140817416, 0.3218261140817416], [0.14232746066635218, 0.2140203111701645]], "Free entropy density": 0.2541403986096258, "density": 0.3801438189103968, "entropy density": 0.2541403986096258, "stability": false, "physical": true}