{"replicated free entropy": 0.30872488021850586, "cluster free entropy": 0.30872631072998047, "complexity": -1.430511474609375e-06, "density": 0.22337737679481506, "entropy": 0.30872631072998047, "replicated free entropy mean": 0.30872488021850586, "replicated free entropy std": 0.0, "cluster free entropy mean": 0.30872631072998047, "cluster free entropy std": 0.0, "complexity mean": -1.430511474609375e-06, "complexity std": 0.0, "density mean": 0.22337737679481506, "density std": 0.0, "entropy mean": 0.30872631072998047, "entropy std": 0.0}