{"replicated free entropy": 0.024634599685668945, "cluster free entropy": 0.0017071962356567383, "complexity": 0.022927403450012207, "density": 0.4005003273487091, "entropy": 0.0017071962356567383, "replicated free entropy mean": 0.025426748322277534, "replicated free entropy std": 0.0005903775082220251, "cluster free entropy mean": 0.002484836229463903, "cluster free entropy std": 0.0006904124920986194, "complexity mean": 0.02294191209281363, "complexity std": 0.0008305242574731383, "density mean": 0.4007518480463726, "density std": 0.0011452573494952795, "entropy mean": 0.002484836229463903, "entropy std": 0.0006904124920986194}