{"replicated free entropy": 0.242811918258667, "cluster free entropy": 0.2428123950958252, "complexity": -4.76837158203125e-07, "density": 0.16776424646377563, "entropy": 0.2428123950958252, "replicated free entropy mean": 0.242811918258667, "replicated free entropy std": 0.0, "cluster free entropy mean": 0.2428123950958252, "cluster free entropy std": 0.0, "complexity mean": -4.76837158203125e-07, "complexity std": 0.0, "density mean": 0.16776424646377563, "density std": 0.0, "entropy mean": 0.2428123950958252, "entropy std": 0.0}