{"replicated free entropy": 0.09041523933410645, "cluster free entropy": -0.0009284019470214844, "complexity": 0.09134364128112793, "density": 0.581159234046936, "entropy": -0.0009284019470214844, "replicated free entropy mean": 0.09041523933410645, "replicated free entropy std": 0.0, "cluster free entropy mean": -0.0009284019470214844, "cluster free entropy std": 0.0, "complexity mean": 0.09134364128112793, "complexity std": 0.0, "density mean": 0.581159234046936, "density std": 0.0, "entropy mean": -0.0009284019470214844, "entropy std": 0.0}