{"replicated free entropy": -0.3659045696258545, "cluster free entropy": 0.0, "complexity": -0.3659045696258545, "density": 0.6668792366981506, "entropy": 0.0, "replicated free entropy mean": -0.3661693945163634, "replicated free entropy std": 0.00029327960924640465, "cluster free entropy mean": 0.0, "cluster free entropy std": 0.0, "complexity mean": -0.3661693945163634, "complexity std": 0.00029327960924640465, "density mean": 0.6665744156372256, "density std": 0.0005515561606241531, "entropy mean": 0.0, "entropy std": 0.0, "stability": true, "stability non zero": true, "fraction hard fields": 1.0, "fraction i frozen": 1.0, "fraction j frozen": 1.0, "fraction config forbidden": 1.0}