Messages,Free entropy density,density,entropy density,stability,physical
"[[0.1925430645016311, 0.27519583477565296], [0.30213344225567723, 0.2301276584670387]]",0.21486465481284567,0.530988028531154,0.21486465481284567,True,True
