{"Messages": [[0.1925430645016311, 0.27519583477565296], [0.30213344225567723, 0.2301276584670387]], "Free entropy density": 0.21486465481284567, "density": 0.530988028531154, "entropy density": 0.21486465481284567, "stability": true, "physical": true, "stability AT": true, "linear stability": false, "non linear stability": true, "eta": [0.0, 5.520179736813523e-11, 1.829876865131501e-10, 1.3658222437921685e-08, 1.0878781843232993e-10, 4.682370721165227e-11, 1.2147734920109468e-10, 5.435591084066278e-11, 7.106328819660108e-11, 1.351207146266606e-11, 3.530291724381763e-12, 1.5060589375754996e-10, 1.649819390084355e-08, 9.085131390250531e-11, 1.3419388435375361e-09, 0.9999999676024478], "phi_SP": -4.930380657631324e-32, "stability SP": true, "phi_SP_noisy": null}