{"replicated free entropy": 0.21085071563720703, "cluster free entropy": -2.4199485778808594e-05, "complexity": 0.21087491512298584, "density": 0.30079883337020874, "entropy": -2.4199485778808594e-05, "replicated free entropy mean": 0.21085071563720703, "replicated free entropy std": 0.0, "cluster free entropy mean": -2.4199485778808594e-05, "cluster free entropy std": 0.0, "complexity mean": 0.21087491512298584, "complexity std": 0.0, "density mean": 0.30079883337020874, "density std": 0.0, "entropy mean": -2.4199485778808594e-05, "entropy std": 0.0}