{"Messages": [[0.36071468345697627, 0.36071468345697627], [0.15952591376242076, 0.11904471932362651]], "Free entropy density": 0.4087628508951697, "density": 0.27649320531887295, "entropy density": 0.4087628508951697, "stability": false, "physical": true}