Messages,Free entropy density,density,entropy density,stability,physical
"[[0.0020717833903023497, 0.0020717833903023497], [0.9647571031113766, 0.031099330108018713]]",8.764146722418072,0.5968883881891716,-0.18917910041950137,True,True
