{"Messages": [[0.0020717833903023497, 0.0020717833903023497], [0.9647571031113766, 0.031099330108018713]], "Free entropy density": 8.764146722418072, "density": 0.5968883881891716, "entropy density": -0.18917910041950137, "stability": false, "physical": true}