{"Messages": [[0.0020717833903023497, 0.0020717833903023497], [0.9647571031113766, 0.031099330108018713]], "Free entropy density": 8.764146722418072, "density": 0.5968883881891716, "entropy density": -0.18917910041950137, "stability": true, "physical": true, "stability AT": false, "linear stability": false, "non linear stability": true, "eta": [0.0, 1.3349918974505773e-11, 6.934135705686689e-10, 6.648880680454985e-10, 1.3349918974505773e-11, 0.0, 0.0, 0.0, 1.3349918974505773e-11, 0.0, 0.0, 0.0, 1.8563043222240242e-08, 0.0, 1.639286557970155e-08, 0.9999999636457398], "phi_SP": 2.2204460492503128e-16, "stability SP": true, "phi_SP_noisy": null}