{"Messages": [[0.134484523845449, 0.2764356627356107], [0.3416529053498324, 0.24742690806910783]], "Free entropy density": 0.15966537859062324, "density": 0.5804149696679507, "entropy density": 0.15966537859062324, "stability": true, "physical": true}