{"replicated free entropy": 0.4366886615753174, "cluster free entropy": 0.4366896152496338, "complexity": -9.5367431640625e-07, "density": 0.21780724823474884, "entropy": 0.4366896152496338, "replicated free entropy mean": 0.4366886615753174, "replicated free entropy std": 0.0, "cluster free entropy mean": 0.4366896152496338, "cluster free entropy std": 0.0, "complexity mean": -9.5367431640625e-07, "complexity std": 0.0, "density mean": 0.21780724823474884, "density std": 0.0, "entropy mean": 0.4366896152496338, "entropy std": 0.0}