Messages,Free entropy density,density,entropy density,stability,physical
"[[0.0, 0.18721659864315568], [0.36192376701014317, 0.4508596343467012]]",-0.29110316603236885,0.7999999999999666,-0.29110316603236885,True,True
"[[0.0, 0.9999999999976514], [2.3485425827738497e-12, 0.0]]",-54.940746676525514,0,-54.940746676525514,False,False
