{"Messages": [[0.0, 0.18721659864315568], [0.36192376701014317, 0.4508596343467012]], "Free entropy density": -0.29110316603236885, "density": 0.7999999999999666, "entropy density": -0.29110316603236885, "stability": true, "physical": true, "stability AT": true, "linear stability": false, "non linear stability": false, "eta": [0.0, 0.45085961850762696, 0.36192375450294284, 0.0, 0.18721659407933908, 0.0, 0.0, 0.0, 3.291009114642426e-08, 0.0, 0.0, 0.0, 0.0, 0.0, 0.0, 0.0], "phi_SP": -0.29110316603237507, "stability SP": true, "phi_SP_noisy": null}