Messages,Free entropy density,density,entropy density,stability,physical
"[[0.3534924937655447, 0.33900324490381334], [0.18601809861831503, 0.1214861627123268]]",0.5134852233521894,0.2927340299832731,0.5134852233521894,False,True
