{"replicated free entropy": 0.23465466499328613, "cluster free entropy": 0.23465347290039062, "complexity": 1.1920928955078125e-06, "density": 0.11078866571187973, "entropy": 0.23465347290039062, "replicated free entropy mean": 0.23465466499328613, "replicated free entropy std": 0.0, "cluster free entropy mean": 0.23465347290039062, "cluster free entropy std": 0.0, "complexity mean": 1.1920928955078125e-06, "complexity std": 0.0, "density mean": 0.11078866571187973, "density std": 0.0, "entropy mean": 0.23465347290039062, "entropy std": 0.0}