Messages,Free entropy density,density,entropy density,stability,physical
"[[0.0, 0.14881932711195367], [0.3457133151830132, 0.5054673577050328]]",0.29379136619549007,0.8564465521882181,0.29379136619549007,True,True
"[[0.0, 0.5], [0.5, 0.0]]",-0.3465735902799727,0.5,-0.3465735902799727,False,True
"[[0.30901699437494545, 0.19098300562505144], [0.19098300562505371, 0.3090169943749493]]",0.2963918003583541,0.5000000000000042,0.2963918003583541,True,True
"[[0.5054673577050328, 0.34571331518301307], [0.14881932711195353, 1.6763275951164523e-24]]",0.29379136619549007,0.14355344781178198,0.29379136619549007,True,True
