{"Messages": [[0.30901699437494545, 0.19098300562505144], [0.19098300562505371, 0.3090169943749493]], "Free entropy density": 0.2963918003583541, "density": 0.5000000000000042, "entropy density": 0.2963918003583541, "stability": true, "physical": true, "stability AT": true, "linear stability": true, "non linear stability": true, "eta": [0.0, 2.7445342158337734e-10, 4.114119762829155e-11, 1.3183916058929146e-08, 4.114119762829152e-11, 0.0, 0.0, 4.818877042729979e-10, 2.744534215833772e-10, 6.315638690214161e-10, 0.0, 6.456810230044718e-10, 1.3183916058929145e-08, 6.456810230044718e-10, 4.818877042729979e-10, 0.9999999701142773], "phi_SP": 0.0, "stability SP": true, "phi_SP_noisy": null}