{"replicated free entropy": 0.2355262041091919, "cluster free entropy": 0.2355196475982666, "complexity": 6.556510925292969e-06, "density": 0.11237110197544098, "entropy": 0.2355196475982666, "replicated free entropy mean": 0.2355262041091919, "replicated free entropy std": 0.0, "cluster free entropy mean": 0.2355196475982666, "cluster free entropy std": 0.0, "complexity mean": 6.556510925292969e-06, "complexity std": 0.0, "density mean": 0.11237110197544098, "density std": 0.0, "entropy mean": 0.2355196475982666, "entropy std": 0.0}