Messages,Free entropy density,density,entropy density,stability,physical
"[[0.42011907055822817, 0.42011907055822817], [0.15976185888343206, 1.1159349408306552e-13]]",0.4012246691681731,0.21599867044632431,0.4012246691681731,False,True
