{"Messages": [[0.42011907055822817, 0.42011907055822817], [0.15976185888343206, 1.1159349408306552e-13]], "Free entropy density": 0.4012246691681731, "density": 0.21599867044632431, "entropy density": 0.4012246691681731, "stability": false, "physical": true}