{"Messages": [[0.394966490698863, 0.300109634269576], [0.1732683781319389, 0.1316554968996221]], "Free entropy density": -0.30071107273653386, "density": 0.2500000000000051, "entropy density": -0.30071107273653386, "stability": true, "physical": true, "stability AT": true, "linear stability": false, "non linear stability": false, "eta": [0.0, 0.13165548632499913, 0.1732683692492409, 0.0, 0.30010963771576343, 0.0, 0.0, 0.0, 0.39496650670999656, 0.0, 0.0, 0.0, 0.0, 0.0, 0.0, 0.0], "phi_SP": -0.3007110727365383, "stability SP": true, "phi_SP_noisy": null}