{"replicated free entropy": -0.10515975952148438, "cluster free entropy": 0.0, "complexity": -0.10515975952148438, "density": 0.4980623424053192, "entropy": 0.0, "replicated free entropy mean": -0.10539843977951421, "replicated free entropy std": 0.0003841648748034664, "cluster free entropy mean": 0.0, "cluster free entropy std": 0.0, "complexity mean": -0.10539843977951421, "complexity std": 0.0003841648748034664, "density mean": 0.49981247143047614, "density std": 0.0006958743897562997, "entropy mean": 0.0, "entropy std": 0.0, "stability": true, "stability non zero": true, "fraction hard fields": 1.0, "fraction i frozen": 1.0, "fraction j frozen": 1.0, "fraction config forbidden": 1.0}