Messages,Free entropy density,density,entropy density,stability,physical
"[[0.42577788803427485, 0.4174834557186924], [0.15673865624691824, 1.145417214943123e-13]]",0.3968889054529452,0.20962368947672969,0.3968889054529452,False,True
