{"Messages": [[0.42577788803427485, 0.4174834557186924], [0.15673865624691824, 1.145417214943123e-13]], "Free entropy density": 0.3968889054529452, "density": 0.20962368947672969, "entropy density": 0.3968889054529452, "stability": false, "physical": true}