{"Messages": [[0.07846834062203717, 0.11557183009314541], [0.30208685508150335, 0.5038729742033141]], "Free entropy density": 0.2617965351438587, "density": 0.875496644054783, "entropy density": 0.2617965351438587, "stability": false, "physical": true}