Messages,Free entropy density,density,entropy density,stability,physical
"[[1.467839114233654e-13, 0.9999999999972111], [1.467839114233654e-13, 2.4953264941972137e-12]]",-60.48592412104678,0,-60.48592412104678,True,False
