Messages,Free entropy density,density,entropy density,stability,physical
"[[0.2949117268956679, 0.2147552696128161], [0.21742281206533912, 0.27291019142617695]]",0.20935656749120568,0.47548846731542754,0.20935656749120568,False,True
"[[0.5000000000000002, 0.4999999999999999], [1.1457427611213022e-96, 0.0]]",0.0,0,0.0,False,True
