{"Messages": [[0.2949117268956679, 0.2147552696128161], [0.21742281206533912, 0.27291019142617695]], "Free entropy density": 0.20935656749120568, "density": 0.47548846731542754, "entropy density": 0.20935656749120568, "stability": false, "physical": true}