Messages,Free entropy density,density,entropy density,stability,physical
"[[0.2243087020244666, 0.25228111732702074], [0.2425990111294854, 0.28081116951902735]]",0.4723520113316715,0.5567235424503982,0.4723520113316715,True,True
"[[0.34098761877454886, 0.4413585026091953], [0.21765387861625585, 0.0]]",0.24751557275582847,0.3114902618767862,0.24751557275582847,False,True
