{"Messages": [[0.2243087020244666, 0.25228111732702074], [0.2425990111294854, 0.28081116951902735]], "Free entropy density": 0.4723520113316715, "density": 0.5567235424503982, "entropy density": 0.4723520113316715, "stability": true, "physical": true, "stability AT": true, "linear stability": false, "non linear stability": true, "eta": [0.0, 2.1931812931479e-10, 1.8102532491813743e-10, 1.668173075909619e-08, 3.078109058651814e-11, 0.0, 9.084607220097268e-11, 7.639689652275638e-11, 1.0679935179604618e-11, 0.0, 0.0, 0.0, 1.2918535313253808e-08, 3.697513313814556e-10, 1.5165351384069027e-10, 0.9999999692692815], "phi_SP": -1.1102230246251585e-16, "stability SP": true, "phi_SP_noisy": null}