{"replicated free entropy": 0.6276085376739502, "cluster free entropy": 0.627605676651001, "complexity": 2.86102294921875e-06, "density": 0.48137304186820984, "entropy": 0.627605676651001, "replicated free entropy mean": 0.6276085376739502, "replicated free entropy std": 0.0, "cluster free entropy mean": 0.627605676651001, "cluster free entropy std": 0.0, "complexity mean": 2.86102294921875e-06, "complexity std": 0.0, "density mean": 0.48137304186820984, "density std": 0.0, "entropy mean": 0.627605676651001, "entropy std": 0.0}