Messages,Free entropy density,density,entropy density,stability,physical
"[[0.10965393059514755, 0.2102732441479065], [0.333765396822885, 0.3463074284340609]]",0.25411130940154614,0.6981238323331659,0.25411130940154614,False,True
"[[0.9999999999999983, 1.4379285630329926e-15], [2.497398840252818e-16, 0.0]]",-1.1044052673094165e-29,0,-1.1044052673094165e-29,False,True
