{"Messages": [[0.10965393059514755, 0.2102732441479065], [0.333765396822885, 0.3463074284340609]], "Free entropy density": 0.25411130940154614, "density": 0.6981238323331659, "entropy density": 0.25411130940154614, "stability": false, "physical": true}