{"Messages": [[0.20574925846260136, 0.2762600730807654], [0.2765529539722346, 0.24143771448439866]], "Free entropy density": 0.39072869628493345, "density": 0.5314873222302138, "entropy density": 0.39072869628493345, "stability": false, "physical": true}