{"replicated free entropy": 0.16258978843688965, "cluster free entropy": 0.017276406288146973, "complexity": 0.14531338214874268, "density": 0.6508002877235413, "entropy": 0.017276406288146973, "replicated free entropy mean": 0.16246065860841333, "replicated free entropy std": 0.00016356061167691093, "cluster free entropy mean": 0.01754946824980945, "cluster free entropy std": 0.000384859687332082, "complexity mean": 0.14491119035860386, "complexity std": 0.00036620898011067835, "density mean": 0.6513464916043166, "density std": 0.0005425955770748778, "entropy mean": 0.01754946824980945, "entropy std": 0.000384859687332082, "stability": false, "stability non zero": true, "fraction hard fields": 0.35285961627960205, "fraction i frozen": 0.7113085985183716, "fraction j frozen": 0.35506269335746765, "fraction config forbidden": 1.0}