{"Messages": [[0.25213579660164065, 0.30788449898598813], [0.23676159011338682, 0.20321811429898426]], "Free entropy density": 0.126206958527463, "density": 0.4555676759041045, "entropy density": 0.126206958527463, "stability": false, "physical": true}