Messages,Free entropy density,density,entropy density,stability,physical
"[[0.07680901963324414, 0.1308814141316718], [0.3163589587600326, 0.4759506074750516]]",0.28243255085946517,0.8499391253993471,0.28243255085946517,False,True
"[[0.9999999999999714, 1.2849230170402693e-14], [7.0775376902773626e-15, 8.597147406497212e-15]]",-3.281661365719409e-27,1.1107505315301142e-55,-3.281661365719409e-27,False,True
