{"Messages": [[0.07680901963324414, 0.1308814141316718], [0.3163589587600326, 0.4759506074750516]], "Free entropy density": 0.28243255085946517, "density": 0.8499391253993471, "entropy density": 0.28243255085946517, "stability": false, "physical": true}