{"replicated free entropy": 0.12609219551086426, "cluster free entropy": -0.00021952390670776367, "complexity": 0.12631171941757202, "density": 0.452825665473938, "entropy": -0.00021952390670776367, "replicated free entropy mean": 0.12624733040972455, "replicated free entropy std": 0.00030666659204954777, "cluster free entropy mean": 4.5990071645597134e-05, "cluster free entropy std": 0.00042365511673679053, "complexity mean": 0.12620134033807895, "complexity std": 0.0004908857423551091, "density mean": 0.45394473104942135, "density std": 0.0008167522774655346, "entropy mean": 4.5990071645597134e-05, "entropy std": 0.00042365511673679053, "stability": true, "stability non zero": true, "fraction hard fields": 0.7020313143730164, "fraction i frozen": 1.0, "fraction j frozen": 0.7020313143730164, "fraction config forbidden": 1.0}