{"Messages": [[0.25691539381875156, 0.19030545546577843], [0.2632677741411758, 0.2895113765742943]], "Free entropy density": 0.09133119323598748, "density": 0.5356190812283128, "entropy density": 0.09133119323598748, "stability": false, "physical": true}