{"Messages": [[0.20395730197245865, 0.20775565481575106], [0.31221589327576105, 0.2760711499360292]], "Free entropy density": 0.2996607075986759, "density": 0.569920550038228, "entropy density": 0.2996607075986759, "stability": false, "physical": true}