Messages,Free entropy density,density,entropy density,stability,physical
"[[0.2032103273170337, 0.29678967268263107], [0.29678967268309886, 0.20321032731723646]]",0.4176643503314681,0.49999999999924527,0.4176643503314681,True,True
