{"Messages": [[0.2032103273170337, 0.29678967268263107], [0.29678967268309886, 0.20321032731723646]], "Free entropy density": 0.4176643503314681, "density": 0.49999999999924527, "entropy density": 0.4176643503314681, "stability": true, "physical": true, "stability AT": true, "linear stability": false, "non linear stability": true, "eta": [0.0, 1.3349918974505773e-11, 1.7724606791472687e-10, 1.2818600442230428e-08, 1.7724606791472687e-10, 0.0, 0.0, 1.8073200173240376e-09, 1.3349918974505773e-11, 0.0, 0.0, 0.0, 1.2818600442230416e-08, 0.0, 1.8073200173240376e-09, 0.9999999703669671], "phi_SP": 0.0, "stability SP": true, "phi_SP_noisy": null}