Messages,Free entropy density,density,entropy density,stability,physical
"[[0.35658103107504724, 0.40798620259883084], [0.23543276632611881, 3.0890645782563536e-15]]",-0.10147598304352545,0.3008655061193074,-0.10147598304352545,True,True
