{"Messages": [[0.35658103107504724, 0.40798620259883084], [0.23543276632611881, 3.0890645782563536e-15]], "Free entropy density": -0.10147598304352545, "density": 0.3008655061193074, "entropy density": -0.10147598304352545, "stability": true, "physical": true, "stability AT": true, "linear stability": false, "non linear stability": false, "eta": [0.0, 6.901746346790594e-09, 0.2463330283168344, 0.0, 0.37971328568791685, 0.0, 0.0003368478563229373, 0.0, 0.32618657175413707, 0.0, 7.17663149782727e-06, 0.0, 0.04742308272819235, 0.0, 1.2335214717989012e-10, 0.0], "phi_SP": -0.1014766295391043, "stability SP": true, "phi_SP_noisy": null}