{"replicated free entropy": 0.0063326358795166016, "cluster free entropy": -0.0009032487869262695, "complexity": 0.007235884666442871, "density": 0.516133725643158, "entropy": -0.0009032487869262695, "replicated free entropy mean": 0.007265125832906584, "replicated free entropy std": 0.0005937761790113659, "cluster free entropy mean": 6.323762056304188e-05, "cluster free entropy std": 0.0010845962922208198, "complexity mean": 0.007201888212343541, "complexity std": 0.0011839763151452517, "density mean": 0.5162700879864577, "density std": 0.0015228660829154038, "entropy mean": 6.323762056304188e-05, "entropy std": 0.0010845962922208198}