Messages,Free entropy density,density,entropy density,stability,physical
"[[0.2273376099893412, 0.3156744502412109], [0.2461041048609397, 0.21088383490850818]]",0.17270996669860894,0.485667034605776,0.17270996669860894,False,True
"[[0.31117092498104554, 0.43822421509409487], [0.2506048599248597, 0.0]]",0.059332218382806445,0.3470195075935568,0.059332218382806445,False,True
"[[0.9999999999999998, 0.0], [0.0, 1.241446308058312e-22]]",-1.9721522630525295e-31,0,-1.9721522630525295e-31,False,True
