{"Messages": [[0.2273376099893412, 0.3156744502412109], [0.2461041048609397, 0.21088383490850818]], "Free entropy density": 0.17270996669860894, "density": 0.485667034605776, "entropy density": 0.17270996669860894, "stability": false, "physical": true}