{"Messages": [[0.10726735686809122, 0.21020798743804814], [0.3353278230109618, 0.3471968326828986]], "Free entropy density": 0.2526678459189564, "density": 0.6996844928619919, "entropy density": 0.2526678459189564, "stability": true, "physical": true, "stability AT": true, "linear stability": false, "non linear stability": true, "eta": [0.0, 3.763855720495004e-11, 9.04978709831918e-12, 3.999768369737474e-09, 1.0316250744576022e-11, 1.0528022987235076e-11, 0.0, 2.3566082710096403e-08, 4.33229639706381e-15, 0.0, 0.0, 0.0, 6.538754957675932e-10, 1.2778803725737945e-12, 1.5549366724144058e-11, 0.9999999716959092], "phi_SP": 1.110223024625156e-16, "stability SP": true, "phi_SP_noisy": null}