{"Messages": [[0.2163530029431908, 0.2163530029431908], [0.24490839972970874, 0.3223855943839098]], "Free entropy density": 0.5692638281764264, "density": 0.6112595225946045, "entropy density": 0.5692638281764264, "stability": false, "physical": true}