Messages,Free entropy density,density,entropy density,stability,physical
"[[0.13084167504379005, 0.1094255322238201], [0.306395603415169, 0.45333718931722083]]",0.2095569235069572,0.8251676149690137,0.2095569235069572,False,True
"[[0.45333718931722083, 0.306395603415169], [0.1094255322238201, 0.13084167504379005]]",0.20955692350695676,0.17483238503098625,0.20955692350695676,False,True
