{"Messages": [[0.13084167504379005, 0.1094255322238201], [0.306395603415169, 0.45333718931722083]], "Free entropy density": 0.2095569235069572, "density": 0.8251676149690137, "entropy density": 0.2095569235069572, "stability": false, "physical": true}