{"Messages": [[0.40558552398375014, 0.40558552398375014], [0.188828952032499, 8.454572651240145e-16]], "Free entropy density": 0.4354342827226758, "density": 0.24108590671857705, "entropy density": 0.4354342827226758, "stability": true, "physical": true, "stability AT": true, "linear stability": true, "non linear stability": true, "eta": [0.0, 4.257089234828955e-11, 1.0644855598599777e-09, 0.0, 2.085924839766527e-11, 0.0, 0.0, 0.0, 2.085924839766527e-11, 0.0, 0.0, 0.0, 2.802738993891591e-08, 0.0, 0.999999970823835, 0.0], "phi_SP": -1.6653617217115785e-16, "stability SP": true, "phi_SP_noisy": null}