{"replicated free entropy": 0.2718081474304199, "cluster free entropy": 0.27181124687194824, "complexity": -3.0994415283203125e-06, "density": 0.22285035252571106, "entropy": 0.27181124687194824, "replicated free entropy mean": 0.2718081474304199, "replicated free entropy std": 0.0, "cluster free entropy mean": 0.27181124687194824, "cluster free entropy std": 0.0, "complexity mean": -3.0994415283203125e-06, "complexity std": 0.0, "density mean": 0.22285035252571106, "density std": 0.0, "entropy mean": 0.27181124687194824, "entropy std": 0.0}