{"replicated free entropy": 0.46390581130981445, "cluster free entropy": 0.46390676498413086, "complexity": -9.5367431640625e-07, "density": 0.5425376892089844, "entropy": 0.46390676498413086, "replicated free entropy mean": 0.46390581130981445, "replicated free entropy std": 0.0, "cluster free entropy mean": 0.46390676498413086, "cluster free entropy std": 0.0, "complexity mean": -9.5367431640625e-07, "complexity std": 0.0, "density mean": 0.5425376892089844, "density std": 0.0, "entropy mean": 0.46390676498413086, "entropy std": 0.0}