{"replicated free entropy": 0.35317111015319824, "cluster free entropy": 0.35317087173461914, "complexity": 2.384185791015625e-07, "density": 0.28112536668777466, "entropy": 0.35317087173461914, "replicated free entropy mean": 0.35317111015319824, "replicated free entropy std": 0.0, "cluster free entropy mean": 0.35317087173461914, "cluster free entropy std": 0.0, "complexity mean": 2.384185791015625e-07, "complexity std": 0.0, "density mean": 0.28112536668777466, "density std": 0.0, "entropy mean": 0.35317087173461914, "entropy std": 0.0}