{"replicated free entropy": 0.21097350120544434, "cluster free entropy": 0.21097135543823242, "complexity": 2.1457672119140625e-06, "density": 0.3824617266654968, "entropy": 0.21097135543823242, "replicated free entropy mean": 0.21097350120544434, "replicated free entropy std": 0.0, "cluster free entropy mean": 0.21097135543823242, "cluster free entropy std": 0.0, "complexity mean": 2.1457672119140625e-06, "complexity std": 0.0, "density mean": 0.38246172012352364, "density std": 1.2335662978798253e-08, "entropy mean": 0.21097135543823242, "entropy std": 0.0}