Messages,Free entropy density,density,entropy density,stability,physical
"[[0.42921618332482836, 0.39214604817691107], [0.17863776849514154, 3.119158117746517e-12]]",0.41314905824965664,0.21598969886428726,0.41314905824965664,True,True
