{"Messages": [[0.42921618332482836, 0.39214604817691107], [0.17863776849514154, 3.119158117746517e-12]], "Free entropy density": 0.41314905824965664, "density": 0.21598969886428726, "entropy density": 0.41314905824965664, "stability": true, "physical": true, "stability AT": true, "linear stability": true, "non linear stability": true, "eta": [0.0, 2.085924839766527e-11, 1.0565147596004205e-09, 0.0, 2.085924839766527e-11, 0.0, 0.0, 0.0, 8.085708095819598e-11, 0.0, 0.0, 0.0, 3.0320841149906326e-08, 0.0, 0.9999999685000684, 0.0], "phi_SP": -6.526713526984811e-22, "stability SP": true, "phi_SP_noisy": null}