{"fitting parameters cluster free entropy": [-37.78186020660782, 101.45564787981061, -63.662276653849155, 1.0], "fitting parameters density": [-140.74390791207617, 295.4508166447883, -160.5487920134541, 1.0], "dynamical transition cluster free entropy": 0.018387512462895092, "static transition cluster free entropy": 0.04450922612912672, "dynamical transition density": 0.37056887440565156, "static transition density": 0.3842057010804292}