{"replicated free entropy": 0.044567108154296875, "cluster free entropy": 0.0489996075630188, "complexity": -0.004432499408721924, "density": 0.3859773576259613, "entropy": 0.0489996075630188, "replicated free entropy mean": 0.04476591726628745, "replicated free entropy std": 0.00010025530473336726, "cluster free entropy mean": 0.04914221967138895, "cluster free entropy std": 0.00012382708806638957, "complexity mean": -0.004376302405101497, "complexity std": 0.00010406157708249238, "density mean": 0.3857404640535029, "density std": 0.00025368791589473603, "entropy mean": 0.04914221967138895, "entropy std": 0.00012382708806638957, "stability": true, "stability non zero": true, "fraction hard fields": 0.058883100748062134, "fraction i frozen": 0.6083921194076538, "fraction j frozen": 0.3335021138191223, "fraction config forbidden": 1.0}