{"Messages": [[0.4447581762532791, 0.31828100139421395], [0.07869649197165686, 0.15826433038084997]], "Free entropy density": 0.10742803501022635, "density": 0.18353073393356045, "entropy density": 0.10742803501022635, "stability": false, "physical": true}