Messages,Free entropy density,density,entropy density,stability,physical
"[[0.0, 0.28609843508431226], [0.4126253450659714, 0.3012762198497164]]",-0.2860345604460983,0.6388430869472445,-0.2860345604460983,False,True
"[[0.0, 0.5], [0.5, 0.0]]",-0.6931471805599452,0.5,-0.6931471805599452,False,True
"[[0.22474487139158902, 0.27525512860841095], [0.27525512860841095, 0.2247448713915891]]",-0.10536051565782678,0.5000000000000002,-0.10536051565782678,True,True
"[[0.3012762198497163, 0.41262534506597137], [0.2860984350843123, 0.0]]",-0.28603456044609876,0.36115691305275555,-0.28603456044609876,False,True
