{"Messages": [[0.22474487139158902, 0.27525512860841095], [0.27525512860841095, 0.2247448713915891]], "Free entropy density": -0.10536051565782678, "density": 0.5000000000000002, "entropy density": -0.10536051565782678, "stability": true, "physical": true, "stability AT": true, "linear stability": false, "non linear stability": true, "eta": [0.0, 0.22474488224734301, 0.275255117752657, 0.0, 0.275255117752657, 0.0, 0.0, 0.0, 0.22474488224734301, 0.0, 0.0, 0.0, 0.0, 0.0, 0.0, 0.0], "phi_SP": -0.10536051565783167, "stability SP": true, "phi_SP_noisy": null}