Messages,Free entropy density,density,entropy density,stability,physical
"[[0.0, 0.1923453039051593], [0.3659832774236301, 0.44167141867121057]]",-0.27599079808471183,0.7904057276419304,-0.27599079808471183,False,True
"[[0.0, 0.49999999999999933], [0.49999999999999933, 1.4085450089008778e-15]]",-0.6931471805599452,0.5,-0.6931471805599452,False,True
"[[0.45585497185333074, 0.4026508754589665], [0.1414941526875941, 1.0885362004278102e-13]]",0.3604234483436306,0.17707188273810143,0.3604234483436306,False,True
