{"Messages": [[0.45585497185333074, 0.4026508754589665], [0.1414941526875941, 1.0885362004278102e-13]], "Free entropy density": 0.3604234483436306, "density": 0.17707188273810143, "entropy density": 0.3604234483436306, "stability": false, "physical": true}