Messages,Free entropy density,density,entropy density,stability,physical
"[[0.0, 0.28609843508431226], [0.41262534506597137, 0.30127621984971636]]",-0.2860345604460983,0.6388430869472446,-0.2860345604460983,False,True
"[[0.0, 0.5], [0.5, 0.0]]",-0.6931471805599452,0.5,-0.6931471805599452,False,True
"[[0.42055875944927434, 0.36835111443483204], [0.1374898028178313, 0.07360032329806204]]",0.361451022660634,0.1976950963961746,0.361451022660634,False,True
"[[0.45585497185338025, 0.40265087545901024], [0.14149415268760954, 0.0]]",0.36042344834363105,0.17707188273810134,0.36042344834363105,False,True
