{"Messages": [[0.42055875944927434, 0.36835111443483204], [0.1374898028178313, 0.07360032329806204]], "Free entropy density": 0.361451022660634, "density": 0.1976950963961746, "entropy density": 0.361451022660634, "stability": false, "physical": true}