{"replicated free entropy": 0.1596665382385254, "cluster free entropy": 0.1596672534942627, "complexity": -7.152557373046875e-07, "density": 0.5804144144058228, "entropy": 0.1596672534942627, "replicated free entropy mean": 0.1596665382385254, "replicated free entropy std": 0.0, "cluster free entropy mean": 0.1596672534942627, "cluster free entropy std": 0.0, "complexity mean": -7.152557373046875e-07, "complexity std": 0.0, "density mean": 0.5804144144058228, "density std": 0.0, "entropy mean": 0.1596672534942627, "entropy std": 0.0}