{"replicated free entropy": 0.34836792945861816, "cluster free entropy": 0.3483680486679077, "complexity": -1.1920928955078125e-07, "density": 0.2876516878604889, "entropy": 0.3483680486679077, "replicated free entropy mean": 0.34836792945861816, "replicated free entropy std": 0.0, "cluster free entropy mean": 0.3483680486679077, "cluster free entropy std": 0.0, "complexity mean": -1.1920928955078125e-07, "complexity std": 0.0, "density mean": 0.2876516878604889, "density std": 0.0, "entropy mean": 0.3483680486679077, "entropy std": 0.0, "stability": true, "stability non zero": true, "fraction hard fields": 0.0, "fraction i frozen": 0.0, "fraction j frozen": 0.0, "fraction config forbidden": 0.0}