Messages,Free entropy density,density,entropy density,stability,physical
"[[0.0, 0.2010212885436052], [0.4141291106270215, 0.38484960082937336]]",0.1160438186268582,0.7353878535532825,0.1160438186268582,False,True
"[[0.0, 0.9999999999999998], [4.784065733063871e-22, 0.0]]",-99.56945693937216,0,-99.56945693937216,False,False
"[[0.19271637806456016, 0.19643652745966447], [0.2965562937584348, 0.3142908007173406]]",0.17590898230982255,0.62209279314545,0.17590898230982255,False,True
"[[0.9999999999999998, 7.847537308447126e-20], [4.735741836770293e-22, 0.0]]",-1.9721522630525295e-31,0,-1.9721522630525295e-31,False,True
