{"Messages": [[0.19271637806456016, 0.19643652745966447], [0.2965562937584348, 0.3142908007173406]], "Free entropy density": 0.17590898230982255, "density": 0.62209279314545, "entropy density": 0.17590898230982255, "stability": false, "physical": true}