{"replicated free entropy": 0.26525449752807617, "cluster free entropy": 0.26525211334228516, "complexity": 2.384185791015625e-06, "density": 0.1929025650024414, "entropy": 0.26525211334228516, "replicated free entropy mean": 0.26525449752807617, "replicated free entropy std": 0.0, "cluster free entropy mean": 0.26525211334228516, "cluster free entropy std": 0.0, "complexity mean": 2.384185791015625e-06, "complexity std": 0.0, "density mean": 0.1929025650024414, "density std": 0.0, "entropy mean": 0.26525211334228516, "entropy std": 0.0}