{"Messages": [[0.0, 0.24952826327061636], [0.41299750324830486, 0.33747423348107886]], "Free entropy density": 0.1892759603688665, "density": 0.6779524767602647, "entropy density": 0.1892759603688665, "stability": true, "physical": true, "stability AT": true, "linear stability": false, "non linear stability": true, "eta": [0.0, 3.222216411426799e-11, 2.5867265563853256e-11, 2.758991901322281e-08, 1.152073567583655e-09, 9.713849618869556e-12, 2.5739808072716945e-10, 0.9999999709327816, 2.4390302773860258e-14, 0.0, 0.0, 0.0, 0.0, 0.0, 0.0, 0.0], "phi_SP": -1.110223024634118e-16, "stability SP": true, "phi_SP_noisy": null}