Messages,Free entropy density,density,entropy density,stability,physical
"[[0.0, 0.2655050282297846], [0.37548081180081283, 0.3590141599694026]]",-0.0760229026546424,0.6963156915363518,-0.0760229026546424,True,True
"[[0.0, 0.5], [0.5, 0.0]]",-0.3465735902799727,0.5,-0.3465735902799727,False,True
"[[0.9999999999999998, 1.734237940541736e-17], [2.4525917632725597e-17, 2.3450346054324744e-17]]",0.0,3.382655926291491e-50,0.0,True,True
