{"Messages": [[0.9999999999999998, 1.734237940541736e-17], [2.4525917632725597e-17, 2.3450346054324744e-17]], "Free entropy density": 0.0, "density": 3.382655926291491e-50, "entropy density": 0.0, "stability": true, "physical": true, "stability AT": true, "linear stability": true, "non linear stability": true, "eta": [0.0, 0.35901414958280364, 0.37548080093775327, 0.0, 0.2655050205485963, 0.0, 0.0, 0.0, 2.8930846678114633e-08, 0.0, 0.0, 0.0, 0.0, 0.0, 0.0, 0.0], "phi_SP": -0.07602290265464617, "stability SP": true, "phi_SP_noisy": null}