{"Messages": [[0.3650944195076549, 0.2862915267670256], [0.17171554517115223, 0.17689850855416725]], "Free entropy density": 0.44393611692605184, "density": 0.3060144869832386, "entropy density": 0.44393611692605184, "stability": false, "physical": true}