{"Messages": [[0.176462510330351, 0.20447161347806558], [0.3322493261741911, 0.28681655001739226]], "Free entropy density": 0.2840762071972476, "density": 0.6025472853347551, "entropy density": 0.2840762071972476, "stability": true, "physical": true, "stability AT": true, "linear stability": true, "non linear stability": true, "eta": [0.0, 0.024182316600436796, 0.011592353077679148, 0.31195569044663723, 0.20579380544719766, 0.0001497533980898284, 0.046175720409109826, 0.09841215536938193, 0.30173820525146755, 0.0, 0.0, 0.0, 0.0, 0.0, 0.0, 0.0], "phi_SP": 0.2420956928980007, "stability SP": false, "phi_SP_noisy": -2.2204460492503128e-16}