{"replicated free entropy": 0.07610893249511719, "cluster free entropy": 0.009214639663696289, "complexity": 0.0668942928314209, "density": 0.43777066469192505, "entropy": 0.009214639663696289, "replicated free entropy mean": 0.075646476047795, "replicated free entropy std": 0.00045699415678447804, "cluster free entropy mean": 0.00916516199344542, "cluster free entropy std": 0.0007636684766568932, "complexity mean": 0.06648131405434958, "complexity std": 0.0007445537202007347, "density mean": 0.43887222612776405, "density std": 0.0011534767319057847, "entropy mean": 0.00916516199344542, "entropy std": 0.0007636684766568932}