{"Messages": [[0.44269831617108946, 0.2842407942661237], [0.12339692181252149, 0.14966396775026547]], "Free entropy density": 0.2496781872502336, "density": 0.19919504450131972, "entropy density": 0.2496781872502336, "stability": true, "physical": true, "stability AT": true, "linear stability": true, "non linear stability": true, "eta": [0.0, 6.957221161498341e-12, 1.9931717084726373e-11, 3.3122595186928783e-10, 3.75766813243816e-13, 0.0, 0.0, 0.0, 9.700307922103848e-10, 4.6818102204856036e-12, 4.618523762191951e-11, 7.44898216321729e-09, 2.553417046189917e-08, 5.759979185201579e-10, 1.2767788926034544e-10, 0.999999964933783], "phi_SP": -4.930380657631324e-32, "stability SP": true, "phi_SP_noisy": null}