{"Messages": [[0.23550449141398455, 0.23699816856479408], [0.23205584297317278, 0.29544149704804873]], "Free entropy density": 0.40401113725216664, "density": 0.5629562065366956, "entropy density": 0.40401113725216664, "stability": true, "physical": true, "stability AT": true, "linear stability": false, "non linear stability": true, "eta": [0.0, 1.867110998897513e-10, 6.330393291817271e-11, 1.854064972087795e-08, 5.759628040080554e-11, 4.4380705836806913e-11, 0.0, 2.0340606249845993e-11, 3.012788058789661e-11, 0.0, 7.773910652135462e-11, 2.9505877698523983e-12, 1.1243689011244663e-08, 1.0260011261920447e-09, 4.128674416281794e-13, 0.9999999687060972], "phi_SP": -4.930380657631324e-32, "stability SP": true, "phi_SP_noisy": null}