{"replicated free entropy": 0.17922568321228027, "cluster free entropy": 0.1792280673980713, "complexity": -2.384185791015625e-06, "density": 0.12074542790651321, "entropy": 0.1792280673980713, "replicated free entropy mean": 0.17922568321228027, "replicated free entropy std": 0.0, "cluster free entropy mean": 0.1792280673980713, "cluster free entropy std": 0.0, "complexity mean": -2.384185791015625e-06, "complexity std": 0.0, "density mean": 0.12074542790651321, "density std": 0.0, "entropy mean": 0.1792280673980713, "entropy std": 0.0}