{"replicated free entropy": 0.4723525047302246, "cluster free entropy": 0.4723539352416992, "complexity": -1.430511474609375e-06, "density": 0.556723415851593, "entropy": 0.4723539352416992, "replicated free entropy mean": 0.4723525047302246, "replicated free entropy std": 0.0, "cluster free entropy mean": 0.4723539352416992, "cluster free entropy std": 0.0, "complexity mean": -1.430511474609375e-06, "complexity std": 0.0, "density mean": 0.556723415851593, "density std": 0.0, "entropy mean": 0.4723539352416992, "entropy std": 0.0, "stability": true, "stability non zero": true, "fraction hard fields": 0.0, "fraction i frozen": 0.0, "fraction j frozen": 0.0, "fraction config forbidden": 0.0}