{"Messages": [[0.31528073230900416, 0.27799882937350817], [0.21613944912263522, 0.19058098919485256]], "Free entropy density": 0.297562387732349, "density": 0.3767452271903113, "entropy density": 0.297562387732349, "stability": true, "physical": true, "stability AT": true, "linear stability": false, "non linear stability": true, "eta": [0.0, 6.73906502524229e-12, 1.8476432495308783e-11, 5.46549803813028e-09, 1.4236634226478983e-11, 6.241550172835958e-11, 0.0, 0.0, 4.109915596931807e-11, 0.0, 2.9280095441567365e-10, 0.0, 2.1545498920633445e-08, 0.0, 0.0, 0.9999999725532354], "phi_SP": -2.2204460492503128e-16, "stability SP": true, "phi_SP_noisy": null}