{"replicated free entropy": 0.26914215087890625, "cluster free entropy": 0.26914167404174805, "complexity": 4.76837158203125e-07, "density": 0.5000000596046448, "entropy": 0.26914167404174805, "replicated free entropy mean": 0.26914217995434275, "replicated free entropy std": 7.801758292243968e-08, "cluster free entropy mean": 0.26914170311718455, "cluster free entropy std": 7.801758292243968e-08, "complexity mean": 4.76837158203125e-07, "complexity std": 0.0, "density mean": 0.5000000523357857, "density std": 1.950439573060992e-08, "entropy mean": 0.26914170311718455, "entropy std": 7.801758292243968e-08, "stability": true, "stability non zero": true, "fraction hard fields": 0.0, "fraction i frozen": 0.0, "fraction j frozen": 0.0, "fraction config forbidden": 0.0}