{"replicated free entropy": 0.19047260284423828, "cluster free entropy": 0.19047141075134277, "complexity": 1.1920928955078125e-06, "density": 0.13457392156124115, "entropy": 0.19047141075134277, "replicated free entropy mean": 0.19047260284423828, "replicated free entropy std": 0.0, "cluster free entropy mean": 0.19047141075134277, "cluster free entropy std": 0.0, "complexity mean": 1.1920928955078125e-06, "complexity std": 0.0, "density mean": 0.13457392156124115, "density std": 0.0, "entropy mean": 0.19047141075134277, "entropy std": 0.0}