Messages,Free entropy density,density,entropy density,stability,physical
"[[1.3510608657736636e-12, 0.9999999999986489], [4.309103330548479e-25, 7.325475661932418e-24]]",-28.255225757251225,0,-28.255225757251225,True,False
