{"Messages": [[1.3510608657736636e-12, 0.9999999999986489], [4.309103330548479e-25, 7.325475661932418e-24]], "Free entropy density": -28.255225757251225, "density": 0, "entropy density": -28.255225757251225, "stability": true, "physical": false, "stability AT": false, "linear stability": true, "non linear stability": true, "eta": [0.0, 7.268387242956134e-16, 7.268387242956134e-16, 0.0, 0.9999999445118188, 0.0, 0.0, 0.0, 5.548817967343679e-08, 0.0, 0.0, 0.0, 0.0, 0.0, 0.0, 0.0], "phi_SP": -17.632190515524073, "stability SP": true, "phi_SP_noisy": null}