{"Messages": [[0.24120319433103668, 0.2812959421224548], [0.2630225858316292, 0.21447827771487937]], "Free entropy density": 0.30231233729305984, "density": 0.4758519880853066, "entropy density": 0.30231233729305984, "stability": false, "physical": true}