Messages,Free entropy density,density,entropy density,stability,physical
"[[0.17939676090193066, 0.2565337509827991], [0.2820645839869106, 0.2820049041283597]]",0.07679665111697842,0.5923135210569509,0.07679665111697842,True,True
