{"Messages": [[0.17939676090193066, 0.2565337509827991], [0.2820645839869106, 0.2820049041283597]], "Free entropy density": 0.07679665111697842, "density": 0.5923135210569509, "entropy density": 0.07679665111697842, "stability": true, "physical": true, "stability AT": true, "linear stability": true, "non linear stability": true, "eta": [0.0, 0.3008232984978707, 0.30259299081613783, 0.006833828244728318, 0.18998471582865425, 0.002199256224736438, 0.0, 5.1554421834225635e-09, 0.10732781590679127, 0.0, 0.0004938184583852196, 1.144487902907354e-09, 0.08974323437653582, 7.016013103981694e-08, 9.651836046121839e-07, 2.494389256088949e-12], "phi_SP": 0.0767036163757977, "stability SP": true, "phi_SP_noisy": null}