{"replicated free entropy": 0.1540682315826416, "cluster free entropy": 0.15406811237335205, "complexity": 1.1920928955078125e-07, "density": 0.4174909293651581, "entropy": 0.15406811237335205, "replicated free entropy mean": 0.1540682315826416, "replicated free entropy std": 0.0, "cluster free entropy mean": 0.15406821704492335, "cluster free entropy std": 1.1831952274936469e-07, "complexity mean": 1.4537718237900152e-08, "complexity std": 1.183195227493647e-07, "density mean": 0.4174909293651581, "density std": 0.0, "entropy mean": 0.15406821704492335, "entropy std": 1.1831952274936469e-07, "stability": true, "stability non zero": true, "fraction hard fields": 0.0, "fraction i frozen": 0.0, "fraction j frozen": 0.0, "fraction config forbidden": 0.0}