Messages,Free entropy density,density,entropy density,stability,physical
"[[0.2837999169168173, 0.2596027147117648], [0.2231063736698483, 0.2334909947015697]]",0.6039053278130053,0.4481376920971664,0.6039053278130053,False,True
