{"Messages": [[0.2837999169168173, 0.2596027147117648], [0.2231063736698483, 0.2334909947015697]], "Free entropy density": 0.6039053278130053, "density": 0.4481376920971664, "entropy density": 0.6039053278130053, "stability": false, "physical": true}