Messages,Free entropy density,density,entropy density,stability,physical
"[[0.2340389833994408, 0.20497772236598827], [0.23300638328356998, 0.32797691095100096]]",0.5235987248026786,0.6023685643792018,0.5235987248026786,False,True
"[[0.4999999999999999, 0.4999999999999999], [1.667003608219989e-26, 0.0]]",0.0,0,0.0,False,True
