{"Messages": [[0.2340389833994408, 0.20497772236598827], [0.23300638328356998, 0.32797691095100096]], "Free entropy density": 0.5235987248026786, "density": 0.6023685643792018, "entropy density": 0.5235987248026786, "stability": false, "physical": true}