{"Messages": [[0.3234539837069086, 0.3234539837069086], [0.21554700541997757, 0.13754502716620493]], "Free entropy density": 0.5604609622260308, "density": 0.33705265912258275, "entropy density": 0.5604609622260308, "stability": true, "physical": true, "stability AT": true, "linear stability": true, "non linear stability": true, "eta": [0.0, 1.3734288853102964e-10, 4.3067224703495105e-10, 7.2278285020979494e-09, 3.2592575621351976e-11, 0.0, 0.0, 0.0, 3.2592575621351976e-11, 0.0, 0.0, 0.0, 2.038971972955393e-08, 1.1479765356446999e-10, 1.0007923185423686e-09, 0.9999999706336615], "phi_SP": 2.2204460492503128e-16, "stability SP": true, "phi_SP_noisy": null}