{"replicated free entropy": 0.5251643657684326, "cluster free entropy": 0.5251657962799072, "complexity": -1.430511474609375e-06, "density": 0.582992434501648, "entropy": 0.5251657962799072, "replicated free entropy mean": 0.5251643657684326, "replicated free entropy std": 0.0, "cluster free entropy mean": 0.5251657962799072, "cluster free entropy std": 0.0, "complexity mean": -1.430511474609375e-06, "complexity std": 0.0, "density mean": 0.582992434501648, "density std": 0.0, "entropy mean": 0.5251657962799072, "entropy std": 0.0}