{"replicated free entropy": 0.32343006134033203, "cluster free entropy": 0.058753132820129395, "complexity": 0.26467692852020264, "density": 0.5481898784637451, "entropy": 0.058753132820129395, "replicated free entropy mean": 0.3232400417327881, "replicated free entropy std": 0.00028570549379932915, "cluster free entropy mean": 0.059036720089796116, "cluster free entropy std": 0.0009944264099578735, "complexity mean": 0.264203321642992, "complexity std": 0.000929241246989861, "density mean": 0.549171581500914, "density std": 0.0008907460410167691, "entropy mean": 0.059036720089796116, "entropy std": 0.0009944264099578735}