{"Messages": [[0.27065767199550994, 0.339564499002055], [0.22197695495067238, 0.1678008740517626]], "Free entropy density": 0.03631080233056361, "density": 0.4105770520505217, "entropy density": 0.03631080233056361, "stability": false, "physical": true}