Messages,Free entropy density,density,entropy density,stability,physical
"[[0.22252093395582426, 0.27747906604345934], [0.27747906604389955, 0.2225209339568168]]",0.5828580130949987,0.5000000000005852,0.5828580130949987,True,True
