{"Messages": [[0.22252093395582426, 0.27747906604345934], [0.27747906604389955, 0.2225209339568168]], "Free entropy density": 0.5828580130949987, "density": 0.5000000000005852, "entropy density": 0.5828580130949987, "stability": true, "physical": true, "stability AT": true, "linear stability": true, "non linear stability": true, "eta": [0.0, 7.957171782556632e-11, 2.731831028159487e-10, 1.5676480622128506e-08, 2.731831028159487e-10, 0.0, 0.0, 9.023092453718361e-10, 7.957171782556632e-11, 0.0, 0.0, 0.0, 1.5676480622128506e-08, 0.0, 9.023092453718372e-10, 0.9999999661369108], "phi_SP": 1.110223024625156e-16, "stability SP": true, "phi_SP_noisy": null}