{"Messages": [[0.4621929635112437, 0.32081588969604413], [0.0686193698571328, 0.14837177693557935]], "Free entropy density": 0.09899976400424348, "density": 0.1574325925656392, "entropy density": 0.09899976400424348, "stability": false, "physical": true}