Messages,Free entropy density,density,entropy density,stability,physical
"[[0.1666666666675835, 0.3333333333323725], [0.3333333333324266, 0.16666666666761737]]",0.23500181462286762,0.499999999999933,0.23500181462286762,True,True
