{"Messages": [[0.1666666666675835, 0.3333333333323725], [0.3333333333324266, 0.16666666666761737]], "Free entropy density": 0.23500181462286762, "density": 0.499999999999933, "entropy density": 0.23500181462286762, "stability": true, "physical": true, "stability AT": true, "linear stability": true, "non linear stability": true, "eta": [0.0, 1.2313126936373369e-13, 1.7491428483919525e-11, 7.332117128674947e-10, 1.7491428483919525e-11, 0.0, 4.2061087356409645e-11, 1.720300094109444e-08, 1.2313126936373369e-13, 0.0, 0.0, 0.0, 7.332117128674947e-10, 0.0, 1.720300094109444e-08, 0.9999999640502845], "phi_SP": -1.1102230246251565e-16, "stability SP": true, "phi_SP_noisy": null}