{"Messages": [[0.3293817701219941, 0.27956543000442213], [0.23259176627794553, 0.15846103359563835]], "Free entropy density": 0.026712341254806038, "density": 0.3418699374152186, "entropy density": 0.026712341254806038, "stability": false, "physical": true}