Messages,Free entropy density,density,entropy density,stability,physical
"[[1.4751288757848387e-12, 0.999999999998525], [2.0547405865423573e-24, 3.493058997122009e-23]]",-55.09175021246615,0,-55.09175021246615,True,False
