{"Messages": [[1.4751288757848387e-12, 0.999999999998525], [2.0547405865423573e-24, 3.493058997122009e-23]], "Free entropy density": -55.09175021246615, "density": 0, "entropy density": -55.09175021246615, "stability": true, "physical": false, "stability AT": false, "linear stability": true, "non linear stability": true, "eta": [0.0, 2.7726696941208384e-15, 2.7726696941208384e-15, 0.0, 0.999999945812319, 0.0, 0.0, 0.0, 2.7726696941208384e-15, 0.0, 0.0, 0.0, 5.4187672722943014e-08, 0.0, 0.0, 0.0], "phi_SP": -34.06882331765462, "stability SP": true, "phi_SP_noisy": null}