Messages,Free entropy density,density,entropy density,stability,physical
"[[0.23129518468242322, 0.3183616822827986], [0.2675724258898248, 0.18277070714495336]]",0.31095550501673985,0.4609512214021518,0.31095550501673985,False,True
"[[0.9999999999999998, 5.582495973090113e-19], [3.704589724354735e-21, 2.7608981727087242e-21]]",-1.9721522630525295e-31,9.904246717144872e-74,-1.9721522630525295e-31,False,True
