{"Messages": [[0.23129518468242322, 0.3183616822827986], [0.2675724258898248, 0.18277070714495336]], "Free entropy density": 0.31095550501673985, "density": 0.4609512214021518, "entropy density": 0.31095550501673985, "stability": false, "physical": true}