{"replicated free entropy": 0.19107437133789062, "cluster free entropy": 0.19107317924499512, "complexity": 1.1920928955078125e-06, "density": 0.14042767882347107, "entropy": 0.19107317924499512, "replicated free entropy mean": 0.1910742724814066, "replicated free entropy std": 1.1745900570895122e-07, "cluster free entropy mean": 0.1910730803885111, "cluster free entropy std": 1.1745900570895122e-07, "complexity mean": 1.1920928955078125e-06, "complexity std": 0.0, "density mean": 0.14042767882347107, "density std": 0.0, "entropy mean": 0.1910730803885111, "entropy std": 1.1745900570895122e-07}