{"replicated free entropy": 0.2044745683670044, "cluster free entropy": 0.0005102157592773438, "complexity": 0.20396435260772705, "density": 0.46691930294036865, "entropy": 0.0005102157592773438, "replicated free entropy mean": 0.2046034452391834, "replicated free entropy std": 0.00014354545008129756, "cluster free entropy mean": 0.0006374382391208555, "cluster free entropy std": 0.00034718033031147955, "complexity mean": 0.2039660070000625, "complexity std": 0.0003418160114751805, "density mean": 0.46702208024699515, "density std": 0.0004543860838069651, "entropy mean": 0.0006374382391208555, "entropy std": 0.00034718033031147955, "stability": false, "stability non zero": true, "fraction hard fields": 0.39781349897384644, "fraction i frozen": 1.0, "fraction j frozen": 0.39781349897384644, "fraction config forbidden": 1.0}