{"Messages": [[0.39126250895759335, 0.2698020493176235], [0.1680873590768373, 0.17084808264794582]], "Free entropy density": 0.2837036271754174, "density": 0.2730619859870221, "entropy density": 0.2837036271754174, "stability": false, "physical": true}