{"replicated free entropy": 0.48873448371887207, "cluster free entropy": 0.48873305320739746, "complexity": 1.430511474609375e-06, "density": 0.5272447466850281, "entropy": 0.48873305320739746, "replicated free entropy mean": 0.48873448371887207, "replicated free entropy std": 0.0, "cluster free entropy mean": 0.48873305320739746, "cluster free entropy std": 0.0, "complexity mean": 1.430511474609375e-06, "complexity std": 0.0, "density mean": 0.5272447466850281, "density std": 0.0, "entropy mean": 0.48873305320739746, "entropy std": 0.0}