{"replicated free entropy": 0.2773597240447998, "cluster free entropy": 0.2773571014404297, "complexity": 2.6226043701171875e-06, "density": 0.6749603152275085, "entropy": 0.2773571014404297, "replicated free entropy mean": 0.2773597240447998, "replicated free entropy std": 0.0, "cluster free entropy mean": 0.277357107255517, "cluster free entropy std": 3.677784129082726e-08, "complexity mean": 2.6167892828220276e-06, "complexity std": 3.677784129082725e-08, "density mean": 0.6749603108661931, "density std": 2.7583380968120445e-08, "entropy mean": 0.277357107255517, "entropy std": 3.677784129082726e-08, "stability": true, "stability non zero": true, "fraction hard fields": 0.0, "fraction i frozen": 0.0, "fraction j frozen": 0.0, "fraction config forbidden": 0.0}