{"replicated free entropy": 0.45840024948120117, "cluster free entropy": 0.45840156078338623, "complexity": -1.3113021850585938e-06, "density": 0.5666502714157104, "entropy": 0.45840156078338623, "replicated free entropy mean": 0.45840024948120117, "replicated free entropy std": 0.0, "cluster free entropy mean": 0.45840156078338623, "cluster free entropy std": 0.0, "complexity mean": -1.3113021850585938e-06, "complexity std": 0.0, "density mean": 0.5666502714157104, "density std": 0.0, "entropy mean": 0.45840156078338623, "entropy std": 0.0, "stability": true, "stability non zero": true, "fraction hard fields": 0.0, "fraction i frozen": 0.0, "fraction j frozen": 0.0, "fraction config forbidden": 0.0}