{"Messages": [[0.38311222032641795, 0.2346766822085429], [0.20847828024791562, 0.17373281721712353]], "Free entropy density": -0.13705302067842462, "density": 0.2878666896856664, "entropy density": -0.13705302067842462, "stability": true, "physical": true, "stability AT": true, "linear stability": false, "non linear stability": true, "eta": [0.0, 0.06127980157934972, 0.10075403507714878, 0.13609761876512663, 0.26661563845416764, 0.0, 0.0, 0.0, 0.4352529061242073, 0.0, 0.0, 0.0, 0.0, 0.0, 0.0, 0.0], "phi_SP": -0.13705302067843483, "stability SP": true, "phi_SP_noisy": null}