Messages,Free entropy density,density,entropy density,stability,physical
"[[0.204446990351828, 0.204446990351828], [0.2481238835451846, 0.3429821357511594]]",0.5526638287396999,0.6453441781865669,0.5526638287396999,False,True
"[[0.4999999999999999, 0.4999999999999999], [2.6556899640838672e-20, 0.0]]",0.0,0,0.0,False,True
