{"Messages": [[0.204446990351828, 0.204446990351828], [0.2481238835451846, 0.3429821357511594]], "Free entropy density": 0.5526638287396999, "density": 0.6453441781865669, "entropy density": 0.5526638287396999, "stability": false, "physical": true}