{"Messages": [[0.33089596269485727, 0.34299889569138964], [0.18189492609288424, 0.14421021552086874]], "Free entropy density": 0.0926232139051697, "density": 0.3261336825226029, "entropy density": 0.0926232139051697, "stability": true, "physical": true, "stability AT": true, "linear stability": false, "non linear stability": true, "eta": [0.0, 2.129585197944485e-12, 1.5899091815307532e-10, 7.328677411947558e-10, 3.6271690519021677e-12, 6.904106411220465e-12, 0.0, 3.2655142933038247e-12, 3.2668415188960084e-11, 0.0, 1.8909776334432602e-12, 7.116477055964476e-14, 8.169153609494278e-09, 4.402774489888193e-11, 2.5421704339582486e-08, 0.9999999654226986], "phi_SP": 0.0, "stability SP": true, "phi_SP_noisy": null}