Messages,Free entropy density,density,entropy density,stability,physical
"[[0.1616576098505102, 0.22614806480655222], [0.32245593524937266, 0.2897383900935649]]",0.4210452003661622,0.6129523883094745,0.4210452003661622,False,True
