{"Messages": [[0.1616576098505102, 0.22614806480655222], [0.32245593524937266, 0.2897383900935649]], "Free entropy density": 0.4210452003661622, "density": 0.6129523883094745, "entropy density": 0.4210452003661622, "stability": false, "physical": true}