{"Messages": [[0.26387618267323687, 0.26387618267323687], [0.21392945779658407, 0.2583181768569422]], "Free entropy density": 0.5058775253725281, "density": 0.4941780647432372, "entropy density": 0.5058775253725281, "stability": false, "physical": true}