{"replicated free entropy": 0.39408183097839355, "cluster free entropy": 0.39407920837402344, "complexity": 2.6226043701171875e-06, "density": 0.33081966638565063, "entropy": 0.39407920837402344, "replicated free entropy mean": 0.39408183097839355, "replicated free entropy std": 0.0, "cluster free entropy mean": 0.39407920837402344, "cluster free entropy std": 0.0, "complexity mean": 2.6226043701171875e-06, "complexity std": 0.0, "density mean": 0.33081966638565063, "density std": 0.0, "entropy mean": 0.39407920837402344, "entropy std": 0.0}