{"Messages": [[0.09815448757209991, 0.19810190327240337], [0.28918116680766565, 0.41456244234783113]], "Free entropy density": -0.18373711496509593, "density": 0.7739675864382665, "entropy density": -0.18373711496509593, "stability": true, "physical": true, "stability AT": true, "linear stability": false, "non linear stability": true, "eta": [0.0, 0.4596823364244498, 0.3206548724043612, 0.0, 0.11082543299245307, 0.0, 0.0, 0.0, 2.2615642429163428e-09, 0.0, 0.0, 0.0, 0.10883735591717174, 0.0, 0.0, 0.0], "phi_SP": -0.1837371149650946, "stability SP": true, "phi_SP_noisy": null}