{"replicated free entropy": 0.4421522617340088, "cluster free entropy": 0.4421520233154297, "complexity": 2.384185791015625e-07, "density": 0.39269742369651794, "entropy": 0.4421520233154297, "replicated free entropy mean": 0.4421522617340088, "replicated free entropy std": 0.0, "cluster free entropy mean": 0.4421520233154297, "cluster free entropy std": 0.0, "complexity mean": 2.384185791015625e-07, "complexity std": 0.0, "density mean": 0.39269742369651794, "density std": 0.0, "entropy mean": 0.4421520233154297, "entropy std": 0.0, "stability": true, "stability non zero": true, "fraction hard fields": 0.0, "fraction i frozen": 0.0, "fraction j frozen": 0.0, "fraction config forbidden": 0.0}