{"replicated free entropy": 0.3526315689086914, "cluster free entropy": 0.3526337146759033, "complexity": -2.1457672119140625e-06, "density": 0.2906446158885956, "entropy": 0.3526337146759033, "replicated free entropy mean": 0.3526315689086914, "replicated free entropy std": 0.0, "cluster free entropy mean": 0.3526337146759033, "cluster free entropy std": 0.0, "complexity mean": -2.1457672119140625e-06, "complexity std": 0.0, "density mean": 0.2906446158885956, "density std": 0.0, "entropy mean": 0.3526337146759033, "entropy std": 0.0}