{"replicated free entropy": -0.6932698488235474, "cluster free entropy": 0.0, "complexity": -0.6932698488235474, "density": 0.49929648637771606, "entropy": 0.0, "replicated free entropy mean": -0.69312911208083, "replicated free entropy std": 0.0002602796079169884, "cluster free entropy mean": 0.0, "cluster free entropy std": 0.0, "complexity mean": -0.69312911208083, "complexity std": 0.0002602796079169884, "density mean": 0.5001024821909462, "density std": 0.0006467331426551866, "entropy mean": 0.0, "entropy std": 0.0, "stability": true, "stability non zero": true, "fraction hard fields": 1.0, "fraction i frozen": 1.0, "fraction j frozen": 1.0, "fraction config forbidden": 1.0}