{"Messages": [[0.0, 0.0], [0.0, 1.0]], "Free entropy density": 0.0, "density": 1.0, "entropy density": 0.0, "stability": true, "physical": true, "stability AT": true, "linear stability": true, "non linear stability": true, "eta": [0.0, 1.730146165429523e-09, 5.928554968950619e-10, 0.0, 1.037685624889222e-09, 0.0, 0.0, 0.0, 2.7408876860052814e-08, 0.0, 0.0, 0.0, 0.9999999692304359, 0.0, 0.0, 0.0], "phi_SP": -1.149133865337447e-17, "stability SP": true, "phi_SP_noisy": null}