{"replicated free entropy": -0.2756791114807129, "cluster free entropy": 0.0, "complexity": -0.2756791114807129, "density": 0.2095140814781189, "entropy": 0.0, "replicated free entropy mean": -0.2759795654110792, "replicated free entropy std": 0.00027263008956451623, "cluster free entropy mean": 0.0, "cluster free entropy std": 0.0, "complexity mean": -0.2759795654110792, "complexity std": 0.00027263008956451623, "density mean": 0.20957970292103, "density std": 0.0006191451553884011, "entropy mean": 0.0, "entropy std": 0.0, "stability": true, "stability non zero": true, "fraction hard fields": 1.0, "fraction i frozen": 1.0, "fraction j frozen": 1.0, "fraction config forbidden": 1.0}