{"Messages": [[0.29975536413714426, 0.2925977013409763], [0.1788725793949087, 0.22877435512697078]], "Free entropy density": 0.03960699540655632, "density": 0.42401644467976657, "entropy density": 0.03960699540655632, "stability": true, "physical": true, "stability AT": true, "linear stability": false, "non linear stability": true, "eta": [0.0, 0.281648501248673, 0.22021345239732715, 0.0, 0.12910347860272428, 0.0, 0.0, 0.0, 0.1379153953191473, 0.0, 0.0, 0.0, 0.23111917243212837, 0.0, 0.0, 0.0], "phi_SP": 0.03960699540656121, "stability SP": true, "phi_SP_noisy": null}