{"replicated free entropy": 0.42654168605804443, "cluster free entropy": 0.42654168605804443, "complexity": 0.0, "density": 0.4946416914463043, "entropy": 0.42654168605804443, "replicated free entropy mean": 0.42654168605804443, "replicated free entropy std": 0.0, "cluster free entropy mean": 0.42654168605804443, "cluster free entropy std": 0.0, "complexity mean": 0.0, "complexity std": 0.0, "density mean": 0.4946416914463043, "density std": 0.0, "entropy mean": 0.42654168605804443, "entropy std": 0.0, "stability": true, "stability non zero": true, "fraction hard fields": 0.0, "fraction i frozen": 0.0, "fraction j frozen": 0.0, "fraction config forbidden": 0.0}