{"replicated free entropy": 0.306394100189209, "cluster free entropy": 0.3063957691192627, "complexity": -1.6689300537109375e-06, "density": 0.220069020986557, "entropy": 0.3063957691192627, "replicated free entropy mean": 0.306394100189209, "replicated free entropy std": 0.0, "cluster free entropy mean": 0.3063957691192627, "cluster free entropy std": 0.0, "complexity mean": -1.6689300537109375e-06, "complexity std": 0.0, "density mean": 0.220069020986557, "density std": 0.0, "entropy mean": 0.3063957691192627, "entropy std": 0.0}