{"Messages": [[0.45471517370194037, 0.2458501055822538], [0.13632379733550198, 0.16311092338030386]], "Free entropy density": 0.2680059625059683, "density": 0.20013346405543006, "entropy density": 0.2680059625059683, "stability": false, "physical": true}