Messages,Free entropy density,density,entropy density,stability,physical
"[[0.12988612071309658, 0.27676229719137924], [0.34458422240303993, 0.24876735969248426]]",0.1560656145035928,0.5835180404421637,0.1560656145035928,True,True
