{"Messages": [[0.12988612071309658, 0.27676229719137924], [0.34458422240303993, 0.24876735969248426]], "Free entropy density": 0.1560656145035928, "density": 0.5835180404421637, "entropy density": 0.1560656145035928, "stability": true, "physical": true, "stability AT": true, "linear stability": false, "non linear stability": false, "eta": [0.0, 4.125478635116692e-12, 1.1710868984004319e-11, 1.3529281646900926e-09, 1.301638118953817e-11, 1.3628721163078743e-12, 5.796436468978356e-12, 2.9648519040114543e-08, 3.1966705155236074e-17, 0.0, 0.0, 0.0, 8.342447024231499e-10, 3.9547484973925227e-13, 1.0421755404284593e-10, 0.9999999680236829], "phi_SP": 1.1102230246251556e-16, "stability SP": true, "phi_SP_noisy": null}