{"Messages": [[0.3058431653059811, 0.22951885473615824], [0.21849239924218644, 0.24614558071567433]], "Free entropy density": 0.541457555365557, "density": 0.43524116683389363, "entropy density": 0.541457555365557, "stability": false, "physical": true}