{"Messages": [[0.0, 0.244140243955222], [0.3452664441225507, 0.41059331192222737]], "Free entropy density": -0.17328679513998657, "density": 0.7500000000000007, "entropy density": -0.17328679513998657, "stability": true, "physical": true, "stability AT": true, "linear stability": false, "non linear stability": true, "eta": [0.0, 0.41059329840506165, 0.3452664326939444, 0.0, 0.24414023599090276, 0.0, 0.0, 0.0, 3.291009114642426e-08, 0.0, 0.0, 0.0, 0.0, 0.0, 0.0, 0.0], "phi_SP": -0.17328679513999123, "stability SP": true, "phi_SP_noisy": null}