{"replicated free entropy": 0.2739560604095459, "cluster free entropy": 0.2739546298980713, "complexity": 1.430511474609375e-06, "density": 0.31385189294815063, "entropy": 0.2739546298980713, "replicated free entropy mean": 0.2739560604095459, "replicated free entropy std": 0.0, "cluster free entropy mean": 0.2739546298980713, "cluster free entropy std": 0.0, "complexity mean": 1.430511474609375e-06, "complexity std": 0.0, "density mean": 0.31385189294815063, "density std": 0.0, "entropy mean": 0.2739546298980713, "entropy std": 0.0, "stability": true, "stability non zero": true, "fraction hard fields": 0.0, "fraction i frozen": 0.0, "fraction j frozen": 0.0, "fraction config forbidden": 0.0}