{"replicated free entropy": 0.40235209465026855, "cluster free entropy": 0.40234947204589844, "complexity": 2.6226043701171875e-06, "density": 0.6158328652381897, "entropy": 0.40234947204589844, "replicated free entropy mean": 0.40235209465026855, "replicated free entropy std": 0.0, "cluster free entropy mean": 0.40234947204589844, "cluster free entropy std": 0.0, "complexity mean": 2.6226043701171875e-06, "complexity std": 0.0, "density mean": 0.6158328652381897, "density std": 0.0, "entropy mean": 0.40234947204589844, "entropy std": 0.0}