Messages,Free entropy density,density,entropy density,stability,physical
"[[0.17541786139450177, 0.22852336980486432], [0.2751582481065028, 0.3209005206941309]]",0.3725753246039947,0.6391200064734593,0.3725753246039947,False,True
"[[0.9999999999999998, 3.589867777317633e-17], [2.473304014731074e-19, 0.0]]",-1.9721522630525295e-31,0,-1.9721522630525295e-31,False,True
