{"Messages": [[0.17541786139450177, 0.22852336980486432], [0.2751582481065028, 0.3209005206941309]], "Free entropy density": 0.3725753246039947, "density": 0.6391200064734593, "entropy density": 0.3725753246039947, "stability": false, "physical": true}