{"replicated free entropy": -0.09213805198669434, "cluster free entropy": -0.0007935166358947754, "complexity": -0.09134453535079956, "density": 0.7343591451644897, "entropy": -0.0007935166358947754, "replicated free entropy mean": -0.09198192270790659, "replicated free entropy std": 0.000236906669108374, "cluster free entropy mean": -0.0001431529114886028, "cluster free entropy std": 0.0006833232596264648, "complexity mean": -0.09183876979641797, "complexity std": 0.0007664541999975368, "density mean": 0.7339840109755353, "density std": 0.000779420634923821, "entropy mean": -0.0001431529114886028, "entropy std": 0.0006833232596264648, "stability": true, "stability non zero": true, "fraction hard fields": 0.6952068209648132, "fraction i frozen": 1.0, "fraction j frozen": 0.6952068209648132, "fraction config forbidden": 1.0}