Messages,Free entropy density,density,entropy density,stability,physical
"[[0.18924467298552727, 0.2815746829272428], [0.2645823765414489, 0.264598267545781]]",0.18914415041025112,0.5671022698675791,0.18914415041025112,True,True
