{"Messages": [[0.18924467298552727, 0.2815746829272428], [0.2645823765414489, 0.264598267545781]], "Free entropy density": 0.18914415041025112, "density": 0.5671022698675791, "entropy density": 0.18914415041025112, "stability": true, "physical": true, "stability AT": true, "linear stability": true, "non linear stability": true, "eta": [0.0, 0.32636018937599187, 0.32634058901510876, 0.0, 0.11388149039104072, 0.0, 0.0, 0.0, 2.1062458333711527e-08, 0.0, 0.0, 0.0, 0.23341771015540025, 0.0, 0.0, 0.0], "phi_SP": 0.18914415041025046, "stability SP": true, "phi_SP_noisy": null}