{"replicated free entropy": 0.6454224586486816, "cluster free entropy": 0.6454215049743652, "complexity": 9.5367431640625e-07, "density": 0.4145529270172119, "entropy": 0.6454215049743652, "replicated free entropy mean": 0.6454225167995546, "replicated free entropy std": 1.0238517704044324e-07, "cluster free entropy mean": 0.6454215631252382, "cluster free entropy std": 1.0238517704044324e-07, "complexity mean": 9.5367431640625e-07, "complexity std": 0.0, "density mean": 0.4145529197483528, "density std": 1.2798147130055404e-08, "entropy mean": 0.6454215631252382, "entropy std": 1.0238517704044324e-07}