Messages,Free entropy density,density,entropy density,stability,physical
"[[0.0, 0.20475566057276237], [0.418255601710858, 0.3769887377163797]]",0.13122231016196517,0.7267391426487793,0.13122231016196517,False,True
"[[0.0, 0.5], [0.5, 0.0]]",-0.6931471805599452,0.5,-0.6931471805599452,False,True
"[[0.33215536250432764, 0.2638589650591614], [0.17974730899169938, 0.22423836344481166]]",0.4136976147423512,0.38248071520882726,0.4136976147423512,False,True
"[[0.45585497185338025, 0.40265087545901024], [0.14149415268760954, 0.0]]",0.36042344834363105,0.17707188273810134,0.36042344834363105,False,True
