{"Messages": [[0.33215536250432764, 0.2638589650591614], [0.17974730899169938, 0.22423836344481166]], "Free entropy density": 0.4136976147423512, "density": 0.38248071520882726, "entropy density": 0.4136976147423512, "stability": false, "physical": true}