{"replicated free entropy": 0.38996613025665283, "cluster free entropy": 0.38996434211730957, "complexity": 1.7881393432617188e-06, "density": 0.2277030050754547, "entropy": 0.38996434211730957, "replicated free entropy mean": 0.38996613025665283, "replicated free entropy std": 0.0, "cluster free entropy mean": 0.38996434211730957, "cluster free entropy std": 0.0, "complexity mean": 1.7881393432617188e-06, "complexity std": 0.0, "density mean": 0.2277030050754547, "density std": 0.0, "entropy mean": 0.38996434211730957, "entropy std": 0.0, "stability": true, "stability non zero": true, "fraction hard fields": 0.0, "fraction i frozen": 0.0, "fraction j frozen": 0.0, "fraction config forbidden": 0.0}