{"Messages": [[0.26456767122316693, 0.2645837040312417], [0.28159440837364114, 0.18925421637195017]], "Free entropy density": 0.18914521534799045, "density": 0.4329362190467061, "entropy density": 0.18914521534799045, "stability": false, "physical": true}