{"Messages": [[0.0, 0.21765387861625587], [0.4413585026091953, 0.34098761877454886]], "Free entropy density": 0.24751557275582803, "density": 0.688509738123214, "entropy density": 0.24751557275582803, "stability": false, "physical": true}