{"replicated free entropy": -0.10319900512695312, "cluster free entropy": 0.0004927515983581543, "complexity": -0.10369175672531128, "density": 0.32419201731681824, "entropy": 0.0004927515983581543, "replicated free entropy mean": -0.10382556333774473, "replicated free entropy std": 0.0002470134040685086, "cluster free entropy mean": 5.9345873390756e-05, "cluster free entropy std": 0.0005325055659913753, "complexity mean": -0.1038849092111355, "complexity std": 0.0005794867964512194, "density mean": 0.3229005133233419, "density std": 0.0008265110958283092, "entropy mean": 5.9345873390756e-05, "entropy std": 0.0005325055659913753, "stability": true, "stability non zero": true, "fraction hard fields": 0.7460325360298157, "fraction i frozen": 1.0, "fraction j frozen": 0.7460325360298157, "fraction config forbidden": 1.0}