{"Free entropy density": 0.06383668768095377, "density": 0.7050593123363535, "entropy density": 0.06383668768095377, "stability": false, "stability non zero": true, "fraction hard fields": 0.08456000000000001, "fraction i frozen": 0.17016750000000003, "fraction config forbidden": 1.0, "fraction found": 1.0}