{"replicated free entropy": 0.25717055797576904, "cluster free entropy": 0.25716912746429443, "complexity": 1.430511474609375e-06, "density": 0.11684156209230423, "entropy": 0.25716912746429443, "replicated free entropy mean": 0.25717055797576904, "replicated free entropy std": 0.0, "cluster free entropy mean": 0.25716912746429443, "cluster free entropy std": 0.0, "complexity mean": 1.430511474609375e-06, "complexity std": 0.0, "density mean": 0.11684156209230423, "density std": 0.0, "entropy mean": 0.25716912746429443, "entropy std": 0.0}