Messages,Free entropy density,density,entropy density,stability,physical
"[[0.22527455806134833, 0.21711087399240125], [0.29610060914067104, 0.26151395880557937]]",0.21074820284273188,0.5356078019230026,0.21074820284273188,True,True
"[[0.9999999999999998, 1.7196416596876688e-23], [1.4213358583583807e-25, 2.776151193057219e-25]]",0.0,2.502623087602102e-70,0.0,True,True
