{"Messages": [[0.22527455806134833, 0.21711087399240125], [0.29610060914067104, 0.26151395880557937]], "Free entropy density": 0.21074820284273188, "density": 0.5356078019230026, "entropy density": 0.21074820284273188, "stability": true, "physical": true, "stability AT": true, "linear stability": true, "non linear stability": true, "eta": [0.0, 9.875183047763578e-11, 6.721097135802064e-11, 1.1085454696581445e-08, 1.5084738271252327e-10, 1.7733629957928432e-11, 5.783161878246751e-11, 7.771838214694244e-10, 1.4405221713310602e-10, 3.0529194342080304e-10, 2.2033893475071e-10, 3.425953848101633e-10, 1.726990611771866e-08, 5.282477321366073e-11, 1.28992819430621e-10, 0.9999999692809838], "phi_SP": -4.930380657631324e-32, "stability SP": true, "phi_SP_noisy": null}