{"replicated free entropy": -0.03224658966064453, "cluster free entropy": 0.00037360191345214844, "complexity": -0.03262019157409668, "density": 0.54961097240448, "entropy": 0.00037360191345214844, "replicated free entropy mean": -0.032183245914738354, "replicated free entropy std": 0.0002609210079146758, "cluster free entropy mean": 0.00018067912357609448, "cluster free entropy std": 0.0007195874207278526, "complexity mean": -0.03236392503831445, "complexity std": 0.0007521048265356651, "density mean": 0.548927499026787, "density std": 0.0008283780181412979, "entropy mean": 0.00018067912357609448, "entropy std": 0.0007195874207278526, "stability": true, "stability non zero": true, "fraction hard fields": 0.6952301263809204, "fraction i frozen": 1.0, "fraction j frozen": 0.6952301263809204, "fraction config forbidden": 1.0}