{"Free entropy density": -1.4551915228366853e-16, "density": 0.42745000000000005, "entropy density": -1.4551915228366853e-16, "stability": false, "stability non zero": true, "fraction hard fields": 0.641175, "fraction i frozen": 0.9637575, "fraction config forbidden": 1.0, "fraction found": 0.5}