{"replicated free entropy": 0.13030743598937988, "cluster free entropy": 0.0073105692863464355, "complexity": 0.12299686670303345, "density": 0.5764585733413696, "entropy": 0.0073105692863464355, "replicated free entropy mean": 0.1302600226751188, "replicated free entropy std": 0.00020357477058214384, "cluster free entropy mean": 0.007119735566581168, "cluster free entropy std": 0.0001742658304096213, "complexity mean": 0.12314028710853762, "complexity std": 0.00023584486072301985, "density mean": 0.5766554649283246, "density std": 0.0004410052516929651, "entropy mean": 0.007119735566581168, "entropy std": 0.0001742658304096213, "stability": true, "stability non zero": true, "fraction hard fields": 0.6120525002479553, "fraction i frozen": 0.8911786079406738, "fraction j frozen": 0.6465123891830444, "fraction config forbidden": 1.0}