{"replicated free entropy": 0.2842601537704468, "cluster free entropy": 0.14597952365875244, "complexity": 0.13828063011169434, "density": 0.4587933123111725, "entropy": 0.14597952365875244, "replicated free entropy mean": 0.2844595153157304, "replicated free entropy std": 0.00011134240646480419, "cluster free entropy mean": 0.14604075943551412, "cluster free entropy std": 0.0004074270981899135, "complexity mean": 0.13841875588021627, "complexity std": 0.0004000286239146047, "density mean": 0.4590883923739922, "density std": 0.00034559942205202086, "entropy mean": 0.14604075943551412, "entropy std": 0.0004074270981899135, "stability": false, "stability non zero": true, "fraction hard fields": 0.2569226920604706, "fraction i frozen": 0.41501280665397644, "fraction j frozen": 0.2569226920604706, "fraction config forbidden": 1.0}