{"replicated free entropy": 0.11592698097229004, "cluster free entropy": 0.0006570816040039062, "complexity": 0.11526989936828613, "density": 0.2032071352005005, "entropy": 0.0006570816040039062, "replicated free entropy mean": 0.1157316754503948, "replicated free entropy std": 0.0003302936702649458, "cluster free entropy mean": -2.872943878173828e-05, "cluster free entropy std": 0.000723236837483108, "complexity mean": 0.11576040488917654, "complexity std": 0.0007254151975174809, "density mean": 0.20519023879272183, "density std": 0.0016230349068182732, "entropy mean": -2.872943878173828e-05, "entropy std": 0.000723236837483108}