{"replicated free entropy": 0.3061795234680176, "cluster free entropy": 0.3061800003051758, "complexity": -4.76837158203125e-07, "density": 0.6445685625076294, "entropy": 0.3061800003051758, "replicated free entropy mean": 0.3061795234680176, "replicated free entropy std": 0.0, "cluster free entropy mean": 0.3061800003051758, "cluster free entropy std": 0.0, "complexity mean": -4.76837158203125e-07, "complexity std": 0.0, "density mean": 0.6445685625076294, "density std": 0.0, "entropy mean": 0.3061800003051758, "entropy std": 0.0}