{"replicated free entropy": -0.05627608299255371, "cluster free entropy": 0.002244412899017334, "complexity": -0.058520495891571045, "density": 0.305060476064682, "entropy": 0.002244412899017334, "replicated free entropy mean": -0.05580118807350717, "replicated free entropy std": 0.0002943506252857759, "cluster free entropy mean": 0.002174771413570497, "cluster free entropy std": 0.0004933936526644451, "complexity mean": -0.05797595948707766, "complexity std": 0.000497152789843025, "density mean": 0.30446305943698415, "density std": 0.000693689720515797, "entropy mean": 0.002174771413570497, "entropy std": 0.0004933936526644451, "stability": true, "stability non zero": true, "fraction hard fields": 0.6750819087028503, "fraction i frozen": 1.0, "fraction j frozen": 0.6750819087028503, "fraction config forbidden": 1.0}