{"replicated free entropy": 0.314441442489624, "cluster free entropy": 0.31444358825683594, "complexity": -2.1457672119140625e-06, "density": 0.6076040863990784, "entropy": 0.31444358825683594, "replicated free entropy mean": 0.314441442489624, "replicated free entropy std": 0.0, "cluster free entropy mean": 0.31444358825683594, "cluster free entropy std": 0.0, "complexity mean": -2.1457672119140625e-06, "complexity std": 0.0, "density mean": 0.6076040863990784, "density std": 0.0, "entropy mean": 0.31444358825683594, "entropy std": 0.0}