{"Messages": [[0.0, 0.2385420353978756], [0.4258633965693773, 0.335594568032747]], "Free entropy density": 0.024957499961908436, "density": 0.6783169938809384, "entropy density": 0.024957499961908436, "stability": false, "physical": true}