{"replicated free entropy": 0.17469549179077148, "cluster free entropy": 0.17469382286071777, "complexity": 1.6689300537109375e-06, "density": 0.6140996217727661, "entropy": 0.17469382286071777, "replicated free entropy mean": 0.17469549760585878, "replicated free entropy std": 3.677784129082726e-08, "cluster free entropy mean": 0.17469385193615425, "cluster free entropy std": 1.5074429159415315e-07, "complexity mean": 1.6456697045302972e-06, "complexity std": 1.1542618705749049e-07, "density mean": 0.6140996188652225, "density std": 1.838892064541363e-08, "entropy mean": 0.17469385193615425, "entropy std": 1.5074429159415315e-07, "stability": true, "stability non zero": true, "fraction hard fields": 0.0, "fraction i frozen": 0.0, "fraction j frozen": 0.0, "fraction config forbidden": 0.0}