Messages,Free entropy density,density,entropy density,stability,physical
"[[0.22106265083402366, 0.2789373491654908], [0.27893734916603385, 0.22106265083445178]]",0.269141375174792,0.4999999999995512,0.269141375174792,True,True
