{"Messages": [[0.22106265083402366, 0.2789373491654908], [0.27893734916603385, 0.22106265083445178]], "Free entropy density": 0.269141375174792, "density": 0.4999999999995512, "entropy density": 0.269141375174792, "stability": true, "physical": true, "stability AT": true, "linear stability": false, "non linear stability": true, "eta": [0.0, 6.394243902873188e-11, 1.5421736217966748e-10, 1.5954094761429967e-08, 1.5421736217966748e-10, 3.5537288357836316e-11, 0.0, 1.181690648504227e-09, 6.394243902873188e-11, 0.0, 3.5537288357836316e-11, 1.564523670666508e-11, 1.5954094761429967e-08, 1.5645236706665075e-11, 1.1816906485042257e-09, 0.9999999651897447], "phi_SP": 2.2204460492503116e-16, "stability SP": true, "phi_SP_noisy": null}