Messages,Free entropy density,density,entropy density,stability,physical
"[[0.22132911922594495, 0.23979573651261615], [0.28865458440621433, 0.2502205598552247]]",0.48873625399786214,0.5272438827693104,0.48873625399786214,False,True
"[[0.9999999999999998, 1.702849983124713e-19], [1.1021037088590017e-21, 1.1418288993757413e-21]]",-1.9721522630525295e-31,8.636050000102898e-76,-1.9721522630525295e-31,False,True
