{"Messages": [[0.22132911922594495, 0.23979573651261615], [0.28865458440621433, 0.2502205598552247]], "Free entropy density": 0.48873625399786214, "density": 0.5272438827693104, "entropy density": 0.48873625399786214, "stability": false, "physical": true}