{"Messages": [[0.27933870717394343, 0.34368859202830554], [0.2542346544279661, 0.12273804636978475]], "Free entropy density": 0.21097378275157208, "density": 0.38246122383130593, "entropy density": 0.21097378275157208, "stability": false, "physical": true}