Messages,Free entropy density,density,entropy density,stability,physical
"[[0.24999999999885325, 0.24999999999885325], [0.24999999999885325, 0.25000000000344025]]",-inf,0,-inf,True,True
