{"Messages": [[0.3333333333340237, 0.1666666666671948], [0.16666666666613852, 0.3333333333326429]], "Free entropy density": 0.23500181462286784, "density": 0.4999999999984652, "entropy density": 0.23500181462286784, "stability": true, "physical": true, "stability AT": true, "linear stability": false, "non linear stability": true, "eta": [0.0, 1.7491428483919505e-11, 1.2313126936373369e-13, 7.332117128674939e-10, 1.2313126936373369e-13, 0.0, 0.0, 0.0, 1.7491428483919525e-11, 4.2061087356409645e-11, 0.0, 1.7203000941094423e-08, 7.332117128674947e-10, 1.720300094109444e-08, 0.0, 0.9999999640502845], "phi_SP": -1.1102230246251565e-16, "stability SP": true, "phi_SP_noisy": null}