{"replicated free entropy": 0.35780107975006104, "cluster free entropy": 0.3578009605407715, "complexity": 1.1920928955078125e-07, "density": 0.17345504462718964, "entropy": 0.3578009605407715, "replicated free entropy mean": 0.35780105648971183, "replicated free entropy std": 4.724199251219098e-08, "cluster free entropy mean": 0.35780091402007314, "cluster free entropy std": 9.448398502438198e-08, "complexity mean": 1.424696387314215e-07, "complexity std": 4.724199251219098e-08, "density mean": 0.1734550475347333, "density std": 5.905249064023873e-09, "entropy mean": 0.35780091402007314, "entropy std": 9.448398502438198e-08}