Messages,Free entropy density,density,entropy density,stability,physical
"[[0.27348718068952016, 0.30790362476343275], [0.20792554805007607, 0.21068364649697105]]",0.2983334958427273,0.43850206937347963,0.2983334958427273,True,True
