{"Messages": [[0.27348718068952016, 0.30790362476343275], [0.20792554805007607, 0.21068364649697105]], "Free entropy density": 0.2983334958427273, "density": 0.43850206937347963, "entropy density": 0.2983334958427273, "stability": true, "physical": true, "stability AT": true, "linear stability": true, "non linear stability": true, "eta": [0.0, 1.3184790301474713e-10, 1.4017152969426945e-10, 1.6103506721484186e-08, 2.4931634599894804e-11, 9.016177247799719e-11, 0.0, 6.21267930842864e-11, 4.656654362546232e-11, 0.0, 4.9723968517414476e-11, 9.231648871076121e-12, 1.5565600396029097e-08, 2.9600684506030643e-10, 3.255028474809233e-10, 0.9999999671546216], "phi_SP": -2.220446049250313e-16, "stability SP": true, "phi_SP_noisy": null}