{"Messages": [[0.21858022440583608, 0.23452398700897067], [0.1855661273279549, 0.36132966125723837]], "Free entropy density": -0.04294152758403014, "density": 0.6559708770495031, "entropy density": -0.04294152758403014, "stability": true, "physical": true, "stability AT": true, "linear stability": false, "non linear stability": true, "eta": [0.0, 0.4479912893327492, 0.23007248549576303, 0.0, 0.05093149328887486, 0.0, 0.0, 0.0, 0.03116377309704503, 0.0, 0.0, 0.0, 0.2398409587855679, 0.0, 0.0, 0.0], "phi_SP": -0.04294152758403058, "stability SP": true, "phi_SP_noisy": null}