{"replicated free entropy": 0.25266575813293457, "cluster free entropy": 0.25266599655151367, "complexity": -2.384185791015625e-07, "density": 0.6996855735778809, "entropy": 0.25266599655151367, "replicated free entropy mean": 0.25266588606485507, "replicated free entropy std": 4.7420601816584684e-07, "cluster free entropy mean": 0.2526661593739579, "cluster free entropy std": 5.82670586277815e-07, "complexity mean": -2.7330910287252284e-07, "complexity std": 1.5407238122302463e-07, "density mean": 0.6996854994355178, "density std": 2.6810958013868724e-07, "entropy mean": 0.2526661593739579, "entropy std": 5.82670586277815e-07, "stability": true, "stability non zero": true, "fraction hard fields": 0.0, "fraction i frozen": 0.0, "fraction j frozen": 0.0, "fraction config forbidden": 0.0}