{"replicated free entropy": 0.2755134105682373, "cluster free entropy": 0.2755143642425537, "complexity": -9.5367431640625e-07, "density": 0.6843989491462708, "entropy": 0.2755143642425537, "replicated free entropy mean": 0.2755134105682373, "replicated free entropy std": 0.0, "cluster free entropy mean": 0.2755143642425537, "cluster free entropy std": 0.0, "complexity mean": -9.5367431640625e-07, "complexity std": 0.0, "density mean": 0.6843989491462708, "density std": 0.0, "entropy mean": 0.2755143642425537, "entropy std": 0.0}