{"Messages": [[0.40494891379155806, 0.34183078078582346], [0.16262545741692452, 0.090594848005694]], "Free entropy density": 0.4420349406219022, "density": 0.2251381693363005, "entropy density": 0.4420349406219022, "stability": false, "physical": true}