{"replicated free entropy": 0.18118619918823242, "cluster free entropy": 0.0122528076171875, "complexity": 0.16893339157104492, "density": 0.3641757071018219, "entropy": 0.0122528076171875, "replicated free entropy mean": 0.18157901415010777, "replicated free entropy std": 0.00014666734602105237, "cluster free entropy mean": 0.012684304539750262, "cluster free entropy std": 0.0003418715155282674, "complexity mean": 0.16889470961035752, "complexity std": 0.0003252437825612343, "density mean": 0.36416749619856115, "density std": 0.00045889502858993914, "entropy mean": 0.012684304539750262, "entropy std": 0.0003418715155282674, "stability": false, "stability non zero": true, "fraction hard fields": 0.37587299942970276, "fraction i frozen": 0.7249099016189575, "fraction j frozen": 0.377594918012619, "fraction config forbidden": 1.0}