{"replicated free entropy": 0.29086732864379883, "cluster free entropy": 0.2908668518066406, "complexity": 4.76837158203125e-07, "density": 0.8299475312232971, "entropy": 0.2908668518066406, "replicated free entropy mean": 0.29086732864379883, "replicated free entropy std": 0.0, "cluster free entropy mean": 0.2908668518066406, "cluster free entropy std": 0.0, "complexity mean": 4.76837158203125e-07, "complexity std": 0.0, "density mean": 0.8299475312232971, "density std": 0.0, "entropy mean": 0.2908668518066406, "entropy std": 0.0}