{"replicated free entropy": 0.26179611682891846, "cluster free entropy": 0.26179754734039307, "complexity": -1.430511474609375e-06, "density": 0.8754974007606506, "entropy": 0.26179754734039307, "replicated free entropy mean": 0.26179611682891846, "replicated free entropy std": 0.0, "cluster free entropy mean": 0.26179754734039307, "cluster free entropy std": 0.0, "complexity mean": -1.430511474609375e-06, "complexity std": 0.0, "density mean": 0.8754974007606506, "density std": 0.0, "entropy mean": 0.26179754734039307, "entropy std": 0.0}