{"replicated free entropy": 0.43736839294433594, "cluster free entropy": 0.4373657703399658, "complexity": 2.6226043701171875e-06, "density": 0.5497111678123474, "entropy": 0.4373657703399658, "replicated free entropy mean": 0.43736839294433594, "replicated free entropy std": 0.0, "cluster free entropy mean": 0.4373657703399658, "cluster free entropy std": 0.0, "complexity mean": 2.6226043701171875e-06, "complexity std": 0.0, "density mean": 0.5497111678123474, "density std": 0.0, "entropy mean": 0.4373657703399658, "entropy std": 0.0}