{"replicated free entropy": 0.21492207050323486, "cluster free entropy": 0.08187949657440186, "complexity": 0.133042573928833, "density": 0.5671299695968628, "entropy": 0.08187949657440186, "replicated free entropy mean": 0.2148252289469649, "replicated free entropy std": 0.00012223790580937594, "cluster free entropy mean": 0.08161129893326177, "cluster free entropy std": 0.00032034447703366536, "complexity mean": 0.13321393001370313, "complexity std": 0.00029648903129091185, "density mean": 0.5669510582598244, "density std": 0.0003640259974451103, "entropy mean": 0.08161129893326177, "entropy std": 0.00032034447703366536, "stability": false, "stability non zero": true, "fraction hard fields": 0.2806166112422943, "fraction i frozen": 0.4338380992412567, "fraction j frozen": 0.2810131907463074, "fraction config forbidden": 1.0}