{"Messages": [[0.36102229606339886, 0.29413885390449646], [0.17312054666721455, 0.1717183033648902]], "Free entropy density": 0.4435816341746275, "density": 0.3072935582245489, "entropy density": 0.4435816341746275, "stability": false, "physical": true}