Messages,Free entropy density,density,entropy density,stability,physical
"[[0.277479066045029, 0.22252093395644634], [0.2225209339561825, 0.27747906604234224]]",0.582858013094999,0.4999999999959284,0.582858013094999,True,True
