{"Messages": [[0.277479066045029, 0.22252093395644634], [0.2225209339561825, 0.27747906604234224]], "Free entropy density": 0.582858013094999, "density": 0.4999999999959284, "entropy density": 0.582858013094999, "stability": true, "physical": true, "stability AT": true, "linear stability": true, "non linear stability": true, "eta": [0.0, 2.731831028159487e-10, 7.957171782556632e-11, 1.5676480622128496e-08, 7.957171782556632e-11, 0.0, 0.0, 0.0, 2.731831028159487e-10, 0.0, 0.0, 9.023092453718372e-10, 1.5676480622128496e-08, 9.023092453718372e-10, 0.0, 0.9999999661369106], "phi_SP": 1.1102230246251565e-16, "stability SP": true, "phi_SP_noisy": null}