{"Messages": [[0.2821410125457681, 0.282079828372452], [0.2564570829407091, 0.17932207614107087]], "Free entropy density": 0.07680267783480721, "density": 0.40748977379810486, "entropy density": 0.07680267783480721, "stability": false, "physical": true}