{"Messages": [[0.33004470722968043, 0.32160896301724573], [0.13781621395623947, 0.2105301157968344]], "Free entropy density": 0.249012443113938, "density": 0.3664592109249984, "entropy density": 0.249012443113938, "stability": false, "physical": true}