Messages,Free entropy density,density,entropy density,stability,physical
"[[0.38733787454836466, 0.2534614037992458], [0.15890038870549414, 0.20030033294689523]]",0.24262561961770013,0.29698935036474616,0.24262561961770013,False,True
"[[0.5266853865713936, 0.3652116077351624], [0.10810300569344307, 5.269525904612294e-16]]",0.23465390813858478,0.1107886552366536,0.23465390813858478,False,True
