{"Messages": [[0.38733787454836466, 0.2534614037992458], [0.15890038870549414, 0.20030033294689523]], "Free entropy density": 0.24262561961770013, "density": 0.29698935036474616, "entropy density": 0.24262561961770013, "stability": false, "physical": true}