{"replicated free entropy": 0.2137002944946289, "cluster free entropy": 0.21370196342468262, "complexity": -1.6689300537109375e-06, "density": 0.6146328449249268, "entropy": 0.21370196342468262, "replicated free entropy mean": 0.2137002944946289, "replicated free entropy std": 0.0, "cluster free entropy mean": 0.21370196342468262, "cluster free entropy std": 0.0, "complexity mean": -1.6689300537109375e-06, "complexity std": 0.0, "density mean": 0.6146328449249268, "density std": 0.0, "entropy mean": 0.21370196342468262, "entropy std": 0.0}