{"Messages": [[0.2760221825143241, 0.42439076198212466], [0.299587055503551, 1.847285999507199e-36]], "Free entropy density": 0.044765319669145764, "density": 0.38472820920895856, "entropy density": 0.044765319669145764, "stability": true, "physical": true, "stability AT": false, "linear stability": false, "non linear stability": false, "eta": [0.0, 8.16645615511457e-49, 0.267915453658641, 0.0, 0.23208477787721207, 0.0, 0.0, 0.0, 1.5435632472202782e-07, 0.0, 0.15111326351148563, 0.0, 0.3488863505963366, 0.0, 0.0, 0.0], "phi_SP": 0.013580217574780784, "stability SP": true, "phi_SP_noisy": null}