Messages,Free entropy density,density,entropy density,stability,physical
"[[0.2823141940738879, 0.33287994183322056], [0.2263324002477384, 0.1584734638451531]]",-0.09321203617531548,0.3931744515347701,-0.09321203617531548,True,True
