{"Messages": [[0.2823141940738879, 0.33287994183322056], [0.2263324002477384, 0.1584734638451531]], "Free entropy density": -0.09321203617531548, "density": 0.3931744515347701, "entropy density": -0.09321203617531548, "stability": true, "physical": true, "stability AT": true, "linear stability": false, "non linear stability": true, "eta": [0.0, 0.1656570082155896, 0.23770776146991576, 0.0008009056821060644, 0.29771041583391145, 0.0005616872460430002, 0.0, 0.0, 0.24497368016414756, 0.0, 2.5674957709618063e-05, 0.0, 0.052562866430576984, 0.0, 0.0, 0.0], "phi_SP": -0.09321519655669519, "stability SP": true, "phi_SP_noisy": null}