{"Messages": [[0.15810221001658903, 0.21928400086705074], [0.30640493195893526, 0.31620885715742475]], "Free entropy density": 0.3061807475007221, "density": 0.6445686470339447, "entropy density": 0.3061807475007221, "stability": false, "physical": true}