{"replicated free entropy": 0.1265885829925537, "cluster free entropy": 0.001528024673461914, "complexity": 0.1250605583190918, "density": 0.4539869427680969, "entropy": 0.001528024673461914, "replicated free entropy mean": 0.1262106081334556, "replicated free entropy std": 0.0006590206752566919, "cluster free entropy mean": -0.00025177583461854515, "cluster free entropy std": 0.0010117540735232484, "complexity mean": 0.12646238396807416, "complexity std": 0.0010655477678130783, "density mean": 0.4536943304829481, "density std": 0.0016296513452261274, "entropy mean": -0.00025177583461854515, "entropy std": 0.0010117540735232484}