Messages,Free entropy density,density,entropy density,stability,physical
"[[0.3383068460138112, 0.3267458675396119], [0.1625248320982593, 0.1724224543483175]]",0.39408328549593197,0.3308196522202798,0.39408328549593197,False,True
