{"Messages": [[0.3383068460138112, 0.3267458675396119], [0.1625248320982593, 0.1724224543483175]], "Free entropy density": 0.39408328549593197, "density": 0.3308196522202798, "entropy density": 0.39408328549593197, "stability": false, "physical": true}