{"Messages": [[0.20994525143918502, 0.21331646973463403], [0.31472551727310516, 0.2620127615530759]], "Free entropy density": 0.32317867450667803, "density": 0.5497442950622686, "entropy density": 0.32317867450667803, "stability": false, "physical": true}