{"Messages": [[0.16543878891123562, 0.14440534397404337], [0.3130366694097909, 0.37711919770493013]], "Free entropy density": 0.34782410102432637, "density": 0.7208656255728269, "entropy density": 0.34782410102432637, "stability": false, "physical": true}