Messages,Free entropy density,density,entropy density,stability,physical
"[[0.25728478059301374, 0.2998600787685528], [0.23589025082441115, 0.20696488981402225]]",0.4680700070007182,0.45337091135234786,0.4680700070007182,True,True
