{"Messages": [[0.25728478059301374, 0.2998600787685528], [0.23589025082441115, 0.20696488981402225]], "Free entropy density": 0.4680700070007182, "density": 0.45337091135234786, "entropy density": 0.4680700070007182, "stability": true, "physical": true, "stability AT": true, "linear stability": false, "non linear stability": true, "eta": [0.0, 4.668724229216635e-11, 2.157827706438139e-10, 1.220590472328485e-08, 2.173416493720491e-11, 1.1675051465840783e-10, 0.0, 2.1007720353527413e-11, 6.835158514946957e-12, 0.0, 0.0, 0.0, 1.4672291145581917e-08, 1.2352380992683008e-10, 1.2515607293706631e-09, 0.9999999713179222], "phi_SP": 2.2204460492503116e-16, "stability SP": true, "phi_SP_noisy": null}