{"replicated free entropy": 0.5079615116119385, "cluster free entropy": 0.5079617500305176, "complexity": -2.384185791015625e-07, "density": 0.2836938202381134, "entropy": 0.5079617500305176, "replicated free entropy mean": 0.5079615116119385, "replicated free entropy std": 0.0, "cluster free entropy mean": 0.5079617500305176, "cluster free entropy std": 0.0, "complexity mean": -2.384185791015625e-07, "complexity std": 0.0, "density mean": 0.2836938202381134, "density std": 0.0, "entropy mean": 0.5079617500305176, "entropy std": 0.0}