Messages,Free entropy density,density,entropy density,stability,physical
"[[0.0, 0.1923453039051593], [0.3659832774236301, 0.44167141867121057]]",-0.2759907980847123,0.7904057276419306,-0.2759907980847123,False,True
"[[0.0, 0.4999999999999999], [0.4999999999999999, 3.1717613886103206e-17]]",-0.6931471805599452,0.5,-0.6931471805599452,False,True
"[[0.37698873771633973, 0.41825560171081366], [0.20475566057274058, 1.061601178249613e-13]]",0.13122231016196562,0.27326085735122085,0.13122231016196562,True,True
