{"Messages": [[0.37698873771633973, 0.41825560171081366], [0.20475566057274058, 1.061601178249613e-13]], "Free entropy density": 0.13122231016196562, "density": 0.27326085735122085, "entropy density": 0.13122231016196562, "stability": true, "physical": true, "stability AT": true, "linear stability": false, "non linear stability": false, "eta": [0.0, 8.773488978055558e-17, 7.812558693732076e-10, 0.0, 1.0882957376277034e-11, 0.0, 5.50152149828727e-11, 0.0, 1.468208682117815e-11, 0.0, 1.768055535637375e-12, 0.0, 2.9110470434516495e-08, 0.0, 0.9999999700259252, 0.0], "phi_SP": -9.860761315262648e-32, "stability SP": true, "phi_SP_noisy": null}