{"Messages": [[0.1519899172487621, 0.18670261103146063], [0.3409981910464853, 0.32030928067329184]], "Free entropy density": 0.11540251784122768, "density": 0.6570905922894548, "entropy density": 0.11540251784122768, "stability": false, "physical": true}