Messages,Free entropy density,density,entropy density,stability,physical
"[[0.12660619501717826, 0.1868864578176539], [0.33588504943533115, 0.35062229772983666]]",0.5154917766387617,0.7020848441030292,0.5154917766387617,False,True
