{"Messages": [[0.32251350975497994, 0.32251350975497994], [0.16550170513245513, 0.1894712753575846]], "Free entropy density": 0.3966500665341979, "density": 0.3619282486069866, "entropy density": 0.3966500665341979, "stability": true, "physical": true, "stability AT": true, "linear stability": true, "non linear stability": true, "eta": [0.0, 1.9505935161404224e-10, 4.4068402130908455e-10, 8.678625698733781e-09, 1.3349918974505773e-11, 0.0, 0.0, 0.0, 1.3349918974505773e-11, 0.0, 0.0, 0.0, 1.9790983518280723e-08, 1.8602654618804972e-09, 8.327076976548017e-10, 0.9999999681749745], "phi_SP": -1.1102230246251563e-16, "stability SP": true, "phi_SP_noisy": null}