{"Messages": [[0.1586432743599645, 0.25485910793187216], [0.30348950783261686, 0.2830081098755463]], "Free entropy density": 0.37147386806551985, "density": 0.6056448525543627, "entropy density": 0.37147386806551985, "stability": true, "physical": true, "stability AT": true, "linear stability": false, "non linear stability": true, "eta": [0.0, 1.9165939132030357e-10, 2.0949013072404554e-10, 1.7914533145250946e-08, 2.1550886034530973e-10, 2.0602954753792552e-11, 8.04102572306673e-11, 1.1504499083449656e-09, 4.1266813368251405e-11, 2.075167030990867e-10, 2.7689731967184767e-12, 1.0952383567785302e-10, 1.0612433128041292e-08, 1.9710527931537173e-10, 6.592835038011465e-10, 0.999999968387447], "phi_SP": 5.551115123125783e-17, "stability SP": true, "phi_SP_noisy": null}