{"replicated free entropy": 0.29027676582336426, "cluster free entropy": 0.29027700424194336, "complexity": -2.384185791015625e-07, "density": 0.1678658127784729, "entropy": 0.29027700424194336, "replicated free entropy mean": 0.29027676582336426, "replicated free entropy std": 0.0, "cluster free entropy mean": 0.2902770798380782, "cluster free entropy std": 1.109447946102963e-07, "complexity mean": -3.140147139386433e-07, "complexity std": 1.109447946102963e-07, "density mean": 0.167865803692399, "density std": 7.979207794877141e-09, "entropy mean": 0.2902770798380782, "entropy std": 1.109447946102963e-07}