Messages,Free entropy density,density,entropy density,stability,physical
"[[0.0, 5.756538544103794e-177], [0.9999999999999998, 1.5615725595668407e-88]]",-inf,0,-inf,False,False
"[[0.9999999999974805, 2.4626253872746702e-14], [2.099767886795618e-12, 3.951286652535221e-13]]",-9.522270567163174e-24,1.2253324610118126e-38,-9.522270567163174e-24,True,True
