{"Messages": [[0.9999999999974805, 2.4626253872746702e-14], [2.099767886795618e-12, 3.951286652535221e-13]], "Free entropy density": -9.522270567163174e-24, "density": 1.2253324610118126e-38, "entropy density": -9.522270567163174e-24, "stability": true, "physical": true, "stability AT": true, "linear stability": true, "non linear stability": true, "eta": [0.0, 1.0656155566892735e-09, 2.067586039900742e-08, 5.5386254998015475e-09, 4.742843975160496e-10, 0.0, 0.0, 0.0, 0.9999999722456143, 0.0, 0.0, 0.0, 0.0, 0.0, 0.0, 0.0], "phi_SP": -1.5625814995019077e-16, "stability SP": true, "phi_SP_noisy": null}