{"replicated free entropy": 0.6046910285949707, "cluster free entropy": 0.6046936511993408, "complexity": -2.6226043701171875e-06, "density": 0.36505717039108276, "entropy": 0.6046936511993408, "replicated free entropy mean": 0.6046910285949707, "replicated free entropy std": 0.0, "cluster free entropy mean": 0.6046936511993408, "cluster free entropy std": 0.0, "complexity mean": -2.6226043701171875e-06, "complexity std": 0.0, "density mean": 0.36505717039108276, "density std": 0.0, "entropy mean": 0.6046936511993408, "entropy std": 0.0}