Messages,Free entropy density,density,entropy density,stability,physical
"[[0.0, 0.20475566057276237], [0.418255601710858, 0.3769887377163797]]",0.13122231016196517,0.7267391426487793,0.13122231016196517,False,True
"[[0.0, 0.5], [0.5, 0.0]]",-0.6931471805599452,0.5,-0.6931471805599452,False,True
"[[0.5455370479287667, 0.356052473009985], [0.0984104790612484, 0.0]]",0.22109359831963804,0.09529594224059909,0.22109359831963804,False,True
