{"Messages": [[0.5455370479287667, 0.356052473009985], [0.0984104790612484, 0.0]], "Free entropy density": 0.22109359831963804, "density": 0.09529594224059909, "entropy density": 0.22109359831963804, "stability": false, "physical": true}