Messages,Free entropy density,density,entropy density,stability,physical
"[[9.218079030253358e-21, 0.3440497208412626], [0.3952093483675475, 0.26074093079118976]]",-0.25020121176909393,0.5999999999999999,-0.25020121176909393,True,True
"[[0.9999999999999998, 0.0], [0.0, 1.0028323413587576e-19]]",0.0,0,0.0,True,True
