{"Messages": [[0.9999999999999998, 0.0], [0.0, 1.0028323413587576e-19]], "Free entropy density": 0.0, "density": 0, "entropy density": 0.0, "stability": true, "physical": true, "stability AT": true, "linear stability": true, "non linear stability": true, "eta": [0.0, 0.2607409226238363, 0.3952093359881546, 0.0, 0.3440497100643751, 0.0, 0.0, 0.0, 3.1323633959209744e-08, 0.0, 0.0, 0.0, 0.0, 0.0, 0.0, 0.0], "phi_SP": -0.2502012117690986, "stability SP": true, "phi_SP_noisy": null}