{"replicated free entropy": 0.28330886363983154, "cluster free entropy": 0.2833089828491211, "complexity": -1.1920928955078125e-07, "density": 0.13023248314857483, "entropy": 0.2833089828491211, "replicated free entropy mean": 0.28330883456439504, "replicated free entropy std": 5.119258852022162e-08, "cluster free entropy mean": 0.2833089537736846, "cluster free entropy std": 5.119258852022162e-08, "complexity mean": -1.1920928955078125e-07, "complexity std": 0.0, "density mean": 0.13023249041743395, "density std": 1.2798147130055404e-08, "entropy mean": 0.2833089537736846, "entropy std": 5.119258852022162e-08, "stability": false, "stability non zero": true, "fraction hard fields": 0.0, "fraction i frozen": 0.0, "fraction j frozen": 0.0, "fraction config forbidden": 1.0}