{"Messages": [[0.36942514780112745, 0.32002806389056765], [0.11702414913001528, 0.1935226391782895]], "Free entropy density": 0.21091259682979713, "density": 0.3010193030472416, "entropy density": 0.21091259682979713, "stability": false, "physical": true}