{"Messages": [[0.3043115765411278, 0.3043115765411278], [0.219037275624071, 0.17233957129367344]], "Free entropy density": 0.6112547517842755, "density": 0.3769556504155535, "entropy density": 0.6112547517842755, "stability": false, "physical": true}