Messages,Free entropy density,density,entropy density,stability,physical
"[[0.2499999999982675, 0.2499999999982675], [0.25000000000168093, 0.25000000000178424]]",0.6931471805599454,0.5000000000001549,0.6931471805599454,True,True
