{"Messages": [[0.2499999999982675, 0.2499999999982675], [0.25000000000168093, 0.25000000000178424]], "Free entropy density": 0.6931471805599454, "density": 0.5000000000001549, "entropy density": 0.6931471805599454, "stability": true, "physical": true, "stability AT": true, "linear stability": true, "non linear stability": true, "eta": [0.0, 1.554135113780592e-10, 1.554135113780592e-10, 1.4314300508211579e-08, 1.554135113780592e-10, 0.0, 0.0, 0.0, 1.554135113780592e-10, 0.0, 0.0, 0.0, 1.4314300508211579e-08, 0.0, 0.0, 0.999999970749745], "phi_SP": -1.1102230246251563e-16, "stability SP": true, "phi_SP_noisy": null}