{"Messages": [[0.0, 0.0], [0.0, 1.0]], "Free entropy density": 0.0, "density": 1.0, "entropy density": 0.0, "stability": true, "physical": true, "stability AT": true, "linear stability": true, "non linear stability": true, "eta": [0.0, 1.3823167082371538e-08, 5.521397077432476e-09, 0.0, 5.521397077432476e-09, 0.0, 0.0, 0.0, 9.263482013511166e-09, 0.0, 0.0, 0.0, 0.9999999658705565, 0.0, 0.0, 0.0], "phi_SP": -2.282513513426005e-16, "stability SP": true, "phi_SP_noisy": null}