Messages,Free entropy density,density,entropy density,stability,physical
"[[0.0, 0.276645112008943], [0.4380307381975507, 0.2853241497935063]]",-0.06365071702914316,0.6257225413439802,-0.06365071702914316,False,True
"[[0.21728591556208318, 0.2569630673945795], [0.3022097934335944, 0.2235412236097429]]",0.08169913414530461,0.5054604720708933,0.08169913414530461,True,True
