{"Messages": [[0.21728591556208318, 0.2569630673945795], [0.3022097934335944, 0.2235412236097429]], "Free entropy density": 0.08169913414530461, "density": 0.5054604720708933, "entropy density": 0.08169913414530461, "stability": true, "physical": true, "stability AT": true, "linear stability": false, "non linear stability": true, "eta": [0.0, 0.07386360119261032, 0.16769707718541368, 0.19276956737449502, 0.30649772672798536, 0.0, 0.0, 0.0, 0.25917202751949553, 0.0, 0.0, 0.0, 0.0, 0.0, 0.0, 0.0], "phi_SP": 0.08169913414530527, "stability SP": true, "phi_SP_noisy": null}