{"replicated free entropy": 0.05896639823913574, "cluster free entropy": 0.056125521659851074, "complexity": 0.002840876579284668, "density": 0.34580564498901367, "entropy": 0.056125521659851074, "replicated free entropy mean": 0.05940134932355183, "replicated free entropy std": 0.0002991763505510357, "cluster free entropy mean": 0.055593621440050076, "cluster free entropy std": 0.0004667216236377342, "complexity mean": 0.003807727883501751, "complexity std": 0.00040245427267020104, "density mean": 0.34726301053675207, "density std": 0.0008465414905590503, "entropy mean": 0.055593621440050076, "entropy std": 0.0004667216236377342}