{"replicated free entropy": -0.2438185214996338, "cluster free entropy": 0.0, "complexity": -0.2438185214996338, "density": 0.7235854268074036, "entropy": 0.0, "replicated free entropy mean": -0.24339901528707364, "replicated free entropy std": 0.00036327823423074393, "cluster free entropy mean": 0.0, "cluster free entropy std": 0.0, "complexity mean": -0.24339901528707364, "complexity std": 0.00036327823423074393, "density mean": 0.7247886585026253, "density std": 0.0010046440615817083, "entropy mean": 0.0, "entropy std": 0.0, "stability": true, "stability non zero": true, "fraction hard fields": 1.0, "fraction i frozen": 1.0, "fraction j frozen": 1.0, "fraction config forbidden": 1.0}