{"replicated free entropy": 0.02458047866821289, "cluster free entropy": 0.02284097671508789, "complexity": 0.001739501953125, "density": 0.3231106400489807, "entropy": 0.02284097671508789, "replicated free entropy mean": 0.0249783992767334, "replicated free entropy std": 0.0004008291093123107, "cluster free entropy mean": 0.02403536657007729, "cluster free entropy std": 0.0005158501287178697, "complexity mean": 0.0009430327066561071, "complexity std": 0.00042135981448788176, "density mean": 0.3216097340351198, "density std": 0.0008276540676223044, "entropy mean": 0.02403536657007729, "entropy std": 0.0005158501287178697}