{"replicated free entropy": -0.0937032699584961, "cluster free entropy": 0.00017270445823669434, "complexity": -0.09387597441673279, "density": 0.3922199308872223, "entropy": 0.00017270445823669434, "replicated free entropy mean": -0.09325548497641958, "replicated free entropy std": 0.00035487479747697273, "cluster free entropy mean": 2.0243045760364067e-05, "cluster free entropy std": 0.00018031028843415627, "complexity mean": -0.09327572802217995, "complexity std": 0.0003858938042808458, "density mean": 0.39298971687875145, "density std": 0.000801667790161735, "entropy mean": 2.0243045760364067e-05, "entropy std": 0.00018031028843415627, "stability": true, "stability non zero": true, "fraction hard fields": 0.898015022277832, "fraction i frozen": 0.9988960027694702, "fraction j frozen": 0.8991190195083618, "fraction config forbidden": 1.0}