Messages,Free entropy density,density,entropy density,stability,physical
"[[0.0, 1.700245947975253e-25], [0.9999999999993999, 6.000982175479668e-13]]",-57.32235836967568,1.0,-57.32235836967568,False,False
"[[0.380279781901312, 0.29701544217803294], [0.1811884942381376, 0.14151628168251754]]",0.5020213061900938,0.27120994495540524,0.5020213061900938,False,True
