{"Messages": [[0.380279781901312, 0.29701544217803294], [0.1811884942381376, 0.14151628168251754]], "Free entropy density": 0.5020213061900938, "density": 0.27120994495540524, "entropy density": 0.5020213061900938, "stability": false, "physical": true}