Messages,Free entropy density,density,entropy density,stability,physical
"[[0.10602802841658127, 0.16410457315257793], [0.2690951487237127, 0.4607722497071281]]",0.3455678799479278,0.8223578940328361,0.3455678799479278,True,True
"[[0.9999999999999998, 1.92920491542033e-17], [2.123111727302889e-19, 7.544870195681174e-19]]",0.0,3.337552753331259e-53,0.0,True,True
