{"Messages": [[0.10602802841658127, 0.16410457315257793], [0.2690951487237127, 0.4607722497071281]], "Free entropy density": 0.3455678799479278, "density": 0.8223578940328361, "entropy density": 0.3455678799479278, "stability": true, "physical": true, "stability AT": true, "linear stability": true, "non linear stability": true, "eta": [0.0, 9.31904680123925e-10, 7.33919557116828e-13, 2.511328599105092e-08, 1.893620537750741e-11, 5.172998918564671e-11, 0.0, 1.3218320003190073e-10, 5.408716351366405e-12, 4.467760708178531e-12, 0.0, 7.852603559798957e-12, 2.8208545482109363e-10, 6.439761887221533e-09, 0.0, 0.9999999670116496], "phi_SP": 2.2204460492503128e-16, "stability SP": true, "phi_SP_noisy": null}