{"replicated free entropy": 0.5975359678268433, "cluster free entropy": 0.5975358486175537, "complexity": 1.1920928955078125e-07, "density": 0.36583271622657776, "entropy": 0.5975358486175537, "replicated free entropy mean": 0.5975359678268433, "replicated free entropy std": 0.0, "cluster free entropy mean": 0.5975358486175537, "cluster free entropy std": 0.0, "complexity mean": 1.1920928955078125e-07, "complexity std": 0.0, "density mean": 0.36583271622657776, "density std": 0.0, "entropy mean": 0.5975358486175537, "entropy std": 0.0, "stability": true, "stability non zero": true, "fraction hard fields": 0.0, "fraction i frozen": 0.0, "fraction j frozen": 0.0, "fraction config forbidden": 0.0}