Messages,Free entropy density,density,entropy density,stability,physical
"[[0.4544038244411037, 0.31124664565318144], [0.10827872637894415, 0.12607080352677075]]",0.20828891724180298,0.1711482146113547,0.20828891724180298,False,True
