{"replicated free entropy": 0.40279555320739746, "cluster free entropy": 0.3049895763397217, "complexity": 0.09780597686767578, "density": 0.2621575891971588, "entropy": 0.3049895763397217, "replicated free entropy mean": 0.40276833859885613, "replicated free entropy std": 0.00018791211093262071, "cluster free entropy mean": 0.3055318477677136, "cluster free entropy std": 0.0008749123956295206, "complexity mean": 0.09723649083114252, "complexity std": 0.0008957910261804462, "density mean": 0.26153118799372416, "density std": 0.0004966660865305992, "entropy mean": 0.3055318477677136, "entropy std": 0.0008749123956295206}