Messages,Free entropy density,density,entropy density,stability,physical
"[[1.3351342479261993e-12, 0.9999999999986648], [8.416217442477497e-25, 1.430756965221175e-23]]",-55.72297079309453,0,-55.72297079309453,True,False
