{"Messages": [[1.3351342479261993e-12, 0.9999999999986648], [8.416217442477497e-25, 1.430756965221175e-23]], "Free entropy density": -55.72297079309453, "density": 0, "entropy density": -55.72297079309453, "stability": true, "physical": false, "stability AT": false, "linear stability": true, "non linear stability": true, "eta": [0.0, 1.4196068833898696e-15, 1.4196068833898696e-15, 0.0, 0.999999945165925, 0.0, 0.0, 0.0, 5.483407219965881e-08, 0.0, 0.0, 0.0, 0.0, 0.0, 0.0, 0.0], "phi_SP": -34.47690031026484, "stability SP": true, "phi_SP_noisy": null}