{"Messages": [[0.2499999999999984, 0.24999999999999795], [0.25000000000000205, 0.2500000000000016]], "Free entropy density": -0.2876820724517808, "density": 0.4999999999999982, "entropy density": -0.2876820724517808, "stability": true, "physical": true, "stability AT": true, "linear stability": false, "non linear stability": true, "eta": [0.0, 0.25, 0.25, 0.0, 0.25, 0.0, 0.0, 0.0, 0.25, 0.0, 0.0, 0.0, 0.0, 0.0, 0.0, 0.0], "phi_SP": -0.2876820724517808, "stability SP": true, "phi_SP_noisy": null}