{"replicated free entropy": -0.43118762969970703, "cluster free entropy": 0.0, "complexity": -0.43118762969970703, "density": 0.5007827877998352, "entropy": 0.0, "replicated free entropy mean": -0.43156321455792684, "replicated free entropy std": 0.0004292991064007257, "cluster free entropy mean": 0.0, "cluster free entropy std": 0.0, "complexity mean": -0.43156321455792684, "complexity std": 0.0004292991064007257, "density mean": 0.500047355890274, "density std": 0.0008438403228421461, "entropy mean": 0.0, "entropy std": 0.0, "stability": true, "stability non zero": true, "fraction hard fields": 1.0, "fraction i frozen": 1.0, "fraction j frozen": 1.0, "fraction config forbidden": 1.0}