Messages,Free entropy density,density,entropy density,stability,physical
"[[0.0, 0.3458360667567528], [0.4489055698027169, 0.20525836344053022]]",-0.018922067580180224,0.5597388447397179,-0.018922067580180224,False,True
"[[0.28571428571428437, 0.28571428571428575], [0.2857142857142871, 0.14285714285714288]]",0.10381968238912198,0.3846153846153847,0.10381968238912198,True,True
