{"Messages": [[0.28571428571428437, 0.28571428571428575], [0.2857142857142871, 0.14285714285714288]], "Free entropy density": 0.10381968238912198, "density": 0.3846153846153847, "entropy density": 0.10381968238912198, "stability": true, "physical": true, "stability AT": true, "linear stability": true, "non linear stability": true, "eta": [0.0, 2.1062458333711527e-08, 0.16666668497661255, 0.16666664209252122, 0.3333333263130792, 0.0, 0.0, 0.0, 0.3333333255553286, 0.0, 0.0, 0.0, 0.0, 0.0, 0.0, 0.0], "phi_SP": 0.10381968238912198, "stability SP": true, "phi_SP_noisy": null}