{"Messages": [[0.17818750350467621, 0.28781040164106275], [0.26663886948830756, 0.2673632253659535]], "Free entropy density": 0.1302977213756784, "density": 0.5773854962367561, "entropy density": 0.1302977213756784, "stability": true, "physical": true, "stability AT": true, "linear stability": true, "non linear stability": true, "eta": [0.0, 0.28524560740756544, 0.3065245086672439, 0.0, 0.18207177276086312, 0.0, 0.0, 0.0, 7.41251588239897e-08, 0.04158445705281845, 0.019724863618666412, 0.0, 0.16484871636768378, 0.0, 0.0, 0.0], "phi_SP": 0.12521852125001875, "stability SP": true, "phi_SP_noisy": null}