{"replicated free entropy": 0.3550853729248047, "cluster free entropy": 0.3550846576690674, "complexity": 7.152557373046875e-07, "density": 0.6240270137786865, "entropy": 0.3550846576690674, "replicated free entropy mean": 0.3550853729248047, "replicated free entropy std": 0.0, "cluster free entropy mean": 0.3550846576690674, "cluster free entropy std": 0.0, "complexity mean": 7.152557373046875e-07, "complexity std": 0.0, "density mean": 0.6240270123249148, "density std": 9.194460322706813e-09, "entropy mean": 0.3550846576690674, "entropy std": 0.0, "stability": true, "stability non zero": true, "fraction hard fields": 0.0, "fraction i frozen": 0.0, "fraction j frozen": 0.0, "fraction config forbidden": 0.0}