{"Messages": [[0.4730382778645266, 0.32991661096265035], [0.09389022098167335, 0.10315489019114968]], "Free entropy density": 0.19107398907061146, "density": 0.14042769409361844, "entropy density": 0.19107398907061146, "stability": false, "physical": true}