Messages,Free entropy density,density,entropy density,stability,physical
"[[1.8347988927920673e-13, 0.35785701864080605], [0.4186679526698388, 0.22347502868917188]]",-0.5334086350534579,0.5714285714285714,-0.5334086350534579,True,True
