{"Messages": [[1.8347988927920673e-13, 0.35785701864080605], [0.4186679526698388, 0.22347502868917188]], "Free entropy density": -0.5334086350534579, "density": 0.5714285714285714, "entropy density": -0.5334086350534579, "stability": true, "physical": true, "stability AT": true, "linear stability": false, "non linear stability": false, "eta": [0.0, 0.22347502133462932, 0.4186679388915151, 0.0, 0.35785700686376454, 0.0, 0.0, 0.0, 3.291009114642426e-08, 0.0, 0.0, 0.0, 0.0, 0.0, 0.0, 0.0], "phi_SP": -0.5334086350534641, "stability SP": true, "phi_SP_noisy": null}