{"replicated free entropy": 0.40546512603759766, "cluster free entropy": 0.40546417236328125, "complexity": 9.5367431640625e-07, "density": 0.5, "entropy": 0.40546417236328125, "replicated free entropy mean": 0.40546512603759766, "replicated free entropy std": 0.0, "cluster free entropy mean": 0.40546417236328125, "cluster free entropy std": 0.0, "complexity mean": 9.5367431640625e-07, "complexity std": 0.0, "density mean": 0.5, "density std": 0.0, "entropy mean": 0.40546417236328125, "entropy std": 0.0, "stability": true, "stability non zero": true, "fraction hard fields": 0.0, "fraction i frozen": 0.0, "fraction j frozen": 0.0, "fraction config forbidden": 0.0}