{"replicated free entropy": 0.2837040424346924, "cluster free entropy": 0.2837047576904297, "complexity": -7.152557373046875e-07, "density": 0.273062139749527, "entropy": 0.2837047576904297, "replicated free entropy mean": 0.2837040424346924, "replicated free entropy std": 0.0, "cluster free entropy mean": 0.2837047576904297, "cluster free entropy std": 0.0, "complexity mean": -7.152557373046875e-07, "complexity std": 0.0, "density mean": 0.273062139749527, "density std": 0.0, "entropy mean": 0.2837047576904297, "entropy std": 0.0}