Messages,Free entropy density,density,entropy density,stability,physical
"[[0.14744697622597555, 0.18282797025532033], [0.2927803727291798, 0.37694468078952437]]",0.5055822438197306,0.7221362880427693,0.5055822438197306,False,True
"[[0.9999999999999998, 2.886734045942493e-17], [1.9786432117848592e-19, 0.0]]",-1.9721522630525295e-31,0,-1.9721522630525295e-31,False,True
