{"Messages": [[0.14744697622597555, 0.18282797025532033], [0.2927803727291798, 0.37694468078952437]], "Free entropy density": 0.5055822438197306, "density": 0.7221362880427693, "entropy density": 0.5055822438197306, "stability": false, "physical": true}