{"replicated free entropy": -0.30093884468078613, "cluster free entropy": 0.0, "complexity": -0.30093884468078613, "density": 0.2505008280277252, "entropy": 0.0, "replicated free entropy mean": -0.3007872802455251, "replicated free entropy std": 0.000384338917400081, "cluster free entropy mean": 0.0, "cluster free entropy std": 0.0, "complexity mean": -0.3007872802455251, "complexity std": 0.000384338917400081, "density mean": 0.2500354077030973, "density std": 0.0008411183428193621, "entropy mean": 0.0, "entropy std": 0.0, "stability": true, "stability non zero": true, "fraction hard fields": 1.0, "fraction i frozen": 1.0, "fraction j frozen": 1.0, "fraction config forbidden": 1.0}