Messages,Free entropy density,density,entropy density,stability,physical
"[[0.1642623297075414, 0.2631350284083322], [0.3245129695358031, 0.2480896723483233]]",0.45839920389107824,0.566650145217382,0.45839920389107824,True,True
"[[0.9999999999999998, 1.841768451576793e-20], [1.7844090746100758e-22, 1.7195610669347912e-22]]",0.0,6.424105111847168e-60,0.0,True,True
