{"Messages": [[0.1642623297075414, 0.2631350284083322], [0.3245129695358031, 0.2480896723483233]], "Free entropy density": 0.45839920389107824, "density": 0.566650145217382, "entropy density": 0.45839920389107824, "stability": true, "physical": true, "stability AT": true, "linear stability": true, "non linear stability": true, "eta": [0.0, 2.085924839766527e-11, 1.0021625460727171e-10, 2.013419553874471e-08, 4.429892393005213e-10, 0.0, 0.0, 1.3699358715659974e-09, 1.4105086781339408e-10, 0.0, 0.0, 2.280296038940978e-10, 1.0242280746733954e-08, 0.0, 1.3317975101811957e-09, 0.999999965988645], "phi_SP": 1.1102230246251565e-16, "stability SP": true, "phi_SP_noisy": null}