{"replicated free entropy": 0.29970574378967285, "cluster free entropy": 0.29970598220825195, "complexity": -2.384185791015625e-07, "density": 0.17356359958648682, "entropy": 0.29970598220825195, "replicated free entropy mean": 0.29970574378967285, "replicated free entropy std": 0.0, "cluster free entropy mean": 0.29970598220825195, "cluster free entropy std": 0.0, "complexity mean": -2.384185791015625e-07, "complexity std": 0.0, "density mean": 0.17356359958648682, "density std": 0.0, "entropy mean": 0.29970598220825195, "entropy std": 0.0}