{"replicated free entropy": 0.12634611129760742, "cluster free entropy": 0.013049602508544922, "complexity": 0.1132965087890625, "density": 0.45696085691452026, "entropy": 0.013049602508544922, "replicated free entropy mean": 0.12632003063108863, "replicated free entropy std": 0.0004708557070584856, "cluster free entropy mean": 0.012498811977665598, "cluster free entropy std": 0.0007977488239751054, "complexity mean": 0.11382121865342303, "complexity std": 0.0009076887758133662, "density mean": 0.455873248780646, "density std": 0.0014391080526422113, "entropy mean": 0.012498811977665598, "entropy std": 0.0007977488239751054}