{"replicated free entropy": 0.4420344829559326, "cluster free entropy": 0.4420318603515625, "complexity": 2.6226043701171875e-06, "density": 0.22513823211193085, "entropy": 0.4420318603515625, "replicated free entropy mean": 0.4420344771408453, "replicated free entropy std": 3.677784129082726e-08, "cluster free entropy mean": 0.4420318545364752, "cluster free entropy std": 3.677784129082726e-08, "complexity mean": 2.6226043701171875e-06, "complexity std": 0.0, "density mean": 0.2251382324753738, "density std": 2.2986150806767033e-09, "entropy mean": 0.4420318545364752, "entropy std": 3.677784129082726e-08}