{"Messages": [[0.22276751712539722, 0.2933379996717381], [0.26344764130668163, 0.2204468418961829]], "Free entropy density": 0.02098620339838453, "density": 0.49796551506496073, "entropy density": 0.02098620339838453, "stability": true, "physical": true, "stability AT": true, "linear stability": false, "non linear stability": true, "eta": [0.0, 0.237636151567512, 0.2824031264483942, 0.0, 0.23822605836528193, 0.0, 0.001494615230138028, 0.0, 0.1636420034415577, 0.0, 8.749050098315556e-05, 0.0, 0.07651054259617106, 0.0, 1.1849961976201828e-08, 0.0], "phi_SP": 0.02097110871561858, "stability SP": true, "phi_SP_noisy": null}