{"replicated free entropy": 0.4414215087890625, "cluster free entropy": 0.4414212703704834, "complexity": 2.384185791015625e-07, "density": 0.41464751958847046, "entropy": 0.4414212703704834, "replicated free entropy mean": 0.44142150588151885, "replicated free entropy std": 1.838892064541363e-08, "cluster free entropy mean": 0.4414212529252215, "cluster free entropy std": 8.141122213224085e-08, "complexity mean": 2.5295629733946267e-07, "complexity std": 6.553270566512691e-08, "density mean": 0.41464751740781275, "density std": 1.3791690484060222e-08, "entropy mean": 0.4414212529252215, "entropy std": 8.141122213224085e-08, "stability": true, "stability non zero": true, "fraction hard fields": 0.0, "fraction i frozen": 0.0, "fraction j frozen": 0.0, "fraction config forbidden": 0.0}