Messages,Free entropy density,density,entropy density,stability,physical
"[[0.0, 0.3578570186408716], [0.4186679526699155, 0.22347502868921287]]",-0.5334086350534575,0.5714285714285714,-0.5334086350534575,False,True
"[[0.3998455081968645, 0.35223624197319686], [0.1261942574129397, 0.12172399241699892]]",0.30898656800295,0.224842083401676,0.30898656800295,False,True
