{"Messages": [[0.3998455081968645, 0.35223624197319686], [0.1261942574129397, 0.12172399241699892]], "Free entropy density": 0.30898656800295, "density": 0.224842083401676, "entropy density": 0.30898656800295, "stability": false, "physical": true}