Messages,Free entropy density,density,entropy density,stability,physical
"[[0.0, 0.2010212885436052], [0.4141291106270215, 0.38484960082937336]]",0.1160438186268582,0.7353878535532825,0.1160438186268582,False,True
"[[0.0, 0.9999999999999998], [6.237000967296112e-32, 0.0]]",-145.09074140747094,0,-145.09074140747094,False,False
"[[0.31219684339863957, 0.24386662452075408], [0.18299421203590738, 0.2609423200446989]]",0.3711398348113786,0.44235712839759056,0.3711398348113786,False,True
"[[0.4999999999999999, 0.4999999999999999], [6.174000957525439e-32, 0.0]]",0.0,0,0.0,False,True
