{"Messages": [[0.31219684339863957, 0.24386662452075408], [0.18299421203590738, 0.2609423200446989]], "Free entropy density": 0.3711398348113786, "density": 0.44235712839759056, "entropy density": 0.3711398348113786, "stability": false, "physical": true}