{"Messages": [[0.1399447784693134, 0.21261000547627157], [0.31249371971918244, 0.3349514963352323]], "Free entropy density": 0.2773618573180925, "density": 0.6749593694311772, "entropy density": 0.2773618573180925, "stability": true, "physical": true, "stability AT": true, "linear stability": false, "non linear stability": true, "eta": [0.0, 1.9952077378426788e-10, 7.331805796985594e-11, 1.918398078739197e-08, 8.38937676292825e-11, 1.4625207058442315e-11, 1.403774063195539e-11, 2.387836164016168e-10, 3.6790210154202404e-11, 7.009217417623145e-11, 7.584749014840052e-13, 6.581264025814198e-11, 7.334871487603647e-09, 5.284743185999483e-10, 1.063884199994817e-10, 0.9999999720486524], "phi_SP": -4.930380657631324e-32, "stability SP": true, "phi_SP_noisy": null}