{"Messages": [[0.41563832965588904, 0.271382571776506], [0.15229362417646217, 0.16068547439114286]], "Free entropy density": 0.2774185125407511, "density": 0.23876731370527995, "entropy density": 0.2774185125407511, "stability": false, "physical": true}