{"Messages": [[0.3980902661039161, 0.3499030488452186], [0.12739021329181585, 0.12461647175904951]], "Free entropy density": 0.3114173188893692, "density": 0.22839700924950973, "entropy density": 0.3114173188893692, "stability": false, "physical": true}