{"replicated free entropy": 0.38840246200561523, "cluster free entropy": 0.3884003162384033, "complexity": 2.1457672119140625e-06, "density": 0.6523165702819824, "entropy": 0.3884003162384033, "replicated free entropy mean": 0.38840246200561523, "replicated free entropy std": 0.0, "cluster free entropy mean": 0.3884003162384033, "cluster free entropy std": 0.0, "complexity mean": 2.1457672119140625e-06, "complexity std": 0.0, "density mean": 0.6523165702819824, "density std": 0.0, "entropy mean": 0.3884003162384033, "entropy std": 0.0}