{"Messages": [[0.3991446506656069, 0.36069545543380527], [0.10813257938007302, 0.13202731452051486]], "Free entropy density": 0.2433162476112285, "density": 0.2215244793842658, "entropy density": 0.2433162476112285, "stability": false, "physical": true}