{"Messages": [[0.2952907816932989, 0.2952907816932989], [0.2072608177687802, 0.2021576188446219]], "Free entropy density": 0.5400448822732828, "density": 0.40751552865728086, "entropy density": 0.5400448822732828, "stability": false, "physical": true}