{"Messages": [[0.12946471417624394, 0.1576871890287403], [0.35135984655316854, 0.36148825024184716]], "Free entropy density": 0.40483294192959907, "density": 0.7205517019715695, "entropy density": 0.40483294192959907, "stability": false, "physical": true}