Messages,Free entropy density,density,entropy density,stability,physical
"[[0.3376475654967657, 0.3376475654967657], [0.19331284507746938, 0.13139202392899907]]",0.5266740848655536,0.31524594406919737,0.5266740848655536,False,True
