{"Messages": [[0.3376475654967657, 0.3376475654967657], [0.19331284507746938, 0.13139202392899907]], "Free entropy density": 0.5266740848655536, "density": 0.31524594406919737, "entropy density": 0.5266740848655536, "stability": false, "physical": true}