{"replicated free entropy": 0.36042320728302, "cluster free entropy": 0.36042284965515137, "complexity": 3.5762786865234375e-07, "density": 0.1770719289779663, "entropy": 0.36042284965515137, "replicated free entropy mean": 0.36042320728302, "replicated free entropy std": 0.0, "cluster free entropy mean": 0.36042284965515137, "cluster free entropy std": 0.0, "complexity mean": 3.5762786865234375e-07, "complexity std": 0.0, "density mean": 0.1770719289779663, "density std": 0.0, "entropy mean": 0.36042284965515137, "entropy std": 0.0}