{"replicated free entropy": 0.3423190116882324, "cluster free entropy": 0.34232234954833984, "complexity": -3.337860107421875e-06, "density": 0.5841814875602722, "entropy": 0.34232234954833984, "replicated free entropy mean": 0.3423190116882324, "replicated free entropy std": 0.0, "cluster free entropy mean": 0.34232234954833984, "cluster free entropy std": 0.0, "complexity mean": -3.337860107421875e-06, "complexity std": 0.0, "density mean": 0.5841814875602722, "density std": 0.0, "entropy mean": 0.34232234954833984, "entropy std": 0.0}