{"replicated free entropy": 0.49939870834350586, "cluster free entropy": 0.49939966201782227, "complexity": -9.5367431640625e-07, "density": 0.7278791666030884, "entropy": 0.49939966201782227, "replicated free entropy mean": 0.49939870834350586, "replicated free entropy std": 0.0, "cluster free entropy mean": 0.49939966201782227, "cluster free entropy std": 0.0, "complexity mean": -9.5367431640625e-07, "complexity std": 0.0, "density mean": 0.7278791666030884, "density std": 0.0, "entropy mean": 0.49939966201782227, "entropy std": 0.0}