{"replicated free entropy": 0.4133392572402954, "cluster free entropy": 0.41333770751953125, "complexity": 1.5497207641601562e-06, "density": 0.7142853736877441, "entropy": 0.41333770751953125, "replicated free entropy mean": 0.4133392572402954, "replicated free entropy std": 0.0, "cluster free entropy mean": 0.41333770751953125, "cluster free entropy std": 0.0, "complexity mean": 1.5497207641601562e-06, "complexity std": 0.0, "density mean": 0.7142853736877441, "density std": 0.0, "entropy mean": 0.41333770751953125, "entropy std": 0.0, "stability": true, "stability non zero": true, "fraction hard fields": 0.0, "fraction i frozen": 0.0, "fraction j frozen": 0.0, "fraction config forbidden": 0.0}