{"replicated free entropy": 0.5161731243133545, "cluster free entropy": 0.5161755084991455, "complexity": -2.384185791015625e-06, "density": 0.38296303153038025, "entropy": 0.5161755084991455, "replicated free entropy mean": 0.5161731243133545, "replicated free entropy std": 0.0, "cluster free entropy mean": 0.5161755084991455, "cluster free entropy std": 0.0, "complexity mean": -2.384185791015625e-06, "complexity std": 0.0, "density mean": 0.38296303153038025, "density std": 0.0, "entropy mean": 0.5161755084991455, "entropy std": 0.0}