Messages,Free entropy density,density,entropy density,stability,physical
"[[0.34098761877454864, 0.44135850260919485], [0.21765387861625562, 8.902625120040167e-16]]",0.24751557275582847,0.311490261876786,0.24751557275582847,True,True
