{"Messages": [[0.34098761877454864, 0.44135850260919485], [0.21765387861625562, 8.902625120040167e-16]], "Free entropy density": 0.24751557275582847, "density": 0.311490261876786, "entropy density": 0.24751557275582847, "stability": true, "physical": true, "stability AT": true, "linear stability": false, "non linear stability": true, "eta": [0.0, 2.524969016020618e-11, 7.382089959114843e-10, 0.0, 9.79580260419284e-12, 0.0, 1.3978104121541219e-10, 0.0, 1.7917957937422558e-12, 0.0, 0.0, 0.0, 2.7830685281993357e-08, 0.0, 0.9999999712544874, 0.0], "phi_SP": -2.5501978285009843e-21, "stability SP": true, "phi_SP_noisy": null}