{"replicated free entropy": 0.5477828979492188, "cluster free entropy": 0.5477850437164307, "complexity": -2.1457672119140625e-06, "density": 0.4268294870853424, "entropy": 0.5477850437164307, "replicated free entropy mean": 0.5477828979492188, "replicated free entropy std": 0.0, "cluster free entropy mean": 0.5477850437164307, "cluster free entropy std": 0.0, "complexity mean": -2.1457672119140625e-06, "complexity std": 0.0, "density mean": 0.4268294870853424, "density std": 0.0, "entropy mean": 0.5477850437164307, "entropy std": 0.0, "stability": true, "stability non zero": true, "fraction hard fields": 0.0, "fraction i frozen": 0.0, "fraction j frozen": 0.0, "fraction config forbidden": 0.0}