{"replicated free entropy": 0.20828747749328613, "cluster free entropy": 0.2082831859588623, "complexity": 4.291534423828125e-06, "density": 0.17114831507205963, "entropy": 0.2082831859588623, "replicated free entropy mean": 0.20828747749328613, "replicated free entropy std": 0.0, "cluster free entropy mean": 0.2082831859588623, "cluster free entropy std": 0.0, "complexity mean": 4.291534423828125e-06, "complexity std": 0.0, "density mean": 0.17114831507205963, "density std": 0.0, "entropy mean": 0.2082831859588623, "entropy std": 0.0}