{"replicated free entropy": 0.33482253551483154, "cluster free entropy": 0.3348221778869629, "complexity": 3.5762786865234375e-07, "density": 0.25976887345314026, "entropy": 0.3348221778869629, "replicated free entropy mean": 0.33482253551483154, "replicated free entropy std": 0.0, "cluster free entropy mean": 0.3348221778869629, "cluster free entropy std": 0.0, "complexity mean": 3.5762786865234375e-07, "complexity std": 0.0, "density mean": 0.25976887345314026, "density std": 0.0, "entropy mean": 0.3348221778869629, "entropy std": 0.0, "stability": true, "stability non zero": true, "fraction hard fields": 0.0, "fraction i frozen": 0.0, "fraction j frozen": 0.0, "fraction config forbidden": 0.0}