{"Messages": [[0.34203691282249715, 0.27147487761319355], [0.2154697531530608, 0.17101845641124847]], "Free entropy density": -0.17441604792151555, "density": 0.3333333333333331, "entropy density": -0.17441604792151555, "stability": true, "physical": true, "stability AT": true, "linear stability": false, "non linear stability": true, "eta": [0.0, 0.1710184723561166, 0.21546976399213247, 0.0, 0.27147487225895484, 0.0, 0.0, 0.0, 0.342036891392796, 0.0, 0.0, 0.0, 0.0, 0.0, 0.0, 0.0], "phi_SP": -0.17441604792152265, "stability SP": true, "phi_SP_noisy": null}