Messages,Free entropy density,density,entropy density,stability,physical
"[[0.10999724014308382, 0.16346628774704614], [0.3265233661402483, 0.4000131059696216]]",0.4477086147540281,0.7652057666779711,0.4477086147540281,False,True
"[[0.5000000000000008, 0.4999999999999992], [1.3729595320261364e-17, 0.0]]",0.0,0,0.0,False,True
