{"Messages": [[0.10999724014308382, 0.16346628774704614], [0.3265233661402483, 0.4000131059696216]], "Free entropy density": 0.4477086147540281, "density": 0.7652057666779711, "entropy density": 0.4477086147540281, "stability": false, "physical": true}