{"replicated free entropy": -0.2413938045501709, "cluster free entropy": 0.0, "complexity": -0.2413938045501709, "density": 0.43451040983200073, "entropy": 0.0, "replicated free entropy mean": -0.241276898035189, "replicated free entropy std": 0.00035618097261634466, "cluster free entropy mean": 0.0, "cluster free entropy std": 0.0, "complexity mean": -0.241276898035189, "complexity std": 0.00035618097261634466, "density mean": 0.4348797107615122, "density std": 0.0009151902865934018, "entropy mean": 0.0, "entropy std": 0.0, "stability": true, "stability non zero": true, "fraction hard fields": 1.0, "fraction i frozen": 1.0, "fraction j frozen": 1.0, "fraction config forbidden": 1.0}