{"replicated free entropy": 0.2486100196838379, "cluster free entropy": -0.0011020898818969727, "complexity": 0.24971210956573486, "density": 0.3671329617500305, "entropy": -0.0011020898818969727, "replicated free entropy mean": 0.2486100196838379, "replicated free entropy std": 0.0, "cluster free entropy mean": -0.0011020898818969727, "cluster free entropy std": 0.0, "complexity mean": 0.24971210956573486, "complexity std": 0.0, "density mean": 0.3671329617500305, "density std": 0.0, "entropy mean": -0.0011020898818969727, "entropy std": 0.0}