{"replicated free entropy": 0.4041163921356201, "cluster free entropy": 0.4041132926940918, "complexity": 3.0994415283203125e-06, "density": 0.358163058757782, "entropy": 0.4041132926940918, "replicated free entropy mean": 0.4041163921356201, "replicated free entropy std": 0.0, "cluster free entropy mean": 0.4041132926940918, "cluster free entropy std": 0.0, "complexity mean": 3.0994415283203125e-06, "complexity std": 0.0, "density mean": 0.358163058757782, "density std": 0.0, "entropy mean": 0.4041132926940918, "entropy std": 0.0}