Messages,Free entropy density,density,entropy density,stability,physical
"[[0.0, 0.4999999999999999], [0.4999999999999999, 1.1674504975773822e-18]]",-0.3465735902799727,0.5,-0.3465735902799727,True,True
"[[0.3333333333333332, 0.3333333333333332], [0.3333333333333332, 1.2530734613665394e-18]]",-0.5493061443340548,0.3333333333333333,-0.5493061443340548,False,True
"[[0.9999999999999998, 0.0], [0.0, 1.1674504975773822e-18]]",0.0,0,0.0,True,True
