{"Messages": [[0.9999999999999998, 0.0], [0.0, 1.1674504975773822e-18]], "Free entropy density": 0.0, "density": 0, "entropy density": 0.0, "stability": true, "physical": true, "stability AT": true, "linear stability": true, "non linear stability": true, "eta": [0.0, 3.291009114642426e-08, 0.333333322363303, 0.0, 0.333333322363303, 0.0, 0.0, 0.0, 0.333333322363303, 0.0, 0.0, 0.0, 0.0, 0.0, 0.0, 0.0], "phi_SP": -0.5493061443340599, "stability SP": true, "phi_SP_noisy": null}