Messages,Free entropy density,density,entropy density,stability,physical
"[[0.0, 0.2010212885436052], [0.4141291106270215, 0.38484960082937336]]",0.1160438186268582,0.7353878535532826,0.1160438186268582,True,True
"[[0.0, 0.9999999999976514], [2.3485425827738497e-12, 0.0]]",-54.940746676525514,0,-54.940746676525514,False,False
