{"Messages": [[0.0, 0.2010212885436052], [0.4141291106270215, 0.38484960082937336]], "Free entropy density": 0.1160438186268582, "density": 0.7353878535532826, "entropy density": 0.1160438186268582, "stability": true, "physical": true, "stability AT": true, "linear stability": false, "non linear stability": true, "eta": [0.0, 3.6691013710201126e-11, 9.767764050728866e-12, 2.697085168901029e-08, 6.900370222829589e-10, 3.5651824639059382e-12, 3.865708626111008e-11, 0.9999999722504301, 7.1982620712691935e-19, 0.0, 0.0, 0.0, 0.0, 0.0, 0.0, 0.0], "phi_SP": 1.110223024625156e-16, "stability SP": true, "phi_SP_noisy": null}