{"Messages": [[0.4558549718533663, 0.402650875458998], [0.14149415268760523, 3.0633773309045e-14]], "Free entropy density": 0.3604234483436308, "density": 0.17707188273810148, "entropy density": 0.3604234483436308, "stability": false, "physical": true}