Messages,Free entropy density,density,entropy density,stability,physical
"[[0.1163210105967874, 0.22331595956675496], [0.35302080722130885, 0.3073422226151489]]",0.3884035010489515,0.6523161361943692,0.3884035010489515,False,True
"[[0.9999999999998996, 4.4751056565744956e-14], [2.6864186725668634e-14, 2.874226173298163e-14]]",-4.0288704151447515e-26,2.448058860087929e-53,-4.0288704151447515e-26,False,True
