{"Messages": [[0.1163210105967874, 0.22331595956675496], [0.35302080722130885, 0.3073422226151489]], "Free entropy density": 0.3884035010489515, "density": 0.6523161361943692, "entropy density": 0.3884035010489515, "stability": false, "physical": true}