{"replicated free entropy": 0.3411831855773926, "cluster free entropy": 0.34118223190307617, "complexity": 9.5367431640625e-07, "density": 0.26265525817871094, "entropy": 0.34118223190307617, "replicated free entropy mean": 0.3411831855773926, "replicated free entropy std": 0.0, "cluster free entropy mean": 0.3411822493483381, "cluster free entropy std": 6.208814209281707e-08, "complexity mean": 9.362290545207698e-07, "complexity std": 6.208814209281707e-08, "density mean": 0.26265525817871094, "density std": 0.0, "entropy mean": 0.3411822493483381, "entropy std": 6.208814209281707e-08}