{"Messages": [[0.2857142857142859, 0.2857142857142857], [0.28571428571428553, 0.14285714285714285]], "Free entropy density": 0.1038196823891222, "density": 0.3846153846153845, "entropy density": 0.1038196823891222, "stability": true, "physical": true, "stability AT": true, "linear stability": true, "non linear stability": true, "eta": [0.0, 2.1062458333711527e-08, 0.16666668360714676, 0.16666664209251578, 0.33333332631323626, 0.0, 0.0, 0.0, 0.33333332692464274, 0.0, 0.0, 0.0, 0.0, 0.0, 0.0, 0.0], "phi_SP": 0.10381968238912243, "stability SP": true, "phi_SP_noisy": null}