{"Messages": [[0.4589912716879853, 0.3095784755403122], [0.07384144864506986, 0.1575888041266326]], "Free entropy density": 0.10496570626011614, "density": 0.16959257512178946, "entropy density": 0.10496570626011614, "stability": false, "physical": true}