{"Messages": [[0.2134086277417729, 0.2865913722582271], [0.2865913722582271, 0.2134086277417729]], "Free entropy density": 0.45441018034602143, "density": 0.4999999999999999, "entropy density": 0.45441018034602143, "stability": false, "physical": true}