Messages,Free entropy density,density,entropy density,stability,physical
"[[0.2, 0.2], [0.20000000000000004, 0.4]]",0.41333928659223407,0.7142857142857142,0.41333928659223407,True,True
"[[0.4999999999999999, 0.4999999999999999], [9.25372893989522e-25, 0.0]]",0.0,0,0.0,False,True
