{"Messages": [[0.2, 0.2], [0.20000000000000004, 0.4]], "Free entropy density": 0.41333928659223407, "density": 0.7142857142857142, "entropy density": 0.41333928659223407, "stability": true, "physical": true, "stability AT": true, "linear stability": true, "non linear stability": true, "eta": [0.0, 4.2900506827075345e-10, 5.468126811957566e-12, 1.3947339116828008e-08, 5.468126811957566e-12, 0.0, 0.0, 0.0, 5.468126811957566e-12, 0.0, 0.0, 0.0, 6.339081614492244e-10, 1.7523159472533663e-08, 0.0, 0.9999999674501838], "phi_SP": 2.2204460492503128e-16, "stability SP": true, "phi_SP_noisy": null}