{"Free entropy density": 0.20446533217330756, "density": 0.36931842141743737, "entropy density": 0.20446533217330756, "stability": true, "stability non zero": true, "fraction hard fields": 0.0, "fraction i frozen": 0.0, "fraction config forbidden": 0.0, "fraction found": 1.0}