{"replicated free entropy": 0.2843306064605713, "cluster free entropy": 0.07509863376617432, "complexity": 0.20923197269439697, "density": 0.6025357842445374, "entropy": 0.07509863376617432, "replicated free entropy mean": 0.2840885999726086, "replicated free entropy std": 0.00012748043605892396, "cluster free entropy mean": 0.07510524842797256, "cluster free entropy std": 0.00042493189789888743, "complexity mean": 0.20898335154463604, "complexity std": 0.00042588574904730084, "density mean": 0.6025783637674843, "density std": 0.0003777815784242076, "entropy mean": 0.07510524842797256, "entropy std": 0.00042493189789888743, "stability": false, "stability non zero": true, "fraction hard fields": 0.2753257155418396, "fraction i frozen": 0.5955793857574463, "fraction j frozen": 0.275339812040329, "fraction config forbidden": 1.0}