{"Messages": [[0.268209612031591, 0.26872856418162683], [0.21994537877311532, 0.24311644501366694]], "Free entropy density": -0.14020866157610712, "density": 0.4742615351469838, "entropy density": -0.14020866157610712, "stability": true, "physical": true, "stability AT": true, "linear stability": false, "non linear stability": true, "eta": [0.0, 0.24311643925931342, 0.21994538825258236, 0.0, 0.2687285621021658, 0.0, 0.0, 0.0, 0.2682096103859384, 0.0, 0.0, 0.0, 0.0, 0.0, 0.0, 0.0], "phi_SP": -0.14020866157610534, "stability SP": true, "phi_SP_noisy": null}