{"replicated free entropy": 0.2875027656555176, "cluster free entropy": 0.2875046730041504, "complexity": -1.9073486328125e-06, "density": 0.1605001538991928, "entropy": 0.2875046730041504, "replicated free entropy mean": 0.2875027656555176, "replicated free entropy std": 0.0, "cluster free entropy mean": 0.2875046730041504, "cluster free entropy std": 0.0, "complexity mean": -1.9073486328125e-06, "complexity std": 0.0, "density mean": 0.1605001538991928, "density std": 0.0, "entropy mean": 0.2875046730041504, "entropy std": 0.0}