{"Messages": [[0.24133677233424317, 0.2232107462203957], [0.18422335619617022, 0.35122912524919103]], "Free entropy density": -0.11495570600746063, "density": 0.6234021213809409, "entropy density": -0.11495570600746063, "stability": true, "physical": true, "stability AT": true, "linear stability": false, "non linear stability": true, "eta": [0.0, 0.40692167118645683, 0.21343467544676803, 0.0, 0.10003943263237779, 0.0, 0.0, 0.0, 0.12103959675587744, 0.0, 0.0, 0.0, 0.15856462397851992, 0.0, 0.0, 0.0], "phi_SP": -0.11495570600746641, "stability SP": true, "phi_SP_noisy": null}