{"Messages": [[0.2106130170241477, 0.28473189571697144], [0.2421019533391922, 0.2625531339196886]], "Free entropy density": -0.03213827911492251, "density": 0.5489255396463923, "entropy density": -0.03213827911492251, "stability": true, "physical": true, "stability AT": true, "linear stability": false, "non linear stability": true, "eta": [0.0, 0.3097125339976854, 0.28558795778676443, 0.0, 0.1562564860524082, 0.0, 0.0, 0.0, 0.06882449502062311, 0.0, 0.0, 0.0, 0.17961852714251883, 0.0, 0.0, 0.0], "phi_SP": -0.032138279114918955, "stability SP": true, "phi_SP_noisy": null}