{"Messages": [[0.4201190705582674, 0.4201190705582674], [0.15976185888344693, 1.8202993345920163e-14]], "Free entropy density": 0.4012246691681731, "density": 0.21599867044632434, "entropy density": 0.4012246691681731, "stability": false, "physical": true}