Messages,Free entropy density,density,entropy density,stability,physical
"[[0.1832175330320677, 0.25218869356346646], [0.34876452026637583, 0.21582925313809004]]",0.034736227279736465,0.5254112489051364,0.034736227279736465,False,True
"[[0.9999999999999998, 2.2421884131254983e-19], [1.3816814913751785e-18, 5.18468464120647e-17]]",-1.9721522630525295e-31,8.13189586669104e-70,-1.9721522630525295e-31,False,True
