{"Messages": [[0.1832175330320677, 0.25218869356346646], [0.34876452026637583, 0.21582925313809004]], "Free entropy density": 0.034736227279736465, "density": 0.5254112489051364, "entropy density": 0.034736227279736465, "stability": false, "physical": true}