{"replicated free entropy": -0.019011974334716797, "cluster free entropy": 0.0024099349975585938, "complexity": -0.02142190933227539, "density": 0.438580721616745, "entropy": 0.0024099349975585938, "replicated free entropy mean": -0.018905174441453888, "replicated free entropy std": 0.00011004982064459773, "cluster free entropy mean": 0.0027662457489385835, "cluster free entropy std": 0.00016843150599965814, "complexity mean": -0.02167142019039247, "complexity std": 0.00018820472288578018, "density mean": 0.4383222896878312, "density std": 0.0003231522846403725, "entropy mean": 0.0027662457489385835, "entropy std": 0.00016843150599965814, "stability": true, "stability non zero": true, "fraction hard fields": 0.5874781012535095, "fraction i frozen": 1.0, "fraction j frozen": 0.5874781012535095, "fraction config forbidden": 1.0}