Messages,Free entropy density,density,entropy density,stability,physical
"[[0.0, 0.2010212885436052], [0.4141291106270215, 0.38484960082937336]]",0.1160438186268582,0.7353878535532826,0.1160438186268582,False,True
"[[0.0, 0.9999999999999998], [1.683243488495502e-23, 0.0]]",-106.26376347879845,0,-106.26376347879845,False,False
"[[0.1666910095478753, 0.1932717480883918], [0.31615169533591614, 0.3238855470278167]]",0.16245305294759937,0.6512705635229358,0.16245305294759937,True,True
