{"Messages": [[0.1666910095478753, 0.1932717480883918], [0.31615169533591614, 0.3238855470278167]], "Free entropy density": 0.16245305294759937, "density": 0.6512705635229358, "entropy density": 0.16245305294759937, "stability": true, "physical": true, "stability AT": true, "linear stability": false, "non linear stability": true, "eta": [0.0, 0.140831931068251, 0.0906852752745679, 0.2621223059160473, 0.20472709945715123, 0.0019898867472956517, 0.034442905913969944, 0.03023891444972098, 0.23496168117299604, 0.0, 0.0, 0.0, 0.0, 0.0, 0.0, 0.0], "phi_SP": 0.15215359386763772, "stability SP": false, "phi_SP_noisy": -2.2204460492503128e-16}