{"replicated free entropy": 0.6695153713226318, "cluster free entropy": 0.6695139408111572, "complexity": 1.430511474609375e-06, "density": 0.44789060950279236, "entropy": 0.6695139408111572, "replicated free entropy mean": 0.6695153713226318, "replicated free entropy std": 0.0, "cluster free entropy mean": 0.6695139408111572, "cluster free entropy std": 0.0, "complexity mean": 1.430511474609375e-06, "complexity std": 0.0, "density mean": 0.44789060950279236, "density std": 0.0, "entropy mean": 0.6695139408111572, "entropy std": 0.0}