{"Messages": [[0.16538385685952972, 0.2270511420725281], [0.28258791073395917, 0.32497709033398314]], "Free entropy density": 0.3640168706770823, "density": 0.6497561397885053, "entropy density": 0.3640168706770823, "stability": true, "physical": true, "stability AT": true, "linear stability": false, "non linear stability": true, "eta": [0.0, 8.845694502691311e-11, 6.097331185649641e-11, 2.5160694409107915e-08, 1.9778622741581822e-11, 2.926988525416411e-10, 0.0, 1.020149757882989e-10, 5.871356456934624e-13, 0.0, 0.0, 0.0, 4.1979095234915066e-09, 1.376734686960923e-10, 1.4648775109653557e-10, 0.9999999697927251], "phi_SP": -4.930380657631324e-32, "stability SP": true, "phi_SP_noisy": null}