{"Free entropy density": 3.637978807091713e-16, "density": 0.5918000000000001, "entropy density": 3.637978807091713e-16, "stability": false, "stability non zero": true, "fraction hard fields": 0.7278666666666667, "fraction i frozen": 0.97245, "fraction config forbidden": 1.0, "fraction found": 1.0}