{"replicated free entropy": -0.2007155418395996, "cluster free entropy": 0.0, "complexity": -0.2007155418395996, "density": 0.5456462502479553, "entropy": 0.0, "replicated free entropy mean": -0.20055066666951993, "replicated free entropy std": 0.0003811329864991027, "cluster free entropy mean": 0.0, "cluster free entropy std": 0.0, "complexity mean": -0.20055066666951993, "complexity std": 0.0003811329864991027, "density mean": 0.5452024936676025, "density std": 0.0008391590981156927, "entropy mean": 0.0, "entropy std": 0.0, "stability": true, "stability non zero": true, "fraction hard fields": 1.0, "fraction i frozen": 1.0, "fraction j frozen": 1.0, "fraction config forbidden": 1.0}