Messages,Free entropy density,density,entropy density,stability,physical
"[[0.15138781886690877, 0.34861218113309117], [0.34861218113309117, 0.15138781886690877]]",-0.03179171129227232,0.5,-0.03179171129227232,True,True
