{"Messages": [[0.15138781886690877, 0.34861218113309117], [0.34861218113309117, 0.15138781886690877]], "Free entropy density": -0.03179171129227232, "density": 0.5, "entropy density": -0.03179171129227232, "stability": true, "physical": true, "stability AT": true, "linear stability": false, "non linear stability": false, "eta": [0.0, 1.3479973333575379e-08, 0.2828707328983977, 0.217129253621629, 0.28287073289839765, 0.0, 0.0, 0.0, 1.3479973333575379e-08, 0.0, 0.0, 0.0, 0.217129253621629, 0.0, 0.0, 0.0], "phi_SP": -0.03179171129227165, "stability SP": true, "phi_SP_noisy": null}