Messages,Free entropy density,density,entropy density,stability,physical
"[[0.499999999998754, 0.4999999999986039], [1.467839114233654e-13, 2.4953264941972137e-12]]",0.0,0,0.0,True,True
