{"Messages": [[0.499999999998754, 0.4999999999986039], [1.467839114233654e-13, 2.4953264941972137e-12]], "Free entropy density": 0.0, "density": 0, "entropy density": 0.0, "stability": true, "physical": true, "stability AT": true, "linear stability": true, "non linear stability": true, "eta": [0.0, 6.901746346790594e-09, 6.901746346790594e-09, 0.0, 6.901746346790594e-09, 0.0, 0.0, 0.0, 1.1725055910723355e-08, 0.0, 0.0, 0.0, 0.999999967569705, 0.0, 0.0, 0.0], "phi_SP": 2.137957480984157e-16, "stability SP": true, "phi_SP_noisy": null}