{"replicated free entropy": 0.30231308937072754, "cluster free entropy": 0.30231380462646484, "complexity": -7.152557373046875e-07, "density": 0.4758518636226654, "entropy": 0.30231380462646484, "replicated free entropy mean": 0.30231308937072754, "replicated free entropy std": 0.0, "cluster free entropy mean": 0.30231380462646484, "cluster free entropy std": 0.0, "complexity mean": -7.152557373046875e-07, "complexity std": 0.0, "density mean": 0.4758518636226654, "density std": 0.0, "entropy mean": 0.30231380462646484, "entropy std": 0.0}