{"replicated free entropy": 0.3655846118927002, "cluster free entropy": 0.3655877113342285, "complexity": -3.0994415283203125e-06, "density": 0.388006329536438, "entropy": 0.3655877113342285, "replicated free entropy mean": 0.3655846118927002, "replicated free entropy std": 0.0, "cluster free entropy mean": 0.3655877113342285, "cluster free entropy std": 0.0, "complexity mean": -3.0994415283203125e-06, "complexity std": 0.0, "density mean": 0.388006329536438, "density std": 0.0, "entropy mean": 0.3655877113342285, "entropy std": 0.0}