{"Messages": [[0.3992333983873988, 0.2927471960389348], [0.20665558798411476, 0.10136381758955162]], "Free entropy density": -0.16068920787401453, "density": 0.2434908398057636, "entropy density": -0.16068920787401453, "stability": true, "physical": true, "stability AT": true, "linear stability": false, "non linear stability": false, "eta": [0.0, 1.6849966666969222e-08, 0.11716841862838631, 0.11279737465956632, 0.3257683170806777, 0.0, 0.0, 0.0, 0.444265872781403, 0.0, 0.0, 0.0, 0.0, 0.0, 0.0, 0.0], "phi_SP": -0.16068920787401408, "stability SP": true, "phi_SP_noisy": null}