{"replicated free entropy": -0.18429136276245117, "cluster free entropy": -5.334615707397461e-05, "complexity": -0.1842380166053772, "density": 0.7745538949966431, "entropy": -5.334615707397461e-05, "replicated free entropy mean": -0.18374240107652617, "replicated free entropy std": 0.0002485982698531346, "cluster free entropy mean": -2.8341281704786348e-05, "cluster free entropy std": 0.0004367183650474225, "complexity mean": -0.1837140597948214, "complexity std": 0.0004607130505534846, "density mean": 0.773980793429584, "density std": 0.0005735844844347241, "entropy mean": -2.8341281704786348e-05, "entropy std": 0.0004367183650474225, "stability": true, "stability non zero": true, "fraction hard fields": 0.8036940097808838, "fraction i frozen": 1.0, "fraction j frozen": 0.8036940097808838, "fraction config forbidden": 1.0}