{"replicated free entropy": 0.1654951572418213, "cluster free entropy": 0.0036774873733520508, "complexity": 0.16181766986846924, "density": 0.4904825687408447, "entropy": 0.0036774873733520508, "replicated free entropy mean": 0.16549184264206304, "replicated free entropy std": 0.00022782365346825083, "cluster free entropy mean": 0.0038095974340671447, "cluster free entropy std": 0.0005878117268625787, "complexity mean": 0.1616822452079959, "complexity std": 0.0006106443327463613, "density mean": 0.4912577591291288, "density std": 0.0005801278622279546, "entropy mean": 0.0038095974340671447, "entropy std": 0.0005878117268625787, "stability": false, "stability non zero": true, "fraction hard fields": 0.4934194087982178, "fraction i frozen": 1.0, "fraction j frozen": 0.4934194087982178, "fraction config forbidden": 1.0}