{"replicated free entropy": 0.16228604316711426, "cluster free entropy": 0.16228508949279785, "complexity": 9.5367431640625e-07, "density": 0.23195704817771912, "entropy": 0.16228508949279785, "replicated free entropy mean": 0.16228604316711426, "replicated free entropy std": 0.0, "cluster free entropy mean": 0.16228508949279785, "cluster free entropy std": 0.0, "complexity mean": 9.5367431640625e-07, "complexity std": 0.0, "density mean": 0.23195704817771912, "density std": 0.0, "entropy mean": 0.16228508949279785, "entropy std": 0.0}