Messages,Free entropy density,density,entropy density,stability,physical
"[[0.2284209926325032, 0.25459353081056957], [0.259185921520636, 0.2577995550362912]]",0.5972037265584462,0.5284992830367182,0.5972037265584462,True,True
