{"Messages": [[0.2284209926325032, 0.25459353081056957], [0.259185921520636, 0.2577995550362912]], "Free entropy density": 0.5972037265584462, "density": 0.5284992830367182, "entropy density": 0.5972037265584462, "stability": true, "physical": true, "stability AT": true, "linear stability": true, "non linear stability": true, "eta": [0.0, 1.2161231499943801e-10, 1.4954549045252147e-10, 2.066087696342352e-08, 8.597621021811906e-11, 1.0270121858949166e-10, 0.0, 3.626305082049884e-12, 4.074071952668997e-11, 0.0, 0.0, 0.0, 1.2902237941872121e-08, 2.8190435469075767e-11, 1.9775696768705083e-10, 0.9999999657067355], "phi_SP": -4.930380657631324e-32, "stability SP": true, "phi_SP_noisy": null}