{"Messages": [[0.3782070059129995, 0.322849446912537], [0.14312128182276188, 0.15582226535170177]], "Free entropy density": 0.3453755173748285, "density": 0.27138189208640145, "entropy density": 0.3453755173748285, "stability": false, "physical": true}