{"replicated free entropy": 0.5154414176940918, "cluster free entropy": 0.5154399871826172, "complexity": 1.430511474609375e-06, "density": 0.29291534423828125, "entropy": 0.5154399871826172, "replicated free entropy mean": 0.5154414176940918, "replicated free entropy std": 0.0, "cluster free entropy mean": 0.5154399871826172, "cluster free entropy std": 0.0, "complexity mean": 1.430511474609375e-06, "complexity std": 0.0, "density mean": 0.29291534423828125, "density std": 0.0, "entropy mean": 0.5154399871826172, "entropy std": 0.0}