{"rule": ["+", "+", "+", "-", "+"], "Parisi parameter": 1, "chemical potential": 0, "population size": 2000000, "number of samples": 40000000, "hard fields": true, "planted messages": null, "fraction planted messages": 1, "impose symmetry": false, "maximum number of iterations": 10000, "damping parameter": 0.8, "tolerance": 1000, "convergence check interval": 200, "sampling threshold": 8000, "sampling interval": 50, "Parisi parameter list": [1e-05, 0.03449241379310345, 0.06897482758620689, 0.10345724137931034, 0.1379396551724138, 0.17242206896551726, 0.2069044827586207, 0.24138689655172413, 0.2758693103448276, 0.31035172413793105, 0.3448341379310345, 0.3793165517241379, 0.4137989655172414, 0.44828137931034484, 0.48276379310344825, 0.5172462068965517, 0.5517286206896551, 0.5862110344827586, 0.620693448275862, 0.6551758620689655, 0.689658275862069, 0.7241406896551723, 0.7586231034482758, 0.7931055172413792, 0.8275879310344827, 0.8620703448275862, 0.8965527586206896, 0.9310351724137931, 0.9655175862068964, 1.0], "seed": null}