{"Messages": [[0.12479661443196488, 0.27725875083495877], [0.3064536941653667, 0.29149094056770963]], "Free entropy density": -0.1594206562004583, "density": 0.6282794116526289, "entropy density": -0.1594206562004583, "stability": true, "physical": true, "stability AT": true, "linear stability": false, "non linear stability": true, "eta": [0.0, 0.33305508094852276, 0.35015139653883914, 0.0, 0.1742019673816059, 0.0, 0.0, 0.0, 2.1062458333711527e-08, 0.0, 0.0, 0.0, 0.14259153406857367, 0.0, 0.0, 0.0], "phi_SP": -0.15942065620045787, "stability SP": true, "phi_SP_noisy": null}