Messages,Free entropy density,density,entropy density,stability,physical
"[[0.5266853865697533, 0.3652116077340224], [0.10810300569310502, 3.119158117746517e-12]]",0.23465390813858478,0.11078865523665143,0.23465390813858478,True,True
