{"Messages": [[0.5266853865697533, 0.3652116077340224], [0.10810300569310502, 3.119158117746517e-12]], "Free entropy density": 0.23465390813858478, "density": 0.11078865523665143, "entropy density": 0.23465390813858478, "stability": true, "physical": true}