{"replicated free entropy": 0.22054338455200195, "cluster free entropy": 0.2205449342727661, "complexity": -1.5497207641601562e-06, "density": 0.9055190086364746, "entropy": 0.2205449342727661, "replicated free entropy mean": 0.22054338455200195, "replicated free entropy std": 0.0, "cluster free entropy mean": 0.2205449342727661, "cluster free entropy std": 0.0, "complexity mean": -1.5497207641601562e-06, "complexity std": 0.0, "density mean": 0.9055190086364746, "density std": 0.0, "entropy mean": 0.2205449342727661, "entropy std": 0.0}