{"replicated free entropy": 0.2847771644592285, "cluster free entropy": 0.28478002548217773, "complexity": -2.86102294921875e-06, "density": 0.15548549592494965, "entropy": 0.28478002548217773, "replicated free entropy mean": 0.2847771644592285, "replicated free entropy std": 0.0, "cluster free entropy mean": 0.28478002548217773, "cluster free entropy std": 0.0, "complexity mean": -2.86102294921875e-06, "complexity std": 0.0, "density mean": 0.15548549592494965, "density std": 0.0, "entropy mean": 0.28478002548217773, "entropy std": 0.0}