Messages,Free entropy density,density,entropy density,stability,physical
"[[0.44029865303468696, 0.25156546417776693], [0.11010913747408199, 0.198026745313464]]",0.16228653560433992,0.2319571148092426,0.16228653560433992,False,True
"[[0.5000000000000002, 0.4999999999999999], [1.8e-322, 0.0]]",0.0,0,0.0,False,True
