{"Messages": [[0.44029865303468696, 0.25156546417776693], [0.11010913747408199, 0.198026745313464]], "Free entropy density": 0.16228653560433992, "density": 0.2319571148092426, "entropy density": 0.16228653560433992, "stability": false, "physical": true}