{"Messages": [[0.15255620554241944, 0.2171991979510694], [0.2371479081910347, 0.3930966883154764]], "Free entropy density": -0.09196883700480729, "density": 0.7336975879802912, "entropy density": -0.09196883700480729, "stability": true, "physical": true, "stability AT": true, "linear stability": false, "non linear stability": true, "eta": [0.0, 0.4638616613229011, 0.2798391169276896, 0.0, 0.07627996698921163, 0.0, 0.0, 0.0, 9.17399446396035e-13, 0.0, 0.0, 0.0, 0.18001925475928032, 0.0, 0.0, 0.0], "phi_SP": -0.09196883700480218, "stability SP": true, "phi_SP_noisy": null}