{"Messages": [[0.13792364019097514, 0.28257063577498587], [0.35352894691299064, 0.22597677712104816]], "Free entropy density": 0.22913889775551377, "density": 0.5593639917104333, "entropy density": 0.22913889775551377, "stability": false, "physical": true}