{"replicated free entropy": 0.2573152780532837, "cluster free entropy": 0.2573126554489136, "complexity": 2.6226043701171875e-06, "density": 0.8828830122947693, "entropy": 0.2573126554489136, "replicated free entropy mean": 0.25731523153258534, "replicated free entropy std": 9.448398502438198e-08, "cluster free entropy mean": 0.2573126961545246, "cluster free entropy std": 1.6570448118041213e-07, "complexity mean": 2.5353780606897867e-06, "complexity std": 1.148387726233151e-07, "density mean": 0.8828830122947693, "density std": 0.0, "entropy mean": 0.2573126961545246, "entropy std": 1.6570448118041213e-07}