Messages,Free entropy density,density,entropy density,stability,physical
"[[0.20331296714678557, 0.21956419258258186], [0.26702346668417903, 0.31009937358645356]]",0.31443992987217007,0.6076041289229993,0.31443992987217007,False,True
"[[0.9999999999999998, 1.0259342772157481e-18], [6.81564783262828e-21, 1.8483085372305627e-20]]",-1.9721522630525295e-31,2.1833548180116342e-75,-1.9721522630525295e-31,False,True
