{"Messages": [[0.20331296714678557, 0.21956419258258186], [0.26702346668417903, 0.31009937358645356]], "Free entropy density": 0.31443992987217007, "density": 0.6076041289229993, "entropy density": 0.31443992987217007, "stability": false, "physical": true}