{"replicated free entropy": 0.10497522354125977, "cluster free entropy": -0.0025180578231811523, "complexity": 0.10749328136444092, "density": 0.17322945594787598, "entropy": -0.0025180578231811523, "replicated free entropy mean": 0.10496801864810107, "replicated free entropy std": 0.00035149128321984845, "cluster free entropy mean": -0.0004194538767744855, "cluster free entropy std": 0.0013393178686524924, "complexity mean": 0.10538747252487554, "complexity std": 0.0013866448252356873, "density mean": 0.17020817355411808, "density std": 0.002520216238570527, "entropy mean": -0.0004194538767744855, "entropy std": 0.0013393178686524924}