{"Messages": [[0.5248592426107876, 0.36606221543850476], [0.10907854194758837, 3.119158117746517e-12]], "Free entropy density": 0.23552181257939542, "density": 0.11237110828824266, "entropy density": 0.23552181257939542, "stability": false, "physical": true}