{"replicated free entropy": 0.10732078552246094, "cluster free entropy": -0.0011926889419555664, "complexity": 0.1085134744644165, "density": 0.18665732443332672, "entropy": -0.0011926889419555664, "replicated free entropy mean": 0.10732078552246094, "replicated free entropy std": 0.0, "cluster free entropy mean": -0.0011926889419555664, "cluster free entropy std": 0.0, "complexity mean": 0.1085134744644165, "complexity std": 0.0, "density mean": 0.18665732443332672, "density std": 0.0, "entropy mean": -0.0011926889419555664, "entropy std": 0.0}