{"replicated free entropy": 0.2892603874206543, "cluster free entropy": 0.0010672807693481445, "complexity": 0.28819310665130615, "density": 0.43697360157966614, "entropy": 0.0010672807693481445, "replicated free entropy mean": 0.2892603874206543, "replicated free entropy std": 0.0, "cluster free entropy mean": 0.0010672807693481445, "cluster free entropy std": 0.0, "complexity mean": 0.28819310665130615, "complexity std": 0.0, "density mean": 0.43697360157966614, "density std": 0.0, "entropy mean": 0.0010672807693481445, "entropy std": 0.0}