{"replicated free entropy": 0.3793213367462158, "cluster free entropy": 0.3793201446533203, "complexity": 1.1920928955078125e-06, "density": 0.6589217185974121, "entropy": 0.3793201446533203, "replicated free entropy mean": 0.3793213018556921, "replicated free entropy std": 6.029210833028386e-08, "cluster free entropy mean": 0.3793201068552529, "cluster free entropy std": 7.181103075555749e-08, "complexity mean": 1.1950004391553924e-06, "complexity std": 1.8388920645413626e-08, "density mean": 0.6589217491266204, "density std": 3.7517454276910466e-08, "entropy mean": 0.3793201068552529, "entropy std": 7.181103075555749e-08, "stability": true, "stability non zero": true, "fraction hard fields": 0.0, "fraction i frozen": 0.0, "fraction j frozen": 0.0, "fraction config forbidden": 0.0}