{"replicated free entropy": 0.34556758403778076, "cluster free entropy": 0.34556806087493896, "complexity": -4.76837158203125e-07, "density": 0.8223578929901123, "entropy": 0.34556806087493896, "replicated free entropy mean": 0.34556758403778076, "replicated free entropy std": 0.0, "cluster free entropy mean": 0.34556806087493896, "cluster free entropy std": 0.0, "complexity mean": -4.76837158203125e-07, "complexity std": 0.0, "density mean": 0.8223579162504615, "density std": 4.724199251219098e-08, "entropy mean": 0.34556806087493896, "entropy std": 0.0, "stability": true, "stability non zero": true, "fraction hard fields": 0.0, "fraction i frozen": 0.0, "fraction j frozen": 0.0, "fraction config forbidden": 0.0}