{"replicated free entropy": -0.15981841087341309, "cluster free entropy": -0.0006243586540222168, "complexity": -0.15919405221939087, "density": 0.6284604072570801, "entropy": -0.0006243586540222168, "replicated free entropy mean": -0.15946726101200756, "replicated free entropy std": 0.00030337798015072915, "cluster free entropy mean": 4.0832089214790156e-05, "cluster free entropy std": 0.0005537561179098082, "complexity mean": -0.15950809310122235, "complexity std": 0.0005398157006913065, "density mean": 0.6281345065047101, "density std": 0.0007101471630422515, "entropy mean": 4.0832089214790156e-05, "entropy std": 0.0005537561179098082, "stability": true, "stability non zero": true, "fraction hard fields": 0.7508286833763123, "fraction i frozen": 1.0, "fraction j frozen": 0.7508286833763123, "fraction config forbidden": 1.0}