Messages,Free entropy density,density,entropy density,stability,physical
"[[0.26111779489226683, 0.26111779489226683], [0.23512335628944186, 0.24264105392602453]]",0.6276104910462497,0.4813729543843432,0.6276104910462497,True,True
