{"Messages": [[0.26111779489226683, 0.26111779489226683], [0.23512335628944186, 0.24264105392602453]], "Free entropy density": 0.6276104910462497, "density": 0.4813729543843432, "entropy density": 0.6276104910462497, "stability": true, "physical": true}