{"replicated free entropy": 0.3414674997329712, "cluster free entropy": 0.34146595001220703, "complexity": 1.5497207641601562e-06, "density": 0.17020897567272186, "entropy": 0.34146595001220703, "replicated free entropy mean": 0.3414674997329712, "replicated free entropy std": 0.0, "cluster free entropy mean": 0.34146595001220703, "cluster free entropy std": 0.0, "complexity mean": 1.5497207641601562e-06, "complexity std": 0.0, "density mean": 0.17020897567272186, "density std": 0.0, "entropy mean": 0.34146595001220703, "entropy std": 0.0, "stability": true, "stability non zero": true, "fraction hard fields": 0.0, "fraction i frozen": 0.0, "fraction j frozen": 0.0, "fraction config forbidden": 0.0}