{"replicated free entropy": -0.3266258239746094, "cluster free entropy": 0.0, "complexity": -0.3266258239746094, "density": 0.33475765585899353, "entropy": 0.0, "replicated free entropy mean": -0.3269651982842422, "replicated free entropy std": 0.00033876381240965524, "cluster free entropy mean": 0.0, "cluster free entropy std": 0.0, "complexity mean": -0.3269651982842422, "complexity std": 0.00033876381240965524, "density mean": 0.33330713030768605, "density std": 0.0017249635279999256, "entropy mean": 0.0, "entropy std": 0.0, "stability": true, "stability non zero": true, "fraction hard fields": 1.0, "fraction i frozen": 1.0, "fraction j frozen": 1.0, "fraction config forbidden": 1.0}