{"Messages": [[1.3466022674911505e-12, 0.9999999999986533], [2.5684257331779465e-24, 4.366323746402511e-23]], "Free entropy density": -82.25684268279096, "density": 0, "entropy density": -82.25684268279096, "stability": true, "physical": false, "stability AT": false, "linear stability": true, "non linear stability": true, "eta": [0.0, 4.33229639706381e-15, 4.33229639706381e-15, 0.0, 0.9999999446949266, 0.0, 0.0, 0.0, 4.33229639706381e-15, 0.0, 0.0, 0.0, 5.5305060351763e-08, 0.0, 0.0, 0.0], "phi_SP": -50.38773701994404, "stability SP": true, "phi_SP_noisy": null}