Messages,Free entropy density,density,entropy density,stability,physical
"[[0.3411370234882992, 0.3411370234882992], [0.19222149693546323, 0.1255044560879382]]",0.5243483245865024,0.30890011474875123,0.5243483245865024,False,True
