{"Messages": [[0.3411370234882992, 0.3411370234882992], [0.19222149693546323, 0.1255044560879382]], "Free entropy density": 0.5243483245865024, "density": 0.30890011474875123, "entropy density": 0.5243483245865024, "stability": false, "physical": true}