Messages,Free entropy density,density,entropy density,stability,physical
"[[0.0, 0.24952826327061636], [0.41299750324830486, 0.33747423348107886]]",0.1892759603688665,0.6779524767602647,0.1892759603688665,True,True
"[[0.2008045574278834, 0.21987512709233112], [0.309444101798586, 0.26987621368119946]]",0.21485137631824158,0.565221300640297,0.21485137631824158,True,True
