{"Messages": [[0.2008045574278834, 0.21987512709233112], [0.309444101798586, 0.26987621368119946]], "Free entropy density": 0.21485137631824158, "density": 0.565221300640297, "entropy density": 0.21485137631824158, "stability": true, "physical": true, "stability AT": true, "linear stability": true, "non linear stability": true, "eta": [0.0, 0.06485571203370256, 0.037872631757175965, 0.20336800736452504, 0.18330675314921616, 0.003247612969817639, 0.05121255332213809, 0.11133981480561567, 0.34479691459780887, 0.0, 0.0, 0.0, 0.0, 0.0, 0.0, 0.0], "phi_SP": 0.17324177729346069, "stability SP": false, "phi_SP_noisy": 2.2204460492503128e-16}