{"replicated free entropy": 0.44476747512817383, "cluster free entropy": 0.4447667598724365, "complexity": 7.152557373046875e-07, "density": 0.5106539130210876, "entropy": 0.4447667598724365, "replicated free entropy mean": 0.44476747512817383, "replicated free entropy std": 0.0, "cluster free entropy mean": 0.4447667598724365, "cluster free entropy std": 0.0, "complexity mean": 7.152557373046875e-07, "complexity std": 0.0, "density mean": 0.5106539130210876, "density std": 0.0, "entropy mean": 0.4447667598724365, "entropy std": 0.0}