{"replicated free entropy": 0.15933799743652344, "cluster free entropy": 0.0019164085388183594, "complexity": 0.15742158889770508, "density": 0.50749671459198, "entropy": 0.0019164085388183594, "replicated free entropy mean": 0.15958005626027177, "replicated free entropy std": 0.0006225944793769458, "cluster free entropy mean": 0.0011549737395309821, "cluster free entropy std": 0.0008295728410491527, "complexity mean": 0.15842508252074078, "complexity std": 0.0009730290956749152, "density mean": 0.507807376908093, "density std": 0.0015354371043600826, "entropy mean": 0.0011549737395309821, "entropy std": 0.0008295728410491527}