{"replicated free entropy": 0.2774186134338379, "cluster free entropy": 0.2774195671081543, "complexity": -9.5367431640625e-07, "density": 0.23876714706420898, "entropy": 0.2774195671081543, "replicated free entropy mean": 0.2774186134338379, "replicated free entropy std": 0.0, "cluster free entropy mean": 0.2774195671081543, "cluster free entropy std": 0.0, "complexity mean": -9.5367431640625e-07, "complexity std": 0.0, "density mean": 0.23876714706420898, "density std": 0.0, "entropy mean": 0.2774195671081543, "entropy std": 0.0}