Messages,Free entropy density,density,entropy density,stability,physical
"[[0.20710678118606524, 0.292893218812965], [0.29289321881394004, 0.20710678118702983]]",-0.2027325540540823,0.4999999999994998,-0.2027325540540823,True,True
