{"Messages": [[0.20710678118606524, 0.292893218812965], [0.29289321881394004, 0.20710678118702983]], "Free entropy density": -0.2027325540540823, "density": 0.4999999999994998, "entropy density": -0.2027325540540823, "stability": true, "physical": true, "stability AT": true, "linear stability": false, "non linear stability": false, "eta": [0.0, 0.2071067871637805, 0.2928932128362195, 0.0, 0.2928932128362195, 0.0, 0.0, 0.0, 0.2071067871637805, 0.0, 0.0, 0.0, 0.0, 0.0, 0.0, 0.0], "phi_SP": -0.20273255405408408, "stability SP": true, "phi_SP_noisy": null}