{"replicated free entropy": 0.415363073348999, "cluster free entropy": 0.415363073348999, "complexity": 0.0, "density": 0.6254826188087463, "entropy": 0.415363073348999, "replicated free entropy mean": 0.4153630907942609, "replicated free entropy std": 8.141122213224085e-08, "cluster free entropy mean": 0.41536310823952277, "cluster free entropy std": 1.8662716162938852e-07, "complexity mean": -1.7445261885480182e-08, "complexity std": 1.1033352387248178e-07, "density mean": 0.6254826188087463, "density std": 2.6328927534782063e-08, "entropy mean": 0.41536310823952277, "entropy std": 1.8662716162938852e-07, "stability": true, "stability non zero": true, "fraction hard fields": 0.0, "fraction i frozen": 0.0, "fraction j frozen": 0.0, "fraction config forbidden": 0.0}