{"Messages": [[0.24257704776719974, 0.33136640962502595], [0.22604582283939076, 0.20001071976838336]], "Free entropy density": 0.28445928028610856, "density": 0.4621176568405272, "entropy density": 0.28445928028610856, "stability": true, "physical": true, "stability AT": true, "linear stability": true, "non linear stability": true, "eta": [0.0, 0.3915773465275797, 0.17820285545976305, 0.0, 2.0176717669640932e-10, 0.0, 0.05377748055305964, 0.0, 1.3349918974505773e-11, 0.0, 0.0, 0.0, 0.21510986252063624, 0.0, 0.16133245472384442, 0.0], "phi_SP": 0.2045757755688048, "stability SP": false, "phi_SP_noisy": 1.110223024625156e-16}