{"Messages": [[0.0, 0.2134155338223615], [0.4361440564144887, 0.35044040976314983]], "Free entropy density": 0.22968264486411583, "density": 0.6987396040529967, "entropy density": 0.22968264486411583, "stability": true, "physical": true, "stability AT": true, "linear stability": false, "non linear stability": false, "eta": [0.0, 6.331100765619816e-12, 9.456930739002102e-12, 2.6096719569129353e-08, 6.97050699462556e-10, 4.524607774822086e-13, 8.186516272453973e-11, 0.9999999731077484, 3.75766813243816e-13, 0.0, 0.0, 0.0, 0.0, 0.0, 0.0, 0.0], "phi_SP": -5.6464770329547495e-25, "stability SP": true, "phi_SP_noisy": null}