{"Messages": [[0.42792219902334827, 0.2794429912393965], [0.16361439160736654, 0.12902041812988885]], "Free entropy density": 0.3258880792379224, "density": 0.2141689302706725, "entropy density": 0.3258880792379224, "stability": false, "physical": true}