{"Messages": [[0.20435463013821303, 0.279153616149772], [0.19042819980628775, 0.3260635539057273]], "Free entropy density": 0.10158630792724122, "density": 0.6268823078172832, "entropy density": 0.10158630792724122, "stability": true, "physical": true, "stability AT": true, "linear stability": false, "non linear stability": true, "eta": [0.0, 0.4098101650573618, 0.2393380214809644, 0.0, 0.09401046889873904, 0.0, 0.0, 0.0, 6.365737426045307e-11, 0.0, 0.0, 0.0, 0.2568413444992775, 0.0, 0.0, 0.0], "phi_SP": 0.10158630792724432, "stability SP": false, "phi_SP_noisy": -4.930380657631324e-32}