{"Messages": [[0.24251393576647934, 0.24251393576647934], [0.19839472769718616, 0.3165774007698551]], "Free entropy density": 0.4615949376188113, "density": 0.5811095387997873, "entropy density": 0.4615949376188113, "stability": true, "physical": true, "stability AT": true, "linear stability": true, "non linear stability": true, "eta": [0.0, 5.694752985212728e-10, 4.987547339730337e-11, 2.4953478650940438e-08, 1.0679935179604618e-11, 0.0, 0.0, 0.0, 1.0679935179604618e-11, 0.0, 0.0, 0.0, 2.893511373549242e-09, 1.1030445968162995e-09, 3.6128269425134186e-10, 0.999999970047972], "phi_SP": -1.1102230246251565e-16, "stability SP": true, "phi_SP_noisy": null}