{"replicated free entropy": 0.5153744220733643, "cluster free entropy": 0.5153748989105225, "complexity": -4.76837158203125e-07, "density": 0.5948513150215149, "entropy": 0.5153748989105225, "replicated free entropy mean": 0.5153744453337135, "replicated free entropy std": 1.4711136516330904e-07, "cluster free entropy mean": 0.5153749163557844, "cluster free entropy std": 1.1033352387248178e-07, "complexity mean": -4.7102207090796493e-07, "complexity std": 3.677784129082725e-08, "density mean": 0.5948513339205486, "density std": 8.371504370112517e-08, "entropy mean": 0.5153749163557844, "entropy std": 1.1033352387248178e-07, "stability": true, "stability non zero": true, "fraction hard fields": 0.0, "fraction i frozen": 0.0, "fraction j frozen": 0.0, "fraction config forbidden": 0.0}