Messages,Free entropy density,density,entropy density,stability,physical
"[[0.3409876187734854, 0.44135850260781867], [0.21765387861557692, 3.119158117746517e-12]]",0.24751557275582803,0.31149026187678625,0.24751557275582803,True,True
