{"Messages": [[0.3409876187734854, 0.44135850260781867], [0.21765387861557692, 3.119158117746517e-12]], "Free entropy density": 0.24751557275582803, "density": 0.31149026187678625, "entropy density": 0.24751557275582803, "stability": true, "physical": true, "stability AT": true, "linear stability": false, "non linear stability": true, "eta": [0.0, 1.7917957937422558e-12, 7.474603486418256e-10, 0.0, 9.927611246230096e-12, 0.0, 1.3824660820393339e-10, 0.0, 1.7917957937422558e-12, 0.0, 0.0, 0.0, 2.8150723520669627e-08, 0.0, 0.9999999709500583, 0.0], "phi_SP": -1.2841494333745587e-23, "stability SP": true, "phi_SP_noisy": null}