{"Messages": [[0.44617201080435404, 0.3185045475082636], [0.07785364010010377, 0.15746980158727852]], "Free entropy density": 0.10697633222467129, "density": 0.181355719801192, "entropy density": 0.10697633222467129, "stability": false, "physical": true}