{"replicated free entropy": 0.20515704154968262, "cluster free entropy": -0.0013180971145629883, "complexity": 0.2064751386642456, "density": 0.47593915462493896, "entropy": -0.0013180971145629883, "replicated free entropy mean": 0.20515704154968262, "replicated free entropy std": 0.0, "cluster free entropy mean": -0.0013180971145629883, "cluster free entropy std": 0.0, "complexity mean": 0.2064751386642456, "complexity std": 0.0, "density mean": 0.47593915462493896, "density std": 0.0, "entropy mean": -0.0013180971145629883, "entropy std": 0.0}