{"Messages": [[0.2598543895621457, 0.25985786590291277], [0.26983462438742206, 0.21045312014751955]], "Free entropy density": 0.12620373517138628, "density": 0.4539107465108527, "entropy density": 0.12620373517138628, "stability": false, "physical": true}