{"Messages": [[0.24999999999885325, 0.24999999999885325], [0.24999999999885325, 0.25000000000344025]], "Free entropy density": -Infinity, "density": 0, "entropy density": -Infinity, "stability": true, "physical": true, "stability AT": true, "linear stability": true, "non linear stability": true, "eta": [0.06249999473438542, 0.06250001579684375, 0.06250001579684375, 0.06249999473438542, 0.06250001579684375, 0.06249999473438542, 0.06249999473438542, 0.06249999473438542, 0.06250001579684375, 0.06249999473438542, 0.06249999473438542, 0.06249999473438542, 0.06249999473438542, 0.06249999473438542, 0.06249999473438542, 0.06249999473438542], "phi_SP": -Infinity, "stability SP": true, "phi_SP_noisy": null}