Messages,Free entropy density,density,entropy density,stability,physical
"[[0.11377058619833919, 0.22325793565353227], [0.35466416024389275, 0.30830731790423577]]",0.38672464694084185,0.6541326696490511,0.38672464694084185,True,True
