{"Messages": [[0.11377058619833919, 0.22325793565353227], [0.35466416024389275, 0.30830731790423577]], "Free entropy density": 0.38672464694084185, "density": 0.6541326696490511, "entropy density": 0.38672464694084185, "stability": true, "physical": true, "stability AT": true, "linear stability": false, "non linear stability": false, "eta": [0.0, 8.720035564574924e-12, 1.0365848045766383e-11, 4.866249725938221e-09, 9.038980888291342e-11, 5.78396140317083e-13, 0.0, 2.77158362669386e-08, 9.17399446396035e-13, 0.0, 0.0, 0.0, 7.609214093116687e-10, 1.031042969385895e-13, 3.468349080400846e-11, 0.9999999665112345], "phi_SP": -1.110223024625157e-16, "stability SP": true, "phi_SP_noisy": null}