{"replicated free entropy": -0.08617687225341797, "cluster free entropy": 0.00021016597747802734, "complexity": -0.086387038230896, "density": 0.5492337942123413, "entropy": 0.00021016597747802734, "replicated free entropy mean": -0.08646228836803901, "replicated free entropy std": 0.0002628996675244485, "cluster free entropy mean": -2.5604556246501643e-05, "cluster free entropy std": 0.0002559794059322042, "complexity mean": -0.08643668381179251, "complexity std": 0.00036047347528743857, "density mean": 0.5492789963396584, "density std": 0.0008384910663059779, "entropy mean": -2.5604556246501643e-05, "entropy std": 0.0002559794059322042, "stability": true, "stability non zero": true, "fraction hard fields": 0.8660815954208374, "fraction i frozen": 1.0, "fraction j frozen": 0.8660815954208374, "fraction config forbidden": 1.0}