{"replicated free entropy": 0.5236001014709473, "cluster free entropy": 0.523601770401001, "complexity": -1.6689300537109375e-06, "density": 0.6023685336112976, "entropy": 0.523601770401001, "replicated free entropy mean": 0.5236001014709473, "replicated free entropy std": 0.0, "cluster free entropy mean": 0.523601770401001, "cluster free entropy std": 0.0, "complexity mean": -1.6689300537109375e-06, "complexity std": 0.0, "density mean": 0.6023685336112976, "density std": 0.0, "entropy mean": 0.523601770401001, "entropy std": 0.0}