{"replicated free entropy": 0.40214014053344727, "cluster free entropy": 0.40214061737060547, "complexity": -4.76837158203125e-07, "density": 0.3478662371635437, "entropy": 0.40214061737060547, "replicated free entropy mean": 0.40214014053344727, "replicated free entropy std": 0.0, "cluster free entropy mean": 0.40214061737060547, "cluster free entropy std": 0.0, "complexity mean": -4.76837158203125e-07, "complexity std": 0.0, "density mean": 0.3478662371635437, "density std": 0.0, "entropy mean": 0.40214061737060547, "entropy std": 0.0}