{"Free entropy density": 0.19552868387237687, "density": 0.40471829651201785, "entropy density": 0.19552868387237687, "stability": true, "stability non zero": true, "fraction hard fields": 0.0, "fraction i frozen": 0.0, "fraction config forbidden": 0.0, "fraction found": 1.0}