{"replicated free entropy": 0.4116055965423584, "cluster free entropy": 0.2688189744949341, "complexity": 0.14278662204742432, "density": 0.2977810502052307, "entropy": 0.2688189744949341, "replicated free entropy mean": 0.4115329719171291, "replicated free entropy std": 0.00023486181927595182, "cluster free entropy mean": 0.2675165577632625, "cluster free entropy std": 0.0011064303790736367, "complexity mean": 0.14401641415386665, "complexity std": 0.001145166202614364, "density mean": 0.29889023303985596, "density std": 0.0006647865532234877, "entropy mean": 0.2675165577632625, "entropy std": 0.0011064303790736367}