Messages,Free entropy density,density,entropy density,stability,physical
"[[0.1355706186056772, 0.16728769618166198], [0.2755366291993602, 0.42160505601330056]]",0.3285074530277581,0.7763813483883834,0.3285074530277581,False,True
"[[0.9999999999999998, 7.613990793286666e-18], [5.318337197905943e-20, 8.151962983251382e-20]]",-1.9721522630525295e-31,1.4394916366582192e-70,-1.9721522630525295e-31,False,True
