{"Messages": [[0.1355706186056772, 0.16728769618166198], [0.2755366291993602, 0.42160505601330056]], "Free entropy density": 0.3285074530277581, "density": 0.7763813483883834, "entropy density": 0.3285074530277581, "stability": false, "physical": true}