{"replicated free entropy": 0.17255878448486328, "cluster free entropy": 0.029188156127929688, "complexity": 0.1433706283569336, "density": 0.48599159717559814, "entropy": 0.029188156127929688, "replicated free entropy mean": 0.17271407639108052, "replicated free entropy std": 0.0005560494629865897, "cluster free entropy mean": 0.029798068651338903, "cluster free entropy std": 0.0009583118166033074, "complexity mean": 0.14291600773974164, "complexity std": 0.0008647910295952637, "density mean": 0.48562816730359704, "density std": 0.0011168643833789022, "entropy mean": 0.029798068651338903, "entropy std": 0.0009583118166033074}