{"replicated free entropy": 0.29833364486694336, "cluster free entropy": 0.29833006858825684, "complexity": 3.5762786865234375e-06, "density": 0.4385025203227997, "entropy": 0.29833006858825684, "replicated free entropy mean": 0.29833364486694336, "replicated free entropy std": 0.0, "cluster free entropy mean": 0.2983301092938679, "cluster free entropy std": 2.2280209309494218e-07, "complexity mean": 3.5355730754573172e-06, "complexity std": 2.228020930949422e-07, "density mean": 0.43850251160016873, "density std": 5.066347876184342e-08, "entropy mean": 0.2983301092938679, "entropy std": 2.2280209309494218e-07, "stability": true, "stability non zero": true, "fraction hard fields": 0.0, "fraction i frozen": 0.0, "fraction j frozen": 0.0, "fraction config forbidden": 0.0}