{"Messages": [[0.36989524104675287, 0.3123474319425423], [0.14828343666414912, 0.1694738903465557]], "Free entropy density": 0.3526319894389798, "density": 0.2906444098020029, "entropy density": 0.3526319894389798, "stability": false, "physical": true}