{"replicated free entropy": 0.21906530857086182, "cluster free entropy": 0.21906495094299316, "complexity": 3.5762786865234375e-07, "density": 0.45189806818962097, "entropy": 0.21906495094299316, "replicated free entropy mean": 0.21906530857086182, "replicated free entropy std": 0.0, "cluster free entropy mean": 0.21906495094299316, "cluster free entropy std": 0.0, "complexity mean": 3.5762786865234375e-07, "complexity std": 0.0, "density mean": 0.45189806818962097, "density std": 0.0, "entropy mean": 0.21906495094299316, "entropy std": 0.0, "stability": true, "stability non zero": true, "fraction hard fields": 0.0, "fraction i frozen": 0.0, "fraction j frozen": 0.0, "fraction config forbidden": 0.0}