{"replicated free entropy": 0.5972018241882324, "cluster free entropy": 0.5972011089324951, "complexity": 7.152557373046875e-07, "density": 0.5284996628761292, "entropy": 0.5972011089324951, "replicated free entropy mean": 0.5972018241882324, "replicated free entropy std": 0.0, "cluster free entropy mean": 0.5972011089324951, "cluster free entropy std": 0.0, "complexity mean": 7.152557373046875e-07, "complexity std": 0.0, "density mean": 0.5284996570610418, "density std": 2.567873020383744e-08, "entropy mean": 0.5972011089324951, "entropy std": 0.0, "stability": true, "stability non zero": true, "fraction hard fields": 0.0, "fraction i frozen": 0.0, "fraction j frozen": 0.0, "fraction config forbidden": 0.0}