Messages,Free entropy density,density,entropy density,stability,physical
"[[0.2968928693495135, 0.3592881543432098], [0.19212889990037127, 0.1516900764069054]]",0.20446533217330787,0.3693184214170556,0.20446533217330787,True,True
