{"Messages": [[0.2968928693495135, 0.3592881543432098], [0.19212889990037127, 0.1516900764069054]], "Free entropy density": 0.20446533217330787, "density": 0.3693184214170556, "entropy density": 0.20446533217330787, "stability": true, "physical": true, "stability AT": true, "linear stability": false, "non linear stability": true, "eta": [0.0, 1.954729670138362e-12, 1.5463320243175826e-10, 7.371828791257648e-10, 1.3229092701823475e-12, 8.972609047692096e-12, 0.0, 8.848531550033232e-12, 2.1582044730020304e-12, 0.0, 4.8843687571182156e-14, 3.647548851115966e-15, 6.2417940765341444e-09, 7.442393297484326e-11, 2.6271793787413205e-08, 0.9999999664968628], "phi_SP": -2.220446049250313e-16, "stability SP": true, "phi_SP_noisy": null}