Messages,Free entropy density,density,entropy density,stability,physical
"[[0.2742349962612503, 0.3353606140236231], [0.20943870521234892, 0.18096568450277747]]",0.3061151689460724,0.41455031993228175,0.3061151689460724,True,True
"[[0.34098761877454886, 0.4413585026091953], [0.21765387861625585, 0.0]]",0.24751557275582847,0.3114902618767862,0.24751557275582847,False,True
