{"Messages": [[0.2742349962612503, 0.3353606140236231], [0.20943870521234892, 0.18096568450277747]], "Free entropy density": 0.3061151689460724, "density": 0.41455031993228175, "entropy density": 0.3061151689460724, "stability": true, "physical": true, "stability AT": true, "linear stability": false, "non linear stability": true, "eta": [0.0, 0.3155832356582894, 0.20986868602788833, 0.0, 1.5361433682407787e-09, 0.0, 0.04686896981943354, 0.0, 1.2433080910244737e-10, 0.0, 0.0, 0.0, 0.31636539359294663, 0.0, 0.1113137132409679, 0.0], "phi_SP": 0.25414039860962645, "stability SP": false, "phi_SP_noisy": 1.1102230246251556e-16}