{"replicated free entropy": 0.41329360008239746, "cluster free entropy": 0.413297176361084, "complexity": -3.5762786865234375e-06, "density": 0.6369285583496094, "entropy": 0.413297176361084, "replicated free entropy mean": 0.41329360008239746, "replicated free entropy std": 0.0, "cluster free entropy mean": 0.413297176361084, "cluster free entropy std": 0.0, "complexity mean": -3.5762786865234375e-06, "complexity std": 0.0, "density mean": 0.6369285583496094, "density std": 0.0, "entropy mean": 0.413297176361084, "entropy std": 0.0}