{"replicated free entropy": 0.18883013725280762, "cluster free entropy": 0.00020182132720947266, "complexity": 0.18862831592559814, "density": 0.5665373802185059, "entropy": 0.00020182132720947266, "replicated free entropy mean": 0.18919066685002026, "replicated free entropy std": 0.00022517604604736983, "cluster free entropy mean": -9.06208666359506e-05, "cluster free entropy std": 0.00044828283005068567, "complexity mean": 0.1892812877166562, "complexity std": 0.00047143442004892757, "density mean": 0.5672762306725107, "density std": 0.0006426328432147391, "entropy mean": -9.06208666359506e-05, "entropy std": 0.00044828283005068567, "stability": true, "stability non zero": true, "fraction hard fields": 0.6213136911392212, "fraction i frozen": 1.0, "fraction j frozen": 0.6213136911392212, "fraction config forbidden": 1.0}