{"replicated free entropy": 0.22913861274719238, "cluster free entropy": 0.22913765907287598, "complexity": 9.5367431640625e-07, "density": 0.5593642592430115, "entropy": 0.22913765907287598, "replicated free entropy mean": 0.22913861274719238, "replicated free entropy std": 0.0, "cluster free entropy mean": 0.22913765907287598, "cluster free entropy std": 0.0, "complexity mean": 9.5367431640625e-07, "complexity std": 0.0, "density mean": 0.5593642592430115, "density std": 0.0, "entropy mean": 0.22913765907287598, "entropy std": 0.0}