{"Messages": [[0.13247769934066916, 0.27372319954513197], [0.33184676082134645, 0.2619523402928525]], "Free entropy density": 0.09115035645568526, "density": 0.5953351430290513, "entropy density": 0.09115035645568526, "stability": false, "physical": true}