{"Messages": [[0.0, 0.10810300569344308], [0.3652116077351627, 0.5266853865713942]], "Free entropy density": 0.23465390813858478, "density": 0.8892113447633465, "entropy density": 0.23465390813858478, "stability": false, "physical": true}