{"Messages": [[0.37012897695407265, 0.2933907385671387], [0.16793321913936005, 0.16854706533942856]], "Free entropy density": 0.43570547362547485, "density": 0.2942982602947656, "entropy density": 0.43570547362547485, "stability": false, "physical": true}