{"Messages": [[0.3967862931667169, 0.28756883101107394], [0.08917568442762444, 0.22646919139458468]], "Free entropy density": 0.12036029386098002, "density": 0.29587585476794326, "entropy density": 0.12036029386098002, "stability": true, "physical": true, "stability AT": true, "linear stability": true, "non linear stability": true, "eta": [0.0, 0.31183026650515955, 0.12278792439962241, 0.0, 0.019038392100620593, 0.0, 0.0, 0.0, 0.16942223332040207, 0.0, 0.0, 0.0, 0.37692118367419547, 0.0, 0.0, 0.0], "phi_SP": 0.12036029386097402, "stability SP": false, "phi_SP_noisy": -5.551115123125793e-17}