{"Messages": [[0.30678262829746616, 0.2524963240699249], [0.24435288097346777, 0.19636816665914103]], "Free entropy density": 0.06489222654075366, "density": 0.3915245959866797, "entropy density": 0.06489222654075366, "stability": false, "physical": true}