{"replicated free entropy": 0.4040107727050781, "cluster free entropy": 0.40401363372802734, "complexity": -2.86102294921875e-06, "density": 0.5629562139511108, "entropy": 0.40401363372802734, "replicated free entropy mean": 0.4040107727050781, "replicated free entropy std": 0.0, "cluster free entropy mean": 0.40401363372802734, "cluster free entropy std": 0.0, "complexity mean": -2.86102294921875e-06, "complexity std": 0.0, "density mean": 0.5629562168586545, "density std": 1.838892064541363e-08, "entropy mean": 0.40401363372802734, "entropy std": 0.0, "stability": true, "stability non zero": true, "fraction hard fields": 0.0, "fraction i frozen": 0.0, "fraction j frozen": 0.0, "fraction config forbidden": 0.0}