{"Messages": [[0.4602185132096559, 0.2467483037008728], [0.13271680893878837, 0.1603163741506829]], "Free entropy density": 0.265254870357289, "density": 0.19290240311269868, "entropy density": 0.265254870357289, "stability": false, "physical": true}