{"replicated free entropy": 0.1040724515914917, "cluster free entropy": 0.0027535557746887207, "complexity": 0.10131889581680298, "density": 0.3900710642337799, "entropy": 0.0027535557746887207, "replicated free entropy mean": 0.10382941583307778, "replicated free entropy std": 0.00018491189139165928, "cluster free entropy mean": 0.0025324785127872375, "cluster free entropy std": 0.00027163971691392976, "complexity mean": 0.10129693732029055, "complexity std": 0.0003171626184644777, "density mean": 0.38973719681181557, "density std": 0.0005069511132363563, "entropy mean": 0.0025324785127872375, "entropy std": 0.00027163971691392976, "stability": true, "stability non zero": true, "fraction hard fields": 0.71290522813797, "fraction i frozen": 1.0, "fraction j frozen": 0.71290522813797, "fraction config forbidden": 1.0}