Messages,Free entropy density,density,entropy density,stability,physical
"[[0.32660306391120975, 0.3074146202169663], [0.20771903965713454, 0.15826327621468947]]",0.58801431463956,0.3426883010072431,0.58801431463956,False,True
