{"Messages": [[0.32660306391120975, 0.3074146202169663], [0.20771903965713454, 0.15826327621468947]], "Free entropy density": 0.58801431463956, "density": 0.3426883010072431, "entropy density": 0.58801431463956, "stability": false, "physical": true}