{"Messages": [[0.14407866519436682, 0.2184894976592333], [0.3154645114982601, 0.32196732564813946]], "Free entropy density": 0.3006238164254693, "density": 0.6580496305301129, "entropy density": 0.3006238164254693, "stability": true, "physical": true, "stability AT": true, "linear stability": false, "non linear stability": true, "eta": [0.0, 1.4021494179282245e-10, 1.169642023197775e-10, 1.9890979203823317e-08, 1.4558894720502414e-10, 1.713363668789818e-11, 4.599051541981529e-11, 3.401551480502341e-10, 7.11400827465372e-11, 1.2422417790981108e-10, 4.158584927466339e-12, 7.102661600920034e-11, 1.2547195279039396e-08, 5.279876217156487e-11, 1.6036415774253718e-10, 0.9999999662720658], "phi_SP": 0.0, "stability SP": true, "phi_SP_noisy": null}