{"replicated free entropy": 0.2850067615509033, "cluster free entropy": 0.2850073575973511, "complexity": -5.960464477539062e-07, "density": 0.8542445302009583, "entropy": 0.2850073575973511, "replicated free entropy mean": 0.2850067615509033, "replicated free entropy std": 0.0, "cluster free entropy mean": 0.2850073575973511, "cluster free entropy std": 0.0, "complexity mean": -5.960464477539062e-07, "complexity std": 0.0, "density mean": 0.8542445302009583, "density std": 0.0, "entropy mean": 0.2850073575973511, "entropy std": 0.0}