{"Messages": [[0.19075539866372712, 0.29419099621031], [0.24602265759647385, 0.269030947529489]], "Free entropy density": 0.0238704357474, "density": 0.5709804888772666, "entropy density": 0.0238704357474, "stability": true, "physical": true, "stability AT": true, "linear stability": false, "non linear stability": true, "eta": [0.0, 0.3324470036276773, 0.3040151907763893, 0.0, 0.12781748891549868, 0.0, 0.0, 0.0, 2.1062458333711527e-08, 0.0, 0.0, 0.0, 0.23572029561797625, 0.0, 0.0, 0.0], "phi_SP": 0.023870435747400442, "stability SP": true, "phi_SP_noisy": null}