Messages,Free entropy density,density,entropy density,stability,physical
"[[0.42921618331025746, 0.3921460481635986], [0.17863776848907725, 3.7066671592263934e-11]]",0.41314905824965686,0.2159896988642872,0.41314905824965686,True,True
