{"Messages": [[0.42921618331025746, 0.3921460481635986], [0.17863776848907725, 3.7066671592263934e-11]], "Free entropy density": 0.41314905824965686, "density": 0.2159896988642872, "entropy density": 0.41314905824965686, "stability": true, "physical": true, "stability AT": true, "linear stability": true, "non linear stability": true, "eta": [0.0, 0.37600963175326363, 0.1662218528842374, 0.0, 3.465837117651048e-15, 0.0, 0.0, 0.0, 0.03248376065259451, 0.0, 0.0, 0.0, 0.2126423723785983, 0.0, 0.21264238233130273, 0.0], "phi_SP": 0.19246562468374995, "stability SP": false, "phi_SP_noisy": 5.551115123125783e-17}