{"Messages": [[0.4712014369789673, 0.33022799808296954], [0.09482991155751697, 0.10374065338054614]], "Free entropy density": 0.19182155522339128, "density": 0.14243131602479636, "entropy density": 0.19182155522339128, "stability": false, "physical": true}