Messages,Free entropy density,density,entropy density,stability,physical
"[[0.30677906867879695, 0.43509985887866043], [0.25812107243942345, 3.119158117746517e-12]]",0.26167212732405787,0.3523620087541715,0.26167212732405787,True,True
