{"Messages": [[0.30677906867879695, 0.43509985887866043], [0.25812107243942345, 3.119158117746517e-12]], "Free entropy density": 0.26167212732405787, "density": 0.3523620087541715, "entropy density": 0.26167212732405787, "stability": true, "physical": true, "stability AT": true, "linear stability": true, "non linear stability": true, "eta": [0.0, 3.4996011596528423e-12, 1.1145316003556078e-09, 0.0, 2.2694195437646046e-11, 0.0, 6.257117087975879e-10, 0.0, 3.4996011596528423e-12, 0.0, 0.0, 0.0, 2.7513915012952722e-08, 0.0, 0.9999999707161483, 0.0], "phi_SP": -1.1102232083335695e-16, "stability SP": true, "phi_SP_noisy": null}