{"Messages": [[0.3088425204176257, 0.2861092296616675], [0.2349311437989336, 0.1701171061217732]], "Free entropy density": 0.3927990956408869, "density": 0.3716087571293656, "entropy density": 0.3927990956408869, "stability": true, "physical": true, "stability AT": true, "linear stability": false, "non linear stability": true, "eta": [0.0, 1.7917957937422558e-12, 4.949795693481355e-11, 9.967268351880103e-09, 1.4765678413702584e-10, 0.0, 1.655478674557812e-11, 1.8164049760286112e-10, 1.0579825667298613e-10, 0.0, 1.7984476911408194e-10, 6.099492366616978e-11, 2.1988804110760877e-08, 0.0, 8.854278562192489e-10, 0.9999999664147199], "phi_SP": 0.0, "stability SP": true, "phi_SP_noisy": null}