{"replicated free entropy": 0.09902024269104004, "cluster free entropy": 6.103515625e-05, "complexity": 0.09895920753479004, "density": 0.15774007141590118, "entropy": 6.103515625e-05, "replicated free entropy mean": 0.09902024269104004, "replicated free entropy std": 0.0, "cluster free entropy mean": 6.103515625e-05, "cluster free entropy std": 0.0, "complexity mean": 0.09895920753479004, "complexity std": 0.0, "density mean": 0.15774007141590118, "density std": 0.0, "entropy mean": 6.103515625e-05, "entropy std": 0.0}