{"Messages": [[1.8347988927920673e-13, 0.49999999999834865], [0.49999999999834865, 3.119158117746517e-12]], "Free entropy density": -0.6931471805599452, "density": 0.5, "entropy density": -0.6931471805599452, "stability": true, "physical": true, "stability AT": false, "linear stability": false, "non linear stability": false, "eta": [0.0, 1.6849966666969222e-08, 0.49999998315003336, 0.0, 0.49999998315003336, 0.0, 0.0, 0.0, 1.6849966666969222e-08, 0.0, 0.0, 0.0, 0.0, 0.0, 0.0, 0.0], "phi_SP": -0.6931471805599474, "stability SP": true, "phi_SP_noisy": null}