Messages,Free entropy density,density,entropy density,stability,physical
"[[0.2943485798101099, 0.27001308279657327], [0.22721161698030937, 0.20842672041300753]]",0.6454226808689403,0.41455242594737146,0.6454226808689403,True,True
