{"Messages": [[0.2943485798101099, 0.27001308279657327], [0.22721161698030937, 0.20842672041300753]], "Free entropy density": 0.6454226808689403, "density": 0.41455242594737146, "entropy density": 0.6454226808689403, "stability": true, "physical": true}