{"Messages": [[0.999999999996982, 4.8098152095208395e-14], [2.3983027179468627e-12, 5.716415554465475e-13]], "Free entropy density": -1.366302039132999e-23, "density": 4.72629582737262e-38, "entropy density": -1.366302039132999e-23, "stability": true, "physical": true, "stability AT": true, "linear stability": true, "non linear stability": true, "eta": [0.0, 7.2457263864230425e-09, 1.8178159455728548e-08, 0.0, 7.410693711188273e-10, 0.0, 0.0, 0.0, 0.9999999738350448, 0.0, 0.0, 0.0, 0.0, 0.0, 0.0, 0.0], "phi_SP": -1.9424004698224945e-16, "stability SP": true, "phi_SP_noisy": null}