Messages,Free entropy density,density,entropy density,stability,physical
"[[0.191827657935235, 0.2502922354420667], [0.2986072518467341, 0.25927285477596435]]",0.5584307655269605,0.5600093745475155,0.5584307655269605,False,True
"[[0.9999999999999998, 6.560542115520529e-17], [4.895067672016017e-19, 5.057065628229078e-19]]",-1.9721522630525295e-31,1.9102854157868134e-65,-1.9721522630525295e-31,False,True
