{"Messages": [[0.191827657935235, 0.2502922354420667], [0.2986072518467341, 0.25927285477596435]], "Free entropy density": 0.5584307655269605, "density": 0.5600093745475155, "entropy density": 0.5584307655269605, "stability": false, "physical": true}