{"replicated free entropy": 0.13052618503570557, "cluster free entropy": 0.025980830192565918, "complexity": 0.10454535484313965, "density": 0.5743386149406433, "entropy": 0.025980830192565918, "replicated free entropy mean": 0.1303571375404916, "replicated free entropy std": 0.00016313427379766762, "cluster free entropy mean": 0.025933837018361907, "cluster free entropy std": 0.0001831445881527381, "complexity mean": 0.10442330052212971, "complexity std": 0.00018741608944186972, "density mean": 0.5741313972124239, "density std": 0.00032968605186648397, "entropy mean": 0.025933837018361907, "entropy std": 0.0001831445881527381, "stability": false, "stability non zero": true, "fraction hard fields": 0.5767146944999695, "fraction i frozen": 0.895851731300354, "fraction j frozen": 0.6667485237121582, "fraction config forbidden": 1.0}