{"Free entropy density": 0.29833349584272745, "density": 0.43850206937339886, "entropy density": 0.29833349584272745, "stability": true, "stability non zero": true, "fraction hard fields": 0.0, "fraction i frozen": 0.0, "fraction config forbidden": 0.0, "fraction found": 1.0}