{"Messages": [[0.3459092345444564, 0.26675030263001726], [0.17161629242856294, 0.21572417039696332]], "Free entropy density": 0.4041175775588344, "density": 0.3581629745935437, "entropy density": 0.4041175775588344, "stability": true, "physical": true}