{"replicated free entropy": 0.1160421371459961, "cluster free entropy": 0.11603903770446777, "complexity": 3.0994415283203125e-06, "density": 0.735387921333313, "entropy": 0.11603903770446777, "replicated free entropy mean": 0.11604218948178174, "replicated free entropy std": 1.935646822056333e-07, "cluster free entropy mean": 0.1160392528626977, "cluster free entropy std": 2.6749401557736283e-07, "complexity mean": 2.9366190840558306e-06, "complexity std": 1.228071543178493e-07, "density mean": 0.7353879242408566, "density std": 1.283936510191872e-08, "entropy mean": 0.1160392528626977, "entropy std": 2.6749401557736283e-07, "stability": true, "stability non zero": true, "fraction hard fields": 0.0, "fraction i frozen": 0.0, "fraction j frozen": 0.0, "fraction config forbidden": 1.0}