{"replicated free entropy": 0.5055818557739258, "cluster free entropy": 0.5055794715881348, "complexity": 2.384185791015625e-06, "density": 0.7221371531486511, "entropy": 0.5055794715881348, "replicated free entropy mean": 0.5055818557739258, "replicated free entropy std": 0.0, "cluster free entropy mean": 0.5055794715881348, "cluster free entropy std": 0.0, "complexity mean": 2.384185791015625e-06, "complexity std": 0.0, "density mean": 0.7221371531486511, "density std": 0.0, "entropy mean": 0.5055794715881348, "entropy std": 0.0}