{"replicated free entropy": 0.5937225818634033, "cluster free entropy": 0.5937209129333496, "complexity": 1.6689300537109375e-06, "density": 0.6472399830818176, "entropy": 0.5937209129333496, "replicated free entropy mean": 0.5937225818634033, "replicated free entropy std": 0.0, "cluster free entropy mean": 0.5937209129333496, "cluster free entropy std": 0.0, "complexity mean": 1.6689300537109375e-06, "complexity std": 0.0, "density mean": 0.6472399830818176, "density std": 0.0, "entropy mean": 0.5937209129333496, "entropy std": 0.0}