{"replicated free entropy": 0.2937920093536377, "cluster free entropy": 0.293790340423584, "complexity": 1.6689300537109375e-06, "density": 0.1435534954071045, "entropy": 0.293790340423584, "replicated free entropy mean": 0.2937920093536377, "replicated free entropy std": 0.0, "cluster free entropy mean": 0.293790340423584, "cluster free entropy std": 0.0, "complexity mean": 1.6689300537109375e-06, "complexity std": 0.0, "density mean": 0.1435534954071045, "density std": 0.0, "entropy mean": 0.293790340423584, "entropy std": 0.0, "stability": true, "stability non zero": true, "fraction hard fields": 0.0, "fraction i frozen": 0.0, "fraction j frozen": 0.0, "fraction config forbidden": 1.0}