{"replicated free entropy": 0.05223846435546875, "cluster free entropy": 0.000917971134185791, "complexity": 0.05132049322128296, "density": 0.5912584066390991, "entropy": 0.000917971134185791, "replicated free entropy mean": 0.052263422710139576, "replicated free entropy std": 0.00015415080890481523, "cluster free entropy mean": 0.0009541874978600479, "cluster free entropy std": 0.0004269216837172266, "complexity mean": 0.05130923521227953, "complexity std": 0.00046653711163673897, "density mean": 0.5906746678236054, "density std": 0.0005812466861447356, "entropy mean": 0.0009541874978600479, "entropy std": 0.0004269216837172266, "stability": false, "stability non zero": true, "fraction hard fields": 0.6707227230072021, "fraction i frozen": 1.0, "fraction j frozen": 0.6707227230072021, "fraction config forbidden": 1.0}