{"Messages": [[0.9999999999974399, 2.4626253872746702e-14], [2.140299272085269e-12, 3.9512051259944553e-13]], "Free entropy density": -9.830847709736667e-24, "density": 1.2267768454405533e-38, "entropy density": -9.830847709736667e-24, "stability": true, "physical": true, "stability AT": true, "linear stability": true, "non linear stability": true, "eta": [0.0, 4.742843975160496e-10, 2.06758603990074e-08, 6.129956658974771e-09, 4.742843975160496e-10, 0.0, 0.0, 0.0, 0.9999999722456143, 0.0, 0.0, 0.0, 0.0, 0.0, 0.0, 0.0], "phi_SP": -1.5625814995019077e-16, "stability SP": true, "phi_SP_noisy": null}