{"replicated free entropy": 0.024011850357055664, "cluster free entropy": -0.00047469139099121094, "complexity": 0.024486541748046875, "density": 0.5712051391601562, "entropy": -0.00047469139099121094, "replicated free entropy mean": 0.023820179264719892, "replicated free entropy std": 0.00027170525253450656, "cluster free entropy mean": 2.74312205430938e-05, "cluster free entropy std": 0.0005798937091606074, "complexity mean": 0.0237927480441768, "complexity std": 0.000596846158200841, "density mean": 0.5709596799641121, "density std": 0.0005381023172885942, "entropy mean": 2.74312205430938e-05, "entropy std": 0.0005798937091606074, "stability": true, "stability non zero": true, "fraction hard fields": 0.6187177896499634, "fraction i frozen": 1.0, "fraction j frozen": 0.6187177896499634, "fraction config forbidden": 1.0}