{"replicated free entropy": 0.26396822929382324, "cluster free entropy": 0.26396894454956055, "complexity": -7.152557373046875e-07, "density": 0.4131951928138733, "entropy": 0.26396894454956055, "replicated free entropy mean": 0.26396822929382324, "replicated free entropy std": 0.0, "cluster free entropy mean": 0.26396894454956055, "cluster free entropy std": 0.0, "complexity mean": -7.152557373046875e-07, "complexity std": 0.0, "density mean": 0.4131951928138733, "density std": 0.0, "entropy mean": 0.26396894454956055, "entropy std": 0.0}