{"Messages": [[0.3003063643154033, 0.2811363421228248], [0.22339011598406863, 0.19516717757770324]], "Free entropy density": 0.32382603687959177, "density": 0.39740502653101906, "entropy density": 0.32382603687959177, "stability": true, "physical": true, "stability AT": true, "linear stability": false, "non linear stability": true, "eta": [0.0, 3.039290283883165e-11, 9.340458851612904e-11, 1.1087278088780284e-08, 6.136968006873988e-11, 7.848832911150858e-11, 5.160334552005901e-13, 6.387774281799453e-12, 4.947996485859824e-11, 3.612994132779898e-17, 1.1066865628313862e-10, 1.5746230439488723e-12, 1.6464466751629288e-08, 4.8383679745761396e-11, 7.902204303093659e-10, 0.9999999711773685], "phi_SP": 0.0, "stability SP": true, "phi_SP_noisy": null}