{"Messages": [[0.9999999999999998, 3.9417008003587715e-19], [3.9182407515884825e-21, 1.23318645553713e-20]], "Free entropy density": 0.0, "density": 1.7983010689789147e-58, "entropy density": 0.0, "stability": true, "physical": true, "stability AT": true, "linear stability": true, "non linear stability": true, "eta": [0.0, 0.39119699147252474, 0.2659917929882984, 0.0, 0.16469471515663645, 0.0, 0.0, 0.0, 0.05514240536424006, 0.0, 0.0, 0.0, 0.12297409501830034, 0.0, 0.0, 0.0], "phi_SP": -0.01014118253903229, "stability SP": true, "phi_SP_noisy": null}