{"Messages": [[0.4149677499017207, 0.23111894664497026], [0.16504774990655313, 0.18886555354675588]], "Free entropy density": 0.33482317545224327, "density": 0.2597688734108432, "entropy density": 0.33482317545224327, "stability": true, "physical": true, "stability AT": true, "linear stability": false, "non linear stability": true, "eta": [0.0, 6.642976743503018e-12, 1.504275848868189e-11, 3.7617616138594607e-10, 1.1467493079950439e-12, 0.0, 0.0, 0.0, 7.614768790400194e-10, 0.0, 2.181364533667095e-11, 9.047299739904974e-09, 2.01234311482551e-08, 4.764010487113796e-10, 3.9805727805977845e-11, 0.9999999691307632], "phi_SP": 0.0, "stability SP": true, "phi_SP_noisy": null}