{"Messages": [[0.5465684073523622, 0.35555341852734135], [0.09787817411977305, 5.233078947958676e-13]], "Free entropy density": 0.22054430290562266, "density": 0.09448071579931441, "entropy density": 0.22054430290562266, "stability": false, "physical": true}