Messages,Free entropy density,density,entropy density,stability,physical
"[[0.0, 0.22133396482906426], [0.3966835058298795, 0.38198252934105636]]",-0.13103952162498889,0.7269148397535917,-0.13103952162498889,True,True
