{"Messages": [[0.0, 0.22133396482906426], [0.3966835058298795, 0.38198252934105636]], "Free entropy density": -0.13103952162498889, "density": 0.7269148397535917, "entropy density": -0.13103952162498889, "stability": true, "physical": true, "stability AT": true, "linear stability": false, "non linear stability": true, "eta": [0.0, 0.3819825167699183, 0.39668349277504444, 0.0, 0.22133395754494617, 0.0, 0.0, 0.0, 3.291009114642426e-08, 0.0, 0.0, 0.0, 0.0, 0.0, 0.0, 0.0], "phi_SP": -0.13103952162499555, "stability SP": true, "phi_SP_noisy": null}