{"Messages": [[0.2992736302821846, 0.293836974794867], [0.20227775419899832, 0.20461164072395013]], "Free entropy density": 0.19552868387237687, "density": 0.40471829651192937, "entropy density": 0.19552868387237687, "stability": true, "physical": true, "stability AT": true, "linear stability": false, "non linear stability": true, "eta": [0.0, 1.2577307606680296e-10, 1.267688347462775e-10, 1.722585526705118e-08, 6.865773035312681e-11, 7.223839650994152e-11, 6.138552730572848e-11, 2.6430733127479098e-11, 1.0060039380427629e-10, 1.5173939204391318e-10, 2.4357193530667753e-11, 2.352334995694021e-11, 1.6447959541556933e-08, 1.1736476727324639e-10, 2.541224565812708e-10, 0.9999999651732234], "phi_SP": -4.930380657631324e-32, "stability SP": true, "phi_SP_noisy": null}