{"replicated free entropy": 0.3711392879486084, "cluster free entropy": 0.3711390495300293, "complexity": 2.384185791015625e-07, "density": 0.44235679507255554, "entropy": 0.3711390495300293, "replicated free entropy mean": 0.3711392879486084, "replicated free entropy std": 0.0, "cluster free entropy mean": 0.3711390495300293, "cluster free entropy std": 0.0, "complexity mean": 2.384185791015625e-07, "complexity std": 0.0, "density mean": 0.44235679434566966, "density std": 4.597230161353407e-09, "entropy mean": 0.3711390495300293, "entropy std": 0.0}