{"Messages": [[1.4927254687254086e-12, 0.9999999999985072], [1.0520271803096871e-24, 1.788446206526469e-23]], "Free entropy density": -55.49982724178018, "density": 0, "entropy density": -55.49982724178018, "stability": true, "physical": false, "stability AT": false, "linear stability": true, "non linear stability": true, "eta": [0.0, 1.4196068833898696e-15, 1.4196068833898696e-15, 0.0, 0.999999945165925, 0.0, 0.0, 0.0, 5.483407219965871e-08, 0.0, 0.0, 0.0, 0.0, 0.0, 0.0, 0.0], "phi_SP": -34.476900310264824, "stability SP": true, "phi_SP_noisy": null}