{"Messages": [[0.43668512136036597, 0.2503277763595382], [0.1127325694729334, 0.20025453280716254]], "Free entropy density": 0.1638649025792307, "density": 0.2378600901772169, "entropy density": 0.1638649025792307, "stability": false, "physical": true}