{"replicated free entropy": 0.37462520599365234, "cluster free entropy": 0.37462663650512695, "complexity": -1.430511474609375e-06, "density": 0.45096156001091003, "entropy": 0.37462663650512695, "replicated free entropy mean": 0.37462520599365234, "replicated free entropy std": 0.0, "cluster free entropy mean": 0.37462663650512695, "cluster free entropy std": 0.0, "complexity mean": -1.430511474609375e-06, "complexity std": 0.0, "density mean": 0.45096156001091003, "density std": 0.0, "entropy mean": 0.37462663650512695, "entropy std": 0.0}