{"replicated free entropy": 0.5243368148803711, "cluster free entropy": 0.524334192276001, "complexity": 2.6226043701171875e-06, "density": 0.3833163380622864, "entropy": 0.524334192276001, "replicated free entropy mean": 0.5243368148803711, "replicated free entropy std": 0.0, "cluster free entropy mean": 0.524334192276001, "cluster free entropy std": 0.0, "complexity mean": 2.6226043701171875e-06, "complexity std": 0.0, "density mean": 0.3833163380622864, "density std": 0.0, "entropy mean": 0.524334192276001, "entropy std": 0.0}