{"Messages": [[0.24718044452736337, 0.3476359996155902], [0.2314871459513027, 0.17369640990574375]], "Free entropy density": 0.07567109972581765, "density": 0.43868780311994127, "entropy density": 0.07567109972581765, "stability": false, "physical": true}