{"Messages": [[0.21535586277060725, 0.24076229787518816], [0.2403713357518504, 0.30351050360235415]], "Free entropy density": 0.43583319642744556, "density": 0.5899547892436835, "entropy density": 0.43583319642744556, "stability": true, "physical": true, "stability AT": true, "linear stability": false, "non linear stability": true, "eta": [0.0, 2.1706496091497546e-10, 1.2005759394099138e-10, 2.026121221334683e-08, 4.908415509113245e-11, 4.5712782011117294e-11, 0.0, 2.4368784496942413e-11, 4.3745014495660525e-12, 0.0, 0.0, 0.0, 8.411674301420866e-09, 1.0074192208245674e-09, 1.2302051863023618e-10, 0.999999969736011], "phi_SP": 2.2204460492503128e-16, "stability SP": true, "phi_SP_noisy": null}