{"Messages": [[0.27067308492031306, 0.2005168730010522], [0.27731047936533865, 0.2514995627132961]], "Free entropy density": 0.2045933188843665, "density": 0.47979248010346076, "entropy density": 0.2045933188843665, "stability": false, "physical": true}