{"Messages": [[0.9999999999999808, 8.664592794127605e-16], [3.5926423447580496e-15, 1.4729807750016937e-14]], "Free entropy density": -5.553580772755923e-28, "density": 6.504957621665757e-46, "entropy density": -5.553580772755923e-28, "stability": true, "physical": true, "stability AT": true, "linear stability": true, "non linear stability": true, "eta": [0.0, 6.901746346790594e-09, 1.726465096195816e-08, 0.0, 6.901746346790594e-09, 0.0, 0.0, 0.0, 0.9999999689318564, 0.0, 0.0, 0.0, 0.0, 0.0, 0.0, 0.0], "phi_SP": -5.596659025908462e-16, "stability SP": true, "phi_SP_noisy": null}