{"fitting parameters cluster free entropy": [-143.09503463540517, 71.54752537180288, 71.54752537180289, 1.0], "fitting parameters density": [65.82620380411404, -126.1764116001353, 65.01784171465495, 1.0], "dynamical transition cluster free entropy": 0.0, "static transition cluster free entropy": 0.0, "dynamical transition density": 0.5001079905323866, "static transition density": 0.4998246547652454}