{"replicated free entropy": -0.0002396106719970703, "cluster free entropy": 0.0, "complexity": -0.0002396106719970703, "density": 0.5005846619606018, "entropy": 0.0, "replicated free entropy mean": 3.8798262433307924e-05, "replicated free entropy std": 0.00022940361789262437, "cluster free entropy mean": 0.0, "cluster free entropy std": 0.0, "complexity mean": 3.8798262433307924e-05, "complexity std": 0.00022940361789262437, "density mean": 0.5001011054690291, "density std": 0.0006335021689310204, "entropy mean": 0.0, "entropy std": 0.0, "stability": true, "stability non zero": true, "fraction hard fields": 1.0, "fraction i frozen": 1.0, "fraction j frozen": 1.0, "fraction config forbidden": 1.0}