{"replicated free entropy": 0.2963908910751343, "cluster free entropy": 0.2963888645172119, "complexity": 2.0265579223632812e-06, "density": 0.49999991059303284, "entropy": 0.2963888645172119, "replicated free entropy mean": 0.2963908910751343, "replicated free entropy std": 0.0, "cluster free entropy mean": 0.2963888645172119, "cluster free entropy std": 0.0, "complexity mean": 2.0265579223632812e-06, "complexity std": 0.0, "density mean": 0.49999991059303284, "density std": 0.0, "entropy mean": 0.2963888645172119, "entropy std": 0.0, "stability": true, "stability non zero": true, "fraction hard fields": 0.0, "fraction i frozen": 0.0, "fraction j frozen": 0.0, "fraction config forbidden": 0.0}