Messages,Free entropy density,density,entropy density,stability,physical
"[[0.3119039529682481, 0.2642486790692236], [0.20015391491132473, 0.22369345305120358]]",0.5134027984537197,0.4066680497206989,0.5134027984537197,True,True
