{"Messages": [[0.3119039529682481, 0.2642486790692236], [0.20015391491132473, 0.22369345305120358]], "Free entropy density": 0.5134027984537197, "density": 0.4066680497206989, "entropy density": 0.5134027984537197, "stability": true, "physical": true, "stability AT": true, "linear stability": true, "non linear stability": true, "eta": [0.0, 1.1910232694763708e-10, 1.5674750500719986e-10, 6.453914607314911e-09, 2.6074060497081582e-11, 0.0, 0.0, 0.0, 1.8125275446174537e-10, 0.0, 1.903224602941286e-10, 0.0, 2.2654029630402383e-08, 1.3441542183153982e-09, 0.0, 0.9999999688744025], "phi_SP": 0.0, "stability SP": true, "phi_SP_noisy": null}