{"replicated free entropy": 0.43583226203918457, "cluster free entropy": 0.4358341693878174, "complexity": -1.9073486328125e-06, "density": 0.5899547934532166, "entropy": 0.4358341693878174, "replicated free entropy mean": 0.4358323201900575, "replicated free entropy std": 2.567873020383743e-07, "cluster free entropy mean": 0.43583412286711903, "cluster free entropy std": 1.8407300380781698e-07, "complexity mean": -1.8026770614996188e-06, "complexity std": 3.8712936441126655e-07, "density mean": 0.5899547963607602, "density std": 1.838892064541363e-08, "entropy mean": 0.43583412286711903, "entropy std": 1.8407300380781698e-07, "stability": true, "stability non zero": true, "fraction hard fields": 0.0, "fraction i frozen": 0.0, "fraction j frozen": 0.0, "fraction config forbidden": 0.0}