{"replicated free entropy": 0.4439370632171631, "cluster free entropy": 0.4439375400543213, "complexity": -4.76837158203125e-07, "density": 0.30601444840431213, "entropy": 0.4439375400543213, "replicated free entropy mean": 0.4439370632171631, "replicated free entropy std": 0.0, "cluster free entropy mean": 0.44393749353362294, "cluster free entropy std": 9.448398502438198e-08, "complexity mean": -4.303164598418445e-07, "complexity std": 9.448398502438196e-08, "density mean": 0.30601445421939943, "density std": 1.1810498128047745e-08, "entropy mean": 0.44393749353362294, "entropy std": 9.448398502438198e-08}