{"replicated free entropy": 0.42104458808898926, "cluster free entropy": 0.42104387283325195, "complexity": 7.152557373046875e-07, "density": 0.6129528880119324, "entropy": 0.42104387283325195, "replicated free entropy mean": 0.42104458808898926, "replicated free entropy std": 0.0, "cluster free entropy mean": 0.42104387283325195, "cluster free entropy std": 0.0, "complexity mean": 7.152557373046875e-07, "complexity std": 0.0, "density mean": 0.6129528880119324, "density std": 0.0, "entropy mean": 0.42104387283325195, "entropy std": 0.0}