Messages,Free entropy density,density,entropy density,stability,physical
"[[0.0, 0.4999999999999999], [0.4999999999999999, 2.6544751053219932e-17]]",-0.6931471805599452,0.5,-0.6931471805599452,False,True
"[[0.5455370479287667, 0.35605247300998477], [0.09841047906124827, 2.849159185112827e-17]]",0.22109359831963804,0.09529594224059894,0.22109359831963804,False,True
