{"Messages": [[0.5455370479287667, 0.35605247300998477], [0.09841047906124827, 2.849159185112827e-17]], "Free entropy density": 0.22109359831963804, "density": 0.09529594224059894, "entropy density": 0.22109359831963804, "stability": false, "physical": true}