{"Messages": [[0.40558552398273834, 0.40558552398273834], [0.18882895203202793, 2.4953264941972137e-12]], "Free entropy density": 0.4354342827226756, "density": 0.24108590671857702, "entropy density": 0.4354342827226756, "stability": true, "physical": true, "stability AT": true, "linear stability": true, "non linear stability": true, "eta": [0.0, 2.085924839766527e-11, 1.0642340940916247e-09, 0.0, 2.085924839766527e-11, 0.0, 0.0, 0.0, 2.085924839766527e-11, 0.0, 0.0, 0.0, 2.8014874836334996e-08, 0.0, 0.9999999708583133, 0.0], "phi_SP": -1.6653410636512618e-16, "stability SP": true, "phi_SP_noisy": null}