{"replicated free entropy": 0.5120806694030762, "cluster free entropy": 0.5120806694030762, "complexity": 0.0, "density": 0.36650386452674866, "entropy": 0.5120806694030762, "replicated free entropy mean": 0.5120806694030762, "replicated free entropy std": 0.0, "cluster free entropy mean": 0.5120806694030762, "cluster free entropy std": 0.0, "complexity mean": 0.0, "complexity std": 0.0, "density mean": 0.36650386452674866, "density std": 0.0, "entropy mean": 0.5120806694030762, "entropy std": 0.0}