{"Messages": [[0.35520660879009613, 0.2636146362262896], [0.19742968556267115, 0.18374906942094313]], "Free entropy density": 0.5409297835661979, "density": 0.3250021651400395, "entropy density": 0.5409297835661979, "stability": false, "physical": true}