{"Messages": [[0.07621800033954458, 0.13569644490329114], [0.3652878753588921, 0.42279767939827223]], "Free entropy density": 0.3587060654094234, "density": 0.8048052583051575, "entropy density": 0.3587060654094234, "stability": true, "physical": true}