{"replicated free entropy": 0.2870396375656128, "cluster free entropy": 0.287040114402771, "complexity": -4.76837158203125e-07, "density": 0.14971397817134857, "entropy": 0.287040114402771, "replicated free entropy mean": 0.2870396375656128, "replicated free entropy std": 0.0, "cluster free entropy mean": 0.287040114402771, "cluster free entropy std": 0.0, "complexity mean": -4.76837158203125e-07, "complexity std": 0.0, "density mean": 0.14971398653053655, "density std": 7.394970171835293e-09, "entropy mean": 0.287040114402771, "entropy std": 0.0}