Messages,Free entropy density,density,entropy density,stability,physical
"[[0.3100289308376866, 0.3100289308376866], [0.2164023209082729, 0.16353981741635373]]",0.6046895148239115,0.3650574410295998,0.6046895148239115,False,True
