{"Messages": [[0.3100289308376866, 0.3100289308376866], [0.2164023209082729, 0.16353981741635373]], "Free entropy density": 0.6046895148239115, "density": 0.3650574410295998, "entropy density": 0.6046895148239115, "stability": false, "physical": true}