{"replicated free entropy": 0.41589951515197754, "cluster free entropy": 0.41590023040771484, "complexity": -7.152557373046875e-07, "density": 0.39196696877479553, "entropy": 0.41590023040771484, "replicated free entropy mean": 0.41589951515197754, "replicated free entropy std": 0.0, "cluster free entropy mean": 0.41590023040771484, "cluster free entropy std": 0.0, "complexity mean": -7.152557373046875e-07, "complexity std": 0.0, "density mean": 0.39196696877479553, "density std": 0.0, "entropy mean": 0.41590023040771484, "entropy std": 0.0}