Messages,Free entropy density,density,entropy density,stability,physical
"[[0.22654091966098647, 0.22654091966098647], [0.22654091966098644, 0.3203772410170407]]",-0.11157177565710485,0.5999999999999999,-0.11157177565710485,True,True
"[[0.9999999999999998, 7.358942179982293e-20], [7.049119771295084e-22, 2.1859330350152345e-21]]",0.0,1.0548977164281242e-60,0.0,True,True
