{"Messages": [[0.9999999999999998, 7.358942179982293e-20], [7.049119771295084e-22, 2.1859330350152345e-21]], "Free entropy density": 0.0, "density": 1.0548977164281242e-60, "entropy density": 0.0, "stability": true, "physical": true, "stability AT": true, "linear stability": true, "non linear stability": true, "eta": [0.0, 0.32037722377850936, 0.22654092344552196, 0.0, 0.2265409257565852, 0.0, 0.0, 0.0, 0.2265409270193835, 0.0, 0.0, 0.0, 0.0, 0.0, 0.0, 0.0], "phi_SP": -0.11157177565710663, "stability SP": true, "phi_SP_noisy": null}