{"replicated free entropy": 0.46807122230529785, "cluster free entropy": 0.46807336807250977, "complexity": -2.1457672119140625e-06, "density": 0.45337051153182983, "entropy": 0.46807336807250977, "replicated free entropy mean": 0.46807122230529785, "replicated free entropy std": 0.0, "cluster free entropy mean": 0.46807336807250977, "cluster free entropy std": 0.0, "complexity mean": -2.1457672119140625e-06, "complexity std": 0.0, "density mean": 0.45337055514498453, "density std": 4.469018490994674e-08, "entropy mean": 0.46807336807250977, "entropy std": 0.0, "stability": true, "stability non zero": true, "fraction hard fields": 0.0, "fraction i frozen": 0.0, "fraction j frozen": 0.0, "fraction config forbidden": 0.0}