{"replicated free entropy": 0.14445137977600098, "cluster free entropy": 0.0033222436904907227, "complexity": 0.14112913608551025, "density": 0.5138896107673645, "entropy": 0.0033222436904907227, "replicated free entropy mean": 0.1445024013519287, "replicated free entropy std": 0.0, "cluster free entropy mean": 0.003489971160888672, "cluster free entropy std": 0.0, "complexity mean": 0.14101243019104004, "complexity std": 0.0, "density mean": 0.513900876045227, "density std": 0.0, "entropy mean": 0.003489971160888672, "entropy std": 0.0, "stability": false, "stability non zero": true, "fraction hard fields": 0.5918654203414917, "fraction i frozen": 1.0, "fraction j frozen": 0.5918654203414917, "fraction config forbidden": 1.0}