{"replicated free entropy": 0.22667837142944336, "cluster free entropy": -0.0016616582870483398, "complexity": 0.2283400297164917, "density": 0.4592958986759186, "entropy": -0.0016616582870483398, "replicated free entropy mean": 0.22688705165211748, "replicated free entropy std": 0.0005670456472157656, "cluster free entropy mean": -0.0014450724531964558, "cluster free entropy std": 0.0012108903450917692, "complexity mean": 0.22833212410531392, "complexity std": 0.001330143282452397, "density mean": 0.4579308585422795, "density std": 0.001806685096386693, "entropy mean": -0.0014450724531964558, "entropy std": 0.0012108903450917692}