{"replicated free entropy": 0.3640165328979492, "cluster free entropy": 0.3640124797821045, "complexity": 4.0531158447265625e-06, "density": 0.6497567296028137, "entropy": 0.3640124797821045, "replicated free entropy mean": 0.3640165212677746, "replicated free entropy std": 5.135746040767488e-08, "cluster free entropy mean": 0.3640124797821045, "cluster free entropy std": 5.265785506956413e-08, "complexity mean": 4.041485670136243e-06, "complexity std": 7.35556825816545e-08, "density mean": 0.6497567237877264, "density std": 3.677784129082726e-08, "entropy mean": 0.3640124797821045, "entropy std": 5.265785506956413e-08, "stability": true, "stability non zero": true, "fraction hard fields": 0.0, "fraction i frozen": 0.0, "fraction j frozen": 0.0, "fraction config forbidden": 0.0}