{"replicated free entropy": 0.28330886363983154, "cluster free entropy": 0.2833089828491211, "complexity": -1.1920928955078125e-07, "density": 0.13023248314857483, "entropy": 0.2833089828491211, "replicated free entropy mean": 0.2833088177901048, "replicated free entropy std": 5.79958266509199e-08, "cluster free entropy mean": 0.28330893699939436, "cluster free entropy std": 5.79958266509199e-08, "complexity mean": -1.1920928955078125e-07, "complexity std": 0.0, "density mean": 0.13023249461100653, "density std": 1.4498956662729975e-08, "entropy mean": 0.28330893699939436, "entropy std": 5.79958266509199e-08, "stability": true, "stability non zero": true, "fraction hard fields": 0.0, "fraction i frozen": 0.0, "fraction j frozen": 0.0, "fraction config forbidden": 1.0}