Messages,Free entropy density,density,entropy density,stability,physical
"[[1.475128875785866e-12, 0.999999999998525], [2.0547405865423573e-24, 3.493058997122009e-23]]",-55.091750212466636,0,-55.091750212466636,True,False
