{"Messages": [[1.475128875785866e-12, 0.999999999998525], [2.0547405865423573e-24, 3.493058997122009e-23]], "Free entropy density": -55.091750212466636, "density": 0, "entropy density": -55.091750212466636, "stability": true, "physical": false, "stability AT": false, "linear stability": true, "non linear stability": true, "eta": [0.0, 2.7726696941208384e-15, 2.7726696941208384e-15, 0.0, 0.999999945812319, 0.0, 0.0, 0.0, 5.418767549561271e-08, 0.0, 0.0, 0.0, 0.0, 0.0, 0.0, 0.0], "phi_SP": -34.06882328156834, "stability SP": true, "phi_SP_noisy": null}