{"Free entropy density": 0.20316514208150913, "density": 0.6845219747513877, "entropy density": 0.20316514208150913, "stability": false, "stability non zero": true, "fraction hard fields": 0.037735000000000005, "fraction i frozen": 0.08702750000000001, "fraction config forbidden": 1.0, "fraction found": 1.0}