{"replicated free entropy": 0.2355210781097412, "cluster free entropy": 0.2355194091796875, "complexity": 1.6689300537109375e-06, "density": 0.112371064722538, "entropy": 0.2355194091796875, "replicated free entropy mean": 0.2355210781097412, "replicated free entropy std": 0.0, "cluster free entropy mean": 0.2355194091796875, "cluster free entropy std": 0.0, "complexity mean": 1.6689300537109375e-06, "complexity std": 0.0, "density mean": 0.112371064722538, "density std": 0.0, "entropy mean": 0.2355194091796875, "entropy std": 0.0}