{"Messages": [[0.0, 0.0], [0.0, 1.0]], "Free entropy density": 0.0, "density": 1.0, "entropy density": 0.0, "stability": true, "physical": true, "stability AT": true, "linear stability": true, "non linear stability": true, "eta": [0.0, 3.2751567093663996e-09, 4.742843975160496e-10, 0.0, 2.3044785044589303e-08, 0.0, 0.0, 0.0, 0.9999999732057739, 0.0, 0.0, 0.0, 0.0, 0.0, 0.0, 0.0], "phi_SP": 3.332722599376969e-17, "stability SP": true, "phi_SP_noisy": null}