{"replicated free entropy": 0.5548849105834961, "cluster free entropy": 0.5548851490020752, "complexity": -2.384185791015625e-07, "density": 0.3490227162837982, "entropy": 0.5548851490020752, "replicated free entropy mean": 0.5548849105834961, "replicated free entropy std": 0.0, "cluster free entropy mean": 0.5548851490020752, "cluster free entropy std": 0.0, "complexity mean": -2.384185791015625e-07, "complexity std": 0.0, "density mean": 0.3490227162837982, "density std": 0.0, "entropy mean": 0.5548851490020752, "entropy std": 0.0}