{"replicated free entropy": 0.5526626110076904, "cluster free entropy": 0.5526630878448486, "complexity": -4.76837158203125e-07, "density": 0.6453444361686707, "entropy": 0.5526630878448486, "replicated free entropy mean": 0.5526626110076904, "replicated free entropy std": 0.0, "cluster free entropy mean": 0.5526630878448486, "cluster free entropy std": 0.0, "complexity mean": -4.76837158203125e-07, "complexity std": 0.0, "density mean": 0.6453444361686707, "density std": 0.0, "entropy mean": 0.5526630878448486, "entropy std": 0.0}