{"replicated free entropy": 0.19710707664489746, "cluster free entropy": 0.006725430488586426, "complexity": 0.19038164615631104, "density": 0.6029074788093567, "entropy": 0.006725430488586426, "replicated free entropy mean": 0.19652992341576553, "replicated free entropy std": 0.00040642089784139894, "cluster free entropy mean": 0.007371943171431378, "cluster free entropy std": 0.0007739853084935258, "complexity mean": 0.18915798024433414, "complexity std": 0.0008559923328494934, "density mean": 0.6027160228752508, "density std": 0.001417708319317766, "entropy mean": 0.007371943171431378, "entropy std": 0.0007739853084935258}