{"replicated free entropy": 0.36620962619781494, "cluster free entropy": 0.3662104606628418, "complexity": -8.344650268554688e-07, "density": 0.20881326496601105, "entropy": 0.3662104606628418, "replicated free entropy mean": 0.36620962619781494, "replicated free entropy std": 0.0, "cluster free entropy mean": 0.3662104606628418, "cluster free entropy std": 0.0, "complexity mean": -8.344650268554688e-07, "complexity std": 0.0, "density mean": 0.20881326496601105, "density std": 0.0, "entropy mean": 0.3662104606628418, "entropy std": 0.0, "stability": true, "stability non zero": true, "fraction hard fields": 0.0, "fraction i frozen": 0.0, "fraction j frozen": 0.0, "fraction config forbidden": 0.0}