Messages,Free entropy density,density,entropy density,stability,physical
"[[0.25000000000061817, 0.24999999999982075], [0.2500000000001792, 0.24999999999938186]]",0.5596157879354227,0.4999999999968105,0.5596157879354227,True,True
