{"Messages": [[0.25000000000061817, 0.24999999999982075], [0.2500000000001792, 0.24999999999938186]], "Free entropy density": 0.5596157879354227, "density": 0.4999999999968105, "entropy density": 0.5596157879354227, "stability": true, "physical": true, "stability AT": true, "linear stability": false, "non linear stability": true, "eta": [0.0, 6.599434661665101e-11, 6.599434661665101e-11, 1.575257285393701e-08, 6.599434661665101e-11, 1.0546480936732034e-10, 0.0, 0.0, 6.599434661665101e-11, 0.0, 1.0546480936732034e-10, 0.0, 1.575257285393701e-08, 0.0, 0.0, 0.9999999680199474], "phi_SP": -4.930380657631324e-32, "stability SP": true, "phi_SP_noisy": null}