{"Messages": [[0.24844880631493416, 0.24844880631493416], [0.21477933981069433, 0.2883230475594373]], "Free entropy density": 0.46390463096542023, "density": 0.5425378454040732, "entropy density": 0.46390463096542023, "stability": false, "physical": true}