{"replicated free entropy": 0.10136115550994873, "cluster free entropy": -0.004733920097351074, "complexity": 0.1060950756072998, "density": 0.6311519742012024, "entropy": -0.004733920097351074, "replicated free entropy mean": 0.10156312802942788, "replicated free entropy std": 0.00022370132157276316, "cluster free entropy mean": -0.0036541252601437453, "cluster free entropy std": 0.0015134623144389167, "complexity mean": 0.10521725328957163, "complexity std": 0.0014902723941021495, "density mean": 0.6297526432246696, "density std": 0.0018247569915427996, "entropy mean": -0.0036541252601437453, "entropy std": 0.0015134623144389167, "stability": false, "stability non zero": true, "fraction hard fields": 0.5935254096984863, "fraction i frozen": 1.0, "fraction j frozen": 0.5935254096984863, "fraction config forbidden": 1.0}