{"replicated free entropy": 0.4525907039642334, "cluster free entropy": 0.452589750289917, "complexity": 9.5367431640625e-07, "density": 0.32090574502944946, "entropy": 0.452589750289917, "replicated free entropy mean": 0.4525907039642334, "replicated free entropy std": 0.0, "cluster free entropy mean": 0.452589750289917, "cluster free entropy std": 0.0, "complexity mean": 9.5367431640625e-07, "complexity std": 0.0, "density mean": 0.32090574502944946, "density std": 0.0, "entropy mean": 0.452589750289917, "entropy std": 0.0}