Messages,Free entropy density,density,entropy density,stability,physical
"[[0.21438559723223613, 0.2906633194804822], [0.27283587035945933, 0.22211521292782227]]",0.360239744125773,0.5066442342747199,0.360239744125773,False,True
"[[0.9999999999999998, 0.0], [0.0, 2.6288648129315022e-20]]",-1.9721522630525295e-31,0,-1.9721522630525295e-31,False,True
