{"Messages": [[0.21438559723223613, 0.2906633194804822], [0.27283587035945933, 0.22211521292782227]], "Free entropy density": 0.360239744125773, "density": 0.5066442342747199, "entropy density": 0.360239744125773, "stability": false, "physical": true}