Messages,Free entropy density,density,entropy density,stability,physical
"[[0.0, 0.1923453039051593], [0.3659832774236301, 0.44167141867121057]]",-0.2759907980847123,0.7904057276419306,-0.2759907980847123,True,True
"[[0.0, 0.4999999999999999], [0.4999999999999999, 1.8245931755923973e-50]]",-0.6931471805599452,0.5,-0.6931471805599452,True,True
"[[0.30253457818275664, 0.1974654218174265], [0.19746542181727197, 0.30253457818254487]]",-0.37605576439990074,0.4999999999997429,-0.37605576439990074,True,True
"[[0.44167141867121035, 0.36598327742363007], [0.1923453039051594, 4.034317872953467e-49]]",-0.27599079808471183,0.20959427235806957,-0.27599079808471183,True,True
