{"Messages": [[0.44167141867121035, 0.36598327742363007], [0.1923453039051594, 4.034317872953467e-49]], "Free entropy density": -0.27599079808471183, "density": 0.20959427235806957, "entropy density": -0.27599079808471183, "stability": true, "physical": true, "stability AT": true, "linear stability": false, "non linear stability": false, "eta": [0.0, 0.3025345656247778, 0.19746543437522232, 0.0, 0.19746543437522215, 0.0, 0.0, 0.0, 0.30253456562477765, 0.0, 0.0, 0.0, 0.0, 0.0, 0.0, 0.0], "phi_SP": -0.37605576439990696, "stability SP": true, "phi_SP_noisy": null}