{"replicated free entropy": 0.21194243431091309, "cluster free entropy": 0.2119438648223877, "complexity": -1.430511474609375e-06, "density": 0.6246529221534729, "entropy": 0.2119438648223877, "replicated free entropy mean": 0.21194243431091309, "replicated free entropy std": 0.0, "cluster free entropy mean": 0.2119438648223877, "cluster free entropy std": 0.0, "complexity mean": -1.430511474609375e-06, "complexity std": 0.0, "density mean": 0.6246529221534729, "density std": 0.0, "entropy mean": 0.2119438648223877, "entropy std": 0.0}