Messages,Free entropy density,density,entropy density,stability,physical
"[[0.18301270189233193, 0.31698729810764203], [0.31698729810791765, 0.18301270189210828]]",-0.43152310867767163,0.49999999999904227,-0.43152310867767163,True,True
