{"Messages": [[0.18301270189233193, 0.31698729810764203], [0.31698729810791765, 0.18301270189210828]], "Free entropy density": -0.43152310867767163, "density": 0.49999999999904227, "entropy density": -0.43152310867767163, "stability": true, "physical": true, "stability AT": true, "linear stability": false, "non linear stability": true, "eta": [0.0, 0.1830127079119431, 0.3169872920880568, 0.0, 0.3169872920880568, 0.0, 0.0, 0.0, 0.1830127079119431, 0.0, 0.0, 0.0, 0.0, 0.0, 0.0, 0.0], "phi_SP": -0.4315231086776734, "stability SP": true, "phi_SP_noisy": null}