Messages,Free entropy density,density,entropy density,stability,physical
"[[0.2595453687585855, 0.31088319522765506], [0.21353312672104965, 0.2160383092927098]]",0.32201665185344774,0.45808163276892855,0.32201665185344774,True,True
