{"Messages": [[0.2595453687585855, 0.31088319522765506], [0.21353312672104965, 0.2160383092927098]], "Free entropy density": 0.32201665185344774, "density": 0.45808163276892855, "entropy density": 0.32201665185344774, "stability": true, "physical": true, "stability AT": true, "linear stability": true, "non linear stability": true, "eta": [0.0, 1.85570311610705e-10, 2.0324711210184316e-10, 1.933992933500606e-08, 2.4720264496081392e-12, 1.0898727864026494e-10, 0.0, 9.13868058432653e-11, 4.6970851655477e-13, 0.0, 0.0, 0.0, 1.3639492446873343e-08, 4.262424464937666e-10, 5.14394615392814e-10, 0.999999965487808], "phi_SP": -4.930380657631324e-32, "stability SP": true, "phi_SP_noisy": null}