{"replicated free entropy": 0.3238241672515869, "cluster free entropy": 0.3238229751586914, "complexity": 1.1920928955078125e-06, "density": 0.3974054455757141, "entropy": 0.3238229751586914, "replicated free entropy mean": 0.3238241672515869, "replicated free entropy std": 0.0, "cluster free entropy mean": 0.3238229984190406, "cluster free entropy std": 1.4711136516330904e-07, "complexity mean": 1.1688325463271722e-06, "complexity std": 1.47111365163309e-07, "density mean": 0.39740544121439864, "density std": 1.925904765287808e-08, "entropy mean": 0.3238229984190406, "entropy std": 1.4711136516330904e-07, "stability": true, "stability non zero": true, "fraction hard fields": 0.0, "fraction i frozen": 0.0, "fraction j frozen": 0.0, "fraction config forbidden": 0.0}