{"replicated free entropy": 0.030822038650512695, "cluster free entropy": 0.00021386146545410156, "complexity": 0.030608177185058594, "density": 0.33609768748283386, "entropy": 0.00021386146545410156, "replicated free entropy mean": 0.030866058861337056, "replicated free entropy std": 0.0006307148413761921, "cluster free entropy mean": 0.00013710231315798875, "cluster free entropy std": 0.0006635804970532572, "complexity mean": 0.03072895654817907, "complexity std": 0.000994533825212948, "density mean": 0.3353384355219399, "density std": 0.0011302068409204424, "entropy mean": 0.00013710231315798875, "entropy std": 0.0006635804970532572}