Messages,Free entropy density,density,entropy density,stability,physical
"[[0.0, 0.14161198351586754], [0.33745792516344986, 0.5209300913206825]]",0.28330814945696603,0.8697674771698293,0.28330814945696603,True,True
"[[0.0, 0.9999999999999998], [2.1245519712670938e-20, 0.0]]",-68.98693214601677,0,-68.98693214601677,False,False
"[[0.9999999999999998, 3.725011646601116e-18], [2.1030918503452018e-20, 0.0]]",0.0,0,0.0,True,True
