{"Messages": [[0.0, 0.14161198351586754], [0.33745792516344986, 0.5209300913206825]], "Free entropy density": 0.28330814945696603, "density": 0.8697674771698293, "entropy density": 0.28330814945696603, "stability": true, "physical": true, "stability AT": true, "linear stability": true, "non linear stability": true, "eta": [0.0, 1.429262260728641e-09, 9.17399446396035e-13, 2.654909358284647e-08, 5.120856186240385e-11, 0.0, 0.0, 0.9999999719672598, 2.2584907604305363e-12, 0.0, 0.0, 0.0, 0.0, 0.0, 0.0, 0.0], "phi_SP": -1.1102231011393632e-16, "stability SP": true, "phi_SP_noisy": null}