{"replicated free entropy": 0.22109782695770264, "cluster free entropy": 0.22109568119049072, "complexity": 2.1457672119140625e-06, "density": 0.09529601782560349, "entropy": 0.22109568119049072, "replicated free entropy mean": 0.22109782695770264, "replicated free entropy std": 0.0, "cluster free entropy mean": 0.22109568119049072, "cluster free entropy std": 0.0, "complexity mean": 2.1457672119140625e-06, "complexity std": 0.0, "density mean": 0.09529601782560349, "density std": 0.0, "entropy mean": 0.22109568119049072, "entropy std": 0.0}