{"replicated free entropy": 0.3285081386566162, "cluster free entropy": 0.3285090923309326, "complexity": -9.5367431640625e-07, "density": 0.7763814330101013, "entropy": 0.3285090923309326, "replicated free entropy mean": 0.3285081386566162, "replicated free entropy std": 0.0, "cluster free entropy mean": 0.3285090923309326, "cluster free entropy std": 0.0, "complexity mean": -9.5367431640625e-07, "complexity std": 0.0, "density mean": 0.7763814330101013, "density std": 0.0, "entropy mean": 0.3285090923309326, "entropy std": 0.0}