{"replicated free entropy": 0.4477100372314453, "cluster free entropy": 0.4477114677429199, "complexity": -1.430511474609375e-06, "density": 0.7652059197425842, "entropy": 0.4477114677429199, "replicated free entropy mean": 0.4477100372314453, "replicated free entropy std": 0.0, "cluster free entropy mean": 0.4477113456260867, "cluster free entropy std": 1.1917382642652461e-07, "complexity mean": -1.3083946414110138e-06, "complexity std": 1.1917382642652463e-07, "density mean": 0.7652059197425842, "density std": 0.0, "entropy mean": 0.4477113456260867, "entropy std": 1.1917382642652461e-07}