{"Messages": [[0.2628030107567402, 0.19651293798279126], [0.26437457275670895, 0.2763094785037597]], "Free entropy density": 0.1115743700384817, "density": 0.5146028241287377, "entropy density": 0.1115743700384817, "stability": false, "physical": true}