Messages,Free entropy density,density,entropy density,stability,physical
"[[0.28026038700556305, 0.3352525479311943], [0.23171861707569977, 0.15276844798754297]]",0.4421529793769525,0.39269751498093897,0.4421529793769525,True,True
