{"Messages": [[0.28026038700556305, 0.3352525479311943], [0.23171861707569977, 0.15276844798754297]], "Free entropy density": 0.4421529793769525, "density": 0.39269751498093897, "entropy density": 0.4421529793769525, "stability": true, "physical": true, "stability AT": true, "linear stability": false, "non linear stability": true, "eta": [0.0, 1.395738576252808e-10, 2.36918997241703e-10, 1.0900201139482133e-08, 2.6209090590151233e-11, 0.0, 0.0, 2.7204895501656135e-10, 6.835158514946957e-12, 0.0, 0.0, 0.0, 1.652691949821248e-08, 1.3539325090502292e-10, 3.995528944373741e-10, 0.9999999713563472], "phi_SP": 2.2204460492503128e-16, "stability SP": true, "phi_SP_noisy": null}