{"Messages": [[0.9999999999999998, 2.0547405865423573e-24], [1.1501140991436269e-22, 3.812691483895182e-23]], "Free entropy density": 0.0, "density": 4.829107997834072e-70, "entropy density": 0.0, "stability": true, "physical": true, "stability AT": true, "linear stability": true, "non linear stability": true, "eta": [0.0, 8.392711315629492e-09, 1.9013161720883104e-08, 0.0, 3.5336941295567847e-09, 0.0, 0.0, 0.0, 0.9999999690604329, 0.0, 0.0, 0.0, 0.0, 0.0, 0.0, 0.0], "phi_SP": -3.811733495334669e-16, "stability SP": true, "phi_SP_noisy": null}