{"replicated free entropy": 0.26096248626708984, "cluster free entropy": 0.26096320152282715, "complexity": -7.152557373046875e-07, "density": 0.41010305285453796, "entropy": 0.26096320152282715, "replicated free entropy mean": 0.26096234088990744, "replicated free entropy std": 1.1630174590320123e-07, "cluster free entropy mean": 0.26096305614564475, "cluster free entropy std": 1.1630174590320123e-07, "complexity mean": -7.152557373046875e-07, "complexity std": 0.0, "density mean": 0.41010305285453796, "density std": 0.0, "entropy mean": 0.26096305614564475, "entropy std": 1.1630174590320123e-07}