{"Messages": [[0.45294180813157275, 0.2999957266884463], [0.11546110246335804, 0.13160136271662282]], "Free entropy density": 0.23593131207001328, "density": 0.1780860332460225, "entropy density": 0.23593131207001328, "stability": true, "physical": true, "stability AT": true, "linear stability": true, "non linear stability": true, "eta": [0.0, 1.100036233883657e-12, 5.810926000423822e-11, 7.831104552396158e-12, 1.5391408670466709e-13, 0.0, 0.0, 0.0, 1.5411526462186237e-09, 0.0, 1.991611822429947e-10, 0.0, 3.0692897217366805e-08, 2.0416538379859137e-10, 0.0, 0.9999999672954292], "phi_SP": -5.551115123125783e-17, "stability SP": true, "phi_SP_noisy": null}