Messages,Free entropy density,density,entropy density,stability,physical
"[[0.0, 0.24952826327061636], [0.41299750324830486, 0.33747423348107886]]",0.1892759603688665,0.6779524767602647,0.1892759603688665,True,True
