{"Messages": [[0.0, 0.24952826327061636], [0.41299750324830486, 0.33747423348107886]], "Free entropy density": 0.1892759603688665, "density": 0.6779524767602647, "entropy density": 0.1892759603688665, "stability": true, "physical": true, "stability AT": true, "linear stability": false, "non linear stability": true, "eta": [0.0, 3.2080038161488703e-11, 2.5753175891272507e-11, 2.747993917434299e-08, 1.147247519459034e-09, 9.67074330039678e-12, 2.562620845249383e-10, 0.9999999710490366, 1.0576895500644063e-14, 0.0, 0.0, 0.0, 0.0, 0.0, 0.0, 0.0], "phi_SP": -1.7039395552773855e-28, "stability SP": true, "phi_SP_noisy": null}