{"Messages": [[0.3273425541805668, 0.25268295818118813], [0.20309484837625083, 0.21687963926199427]], "Free entropy density": 0.5161734101994786, "density": 0.38296336227678623, "entropy density": 0.5161734101994786, "stability": false, "physical": true}