Messages,Free entropy density,density,entropy density,stability,physical
"[[0.16617073750209302, 0.20990803645665465], [0.30206235512564544, 0.3218588709156067]]",0.5937238554970024,0.6472394694108357,0.5937238554970024,False,True
"[[0.9999999999999463, 5.238944228738159e-14], [4.680323590740551e-16, 8.28334982121387e-16]]",-1.1536301877952077e-26,4.8784690090912954e-55,-1.1536301877952077e-26,False,True
