{"Messages": [[0.16617073750209302, 0.20990803645665465], [0.30206235512564544, 0.3218588709156067]], "Free entropy density": 0.5937238554970024, "density": 0.6472394694108357, "entropy density": 0.5937238554970024, "stability": false, "physical": true}