{"replicated free entropy": 0.37147390842437744, "cluster free entropy": 0.37147343158721924, "complexity": 4.76837158203125e-07, "density": 0.605644702911377, "entropy": 0.37147343158721924, "replicated free entropy mean": 0.37147390842437744, "replicated free entropy std": 0.0, "cluster free entropy mean": 0.37147343158721924, "cluster free entropy std": 0.0, "complexity mean": 4.76837158203125e-07, "complexity std": 0.0, "density mean": 0.605644702911377, "density std": 0.0, "entropy mean": 0.37147343158721924, "entropy std": 0.0, "stability": true, "stability non zero": true, "fraction hard fields": 0.0, "fraction i frozen": 0.0, "fraction j frozen": 0.0, "fraction config forbidden": 0.0}