{"Messages": [[0.12942935484447632, 0.20215940849885028], [0.3108830252025112, 0.35752821145416214]], "Free entropy density": 0.5219471336876635, "density": 0.7054847427975396, "entropy density": 0.5219471336876635, "stability": true, "physical": true, "stability AT": true, "linear stability": true, "non linear stability": true, "eta": [0.0, 1.9646337484253707e-10, 2.085924839766527e-11, 2.1640862447871884e-08, 2.974131751666628e-10, 0.0, 0.0, 7.651925091399538e-10, 8.583872864586497e-11, 5.935730408315979e-11, 0.0, 8.400311631582187e-12, 4.5951489618824895e-09, 0.0, 0.0, 0.9999999723304639], "phi_SP": 5.551115123125783e-17, "stability SP": true, "phi_SP_noisy": null}