{"Messages": [[0.16019774615462484, 0.19734434187526545], [0.3580637553733156, 0.2843941565967941]], "Free entropy density": 0.23084538022197387, "density": 0.6113837332568542, "entropy density": 0.23084538022197387, "stability": false, "physical": true}