{"replicated free entropy": 0.19266510009765625, "cluster free entropy": 0.19266462326049805, "complexity": 4.76837158203125e-07, "density": 0.13963444530963898, "entropy": 0.19266462326049805, "replicated free entropy mean": 0.19266510009765625, "replicated free entropy std": 0.0, "cluster free entropy mean": 0.19266462326049805, "cluster free entropy std": 0.0, "complexity mean": 4.76837158203125e-07, "complexity std": 0.0, "density mean": 0.13963444530963898, "density std": 0.0, "entropy mean": 0.19266462326049805, "entropy std": 0.0}