{"Messages": [[0.3136110658469589, 0.25638765427034554], [0.2550839746861598, 0.17491730519653564]], "Free entropy density": 0.12235165487797994, "density": 0.3695742661389559, "entropy density": 0.12235165487797994, "stability": false, "physical": true}