Messages,Free entropy density,density,entropy density,stability,physical
"[[0.2321749452003058, 0.22200651497046167], [0.31387992795634945, 0.231938611872883]]",0.2782336974820896,0.4997780252359296,0.2782336974820896,True,True
"[[0.9999999999999998, 4.439308089021024e-21], [4.169858284420569e-23, 4.014768576484026e-23]]",0.0,8.988256281578706e-62,0.0,True,True
