{"Messages": [[0.2321749452003058, 0.22200651497046167], [0.31387992795634945, 0.231938611872883]], "Free entropy density": 0.2782336974820896, "density": 0.4997780252359296, "entropy density": 0.2782336974820896, "stability": true, "physical": true, "stability AT": true, "linear stability": true, "non linear stability": true, "eta": [0.0, 5.871356456934624e-13, 4.2667936454708856e-12, 9.089211002903557e-09, 2.084395131141379e-10, 0.0, 0.0, 1.3652366772472271e-09, 1.5957461089329386e-10, 0.0, 3.225008071006352e-10, 1.1341830163210438e-09, 1.9920254526746524e-08, 0.0, 4.4473423241340133e-10, 0.9999999673510116], "phi_SP": -5.551115123125783e-17, "stability SP": true, "phi_SP_noisy": null}