{"Messages": [[0.22550132874682316, 0.13047619034128916], [0.22027432247483741, 0.42374815843705027]], "Free entropy density": 0.18219501524393777, "density": 0.7235396480998105, "entropy density": 0.18219501524393777, "stability": false, "physical": true}