{"replicated free entropy": 0.4136981964111328, "cluster free entropy": 0.4136962890625, "complexity": 1.9073486328125e-06, "density": 0.3824807405471802, "entropy": 0.4136962890625, "replicated free entropy mean": 0.4136981964111328, "replicated free entropy std": 0.0, "cluster free entropy mean": 0.4136962890625, "cluster free entropy std": 0.0, "complexity mean": 1.9073486328125e-06, "complexity std": 0.0, "density mean": 0.3824807405471802, "density std": 0.0, "entropy mean": 0.4136962890625, "entropy std": 0.0}