{"Messages": [[0.5465684073462713, 0.35555341852339006], [0.0978781741186942, 1.1644406512736732e-11]], "Free entropy density": 0.22054430290562288, "density": 0.09448071579932063, "entropy density": 0.22054430290562288, "stability": false, "physical": true}