{"replicated free entropy": -0.03926420211791992, "cluster free entropy": 0.00018131732940673828, "complexity": -0.03944551944732666, "density": 0.44627654552459717, "entropy": 0.00018131732940673828, "replicated free entropy mean": -0.03917029427319038, "replicated free entropy std": 0.00021740313265873902, "cluster free entropy mean": -1.141792390404678e-05, "cluster free entropy std": 0.0004052827386995234, "complexity mean": -0.03915887634928634, "complexity std": 0.0004955765547205432, "density mean": 0.44550085794634936, "density std": 0.000595173518467611, "entropy mean": -1.141792390404678e-05, "entropy std": 0.0004052827386995234, "stability": true, "stability non zero": true, "fraction hard fields": 0.6467121839523315, "fraction i frozen": 1.0, "fraction j frozen": 0.6467121839523315, "fraction config forbidden": 1.0}