{"Messages": [[0.13107333668516902, 0.2912036497345206], [0.32186697064325553, 0.25585604293705483]], "Free entropy density": -0.05989031984414561, "density": 0.5893781155743204, "entropy density": -0.05989031984414561, "stability": true, "physical": true, "stability AT": true, "linear stability": false, "non linear stability": true, "eta": [0.0, 0.29445066925716284, 0.37041902090556966, 0.0, 0.18428520465330217, 0.0, 0.0, 0.0, 2.1062458333711527e-08, 0.0, 0.0, 0.0, 0.150845084121507, 0.0, 0.0, 0.0], "phi_SP": -0.05989031984414561, "stability SP": true, "phi_SP_noisy": null}