{"Messages": [[0.40990408131283007, 0.27778015909317944], [0.1550414569611781, 0.1572743026328124]], "Free entropy density": 0.27663451047845733, "density": 0.2431148336608663, "entropy density": 0.27663451047845733, "stability": false, "physical": true}