{"replicated free entropy": 0.2880232334136963, "cluster free entropy": 0.288022518157959, "complexity": 7.152557373046875e-07, "density": 0.8377676606178284, "entropy": 0.288022518157959, "replicated free entropy mean": 0.2880232334136963, "replicated free entropy std": 0.0, "cluster free entropy mean": 0.288022518157959, "cluster free entropy std": 0.0, "complexity mean": 7.152557373046875e-07, "complexity std": 0.0, "density mean": 0.8377676606178284, "density std": 0.0, "entropy mean": 0.288022518157959, "entropy std": 0.0}