{"replicated free entropy": 0.1638643741607666, "cluster free entropy": 0.1638643741607666, "complexity": 0.0, "density": 0.2378600835800171, "entropy": 0.1638643741607666, "replicated free entropy mean": 0.1638643741607666, "replicated free entropy std": 0.0, "cluster free entropy mean": 0.1638643741607666, "cluster free entropy std": 0.0, "complexity mean": 0.0, "complexity std": 0.0, "density mean": 0.2378600835800171, "density std": 0.0, "entropy mean": 0.1638643741607666, "entropy std": 0.0}