{"replicated free entropy": 0.17877697944641113, "cluster free entropy": 0.17877578735351562, "complexity": 1.1920928955078125e-06, "density": 0.11978384852409363, "entropy": 0.17877578735351562, "replicated free entropy mean": 0.17877697944641113, "replicated free entropy std": 0.0, "cluster free entropy mean": 0.17877578735351562, "cluster free entropy std": 0.0, "complexity mean": 1.1920928955078125e-06, "complexity std": 0.0, "density mean": 0.11978384852409363, "density std": 0.0, "entropy mean": 0.17877578735351562, "entropy std": 0.0}