{"replicated free entropy": 0.1466233730316162, "cluster free entropy": 0.004731178283691406, "complexity": 0.1418921947479248, "density": 0.47569578886032104, "entropy": 0.004731178283691406, "replicated free entropy mean": 0.14629804313956918, "replicated free entropy std": 0.0001976103671328772, "cluster free entropy mean": 0.005563364400492086, "cluster free entropy std": 0.0008805638838489737, "complexity mean": 0.14073467873907708, "complexity std": 0.0009278026710271923, "density mean": 0.474625221320561, "density std": 0.000852636534494865, "entropy mean": 0.005563364400492086, "entropy std": 0.0008805638838489737, "stability": false, "stability non zero": true, "fraction hard fields": 0.5172421932220459, "fraction i frozen": 1.0, "fraction j frozen": 0.5172421932220459, "fraction config forbidden": 1.0}