{"replicated free entropy": 0.6099414825439453, "cluster free entropy": 0.12199187278747559, "complexity": -1.7881393432617188e-05, "density": 0.9323186874389648, "entropy": 0.12199187278747559, "replicated free entropy mean": 0.6099414825439453, "replicated free entropy std": 0.0, "cluster free entropy mean": 0.12199187278747559, "cluster free entropy std": 0.0, "complexity mean": -1.7881393432617188e-05, "complexity std": 0.0, "density mean": 0.9323186874389648, "density std": 0.0, "entropy mean": 0.12199187278747559, "entropy std": 0.0}