{"rule": ["-", "0", "+", "-", "0", "0", "+", "1"], "Parisi parameter": 5.0, "chemical potential": 0, "population size": 2000000, "number of samples": 40000000, "hard fields": true, "planted messages": null, "fraction planted messages": 1, "impose symmetry": false, "maximum number of iterations": 2000, "damping parameter": 0.8, "tolerance": 1000, "convergence check interval": 200, "sampling threshold": 1600, "sampling interval": 50, "Parisi parameter list": [0.0001, 0.35723571428571427, 0.7143714285714285, 1.0715071428571428, 1.428642857142857, 1.7857785714285714, 2.1429142857142858, 2.5000500000000003, 2.8571857142857144, 3.2143214285714286, 3.571457142857143, 3.928592857142857, 4.285728571428571, 4.642864285714285, 5.0], "seed": null}