{"Messages": [[0.5044811874800182, 0.30278990710986786], [0.11536368704200692, 0.077365218368107]], "Free entropy density": 0.26153627058887974, "density": 0.12385807400017675, "entropy density": 0.26153627058887974, "stability": false, "physical": true}