Messages,Free entropy density,density,entropy density,stability,physical
"[[0.0, 0.2744849853295147], [0.39587585214732796, 0.3296391625231572]]",-0.36620409622270333,0.6666666666666665,-0.36620409622270333,False,True
"[[0.0, 0.9999999999999998], [2.237414368630891e-27, 0.0]]",-124.11524758393523,0,-124.11524758393523,False,False
"[[0.3652449486258678, 0.31990389177535045], [0.11940651535243083, 0.19544464424635083]]",0.21347070061937146,0.30805367150421065,0.21347070061937146,False,True
"[[0.4999999999999999, 0.4999999999999999], [2.2148142234932033e-27, 0.0]]",0.0,0,0.0,False,True
