{"Messages": [[0.3652449486258678, 0.31990389177535045], [0.11940651535243083, 0.19544464424635083]], "Free entropy density": 0.21347070061937146, "density": 0.30805367150421065, "entropy density": 0.21347070061937146, "stability": false, "physical": true}