{"Messages": [[0.0, 0.0], [0.0, 1.0]], "Free entropy density": 0.0, "density": 1.0, "entropy density": 0.0, "stability": true, "physical": true, "stability AT": true, "linear stability": true, "non linear stability": true, "eta": [0.0, 0.41964314263862373, 0.3522012114950661, 0.0, 0.22815564586631013, 0.0, 0.0, 0.0, 1.0766948451866191e-35, 0.0, 0.0, 0.0, 0.0, 0.0, 0.0, 0.0], "phi_SP": -0.06526536523630999, "stability SP": true, "phi_SP_noisy": null}