{"replicated free entropy": 0.23084640502929688, "cluster free entropy": 0.23084688186645508, "complexity": -4.76837158203125e-07, "density": 0.6113840937614441, "entropy": 0.23084688186645508, "replicated free entropy mean": 0.23084640502929688, "replicated free entropy std": 0.0, "cluster free entropy mean": 0.23084688186645508, "cluster free entropy std": 0.0, "complexity mean": -4.76837158203125e-07, "complexity std": 0.0, "density mean": 0.6113840705010949, "density std": 2.9075436475800304e-08, "entropy mean": 0.23084688186645508, "entropy std": 0.0}