{"Messages": [[0.21064599203549061, 0.27737649878246057], [0.2491125747091067, 0.2628649344729421]], "Free entropy density": -0.08649286277977275, "density": 0.54912517718504, "entropy density": -0.08649286277977275, "stability": true, "physical": true, "stability AT": true, "linear stability": false, "non linear stability": true, "eta": [0.0, 0.28173469176613936, 0.26699510405820237, 0.0, 0.22550295290230038, 0.0, 0.0, 0.0, 0.15398222729766287, 0.0, 0.0, 0.0, 0.07178502397569504, 0.0, 0.0, 0.0], "phi_SP": -0.08649286277977764, "stability SP": true, "phi_SP_noisy": null}