Messages,Free entropy density,density,entropy density,stability,physical
"[[0.0, 0.27448498532951476], [0.39587585214732796, 0.3296391625231573]]",-0.36620409622270333,0.6666666666666667,-0.36620409622270333,False,True
"[[0.0, 0.9999999999999998], [5.515652263102062e-24, 0.0]]",-108.49519899194053,0,-108.49519899194053,False,False
"[[0.289702687183244, 0.29452990327559014], [0.18337080018263163, 0.23239660935853426]]",0.05648087944198288,0.4391762646744578,0.05648087944198288,True,True
