{"Messages": [[0.289702687183244, 0.29452990327559014], [0.18337080018263163, 0.23239660935853426]], "Free entropy density": 0.05648087944198288, "density": 0.4391762646744578, "entropy density": 0.05648087944198288, "stability": true, "physical": true, "stability AT": true, "linear stability": false, "non linear stability": true, "eta": [0.0, 0.2825179361548628, 0.22291864336986683, 0.0, 0.14238014891140394, 0.0, 0.0, 0.0, 0.13651182529206116, 0.0, 0.0, 0.0, 0.21567144627180526, 0.0, 0.0, 0.0], "phi_SP": 0.056480879441984655, "stability SP": true, "phi_SP_noisy": null}