{"replicated free entropy": 0.3114163875579834, "cluster free entropy": 0.3114161491394043, "complexity": 2.384185791015625e-07, "density": 0.22839707136154175, "entropy": 0.3114161491394043, "replicated free entropy mean": 0.3114163875579834, "replicated free entropy std": 0.0, "cluster free entropy mean": 0.3114161491394043, "cluster free entropy std": 0.0, "complexity mean": 2.384185791015625e-07, "complexity std": 0.0, "density mean": 0.22839707136154175, "density std": 0.0, "entropy mean": 0.3114161491394043, "entropy std": 0.0}