{"replicated free entropy": 0.3364710807800293, "cluster free entropy": 0.3364737033843994, "complexity": -2.6226043701171875e-06, "density": 0.44190049171447754, "entropy": 0.3364737033843994, "replicated free entropy mean": 0.3364710807800293, "replicated free entropy std": 0.0, "cluster free entropy mean": 0.3364737033843994, "cluster free entropy std": 0.0, "complexity mean": -2.6226043701171875e-06, "complexity std": 0.0, "density mean": 0.44190049171447754, "density std": 0.0, "entropy mean": 0.3364737033843994, "entropy std": 0.0}