{"replicated free entropy": 0.07698249816894531, "cluster free entropy": 0.00030738115310668945, "complexity": 0.07667511701583862, "density": 0.5918449759483337, "entropy": 0.00030738115310668945, "replicated free entropy mean": 0.07679214710142554, "replicated free entropy std": 0.0003254019960356245, "cluster free entropy mean": 0.0004329267071514595, "cluster free entropy std": 0.00021792899645267953, "complexity mean": 0.07635922039427408, "complexity std": 0.0003713704882800562, "density mean": 0.5912796709595657, "density std": 0.0007260081487657722, "entropy mean": 0.0004329267071514595, "entropy std": 0.00021792899645267953, "stability": true, "stability non zero": true, "fraction hard fields": 0.8184565305709839, "fraction i frozen": 0.994892418384552, "fraction j frozen": 0.8235601186752319, "fraction config forbidden": 1.0}