{"replicated free entropy": 0.10707640647888184, "cluster free entropy": 0.000718235969543457, "complexity": 0.10635817050933838, "density": 0.17988236248493195, "entropy": 0.000718235969543457, "replicated free entropy mean": 0.10690179103758277, "replicated free entropy std": 0.000402483321310374, "cluster free entropy mean": 0.0002595767742250024, "cluster free entropy std": 0.0007744353307330011, "complexity mean": 0.10664221426335777, "complexity std": 0.0007669307872906531, "density mean": 0.18100602416003622, "density std": 0.0014331211971770207, "entropy mean": 0.0002595767742250024, "entropy std": 0.0007744353307330011}