{"replicated free entropy": 0.3409273624420166, "cluster free entropy": 0.3409256935119629, "complexity": 1.6689300537109375e-06, "density": 0.5248228907585144, "entropy": 0.3409256935119629, "replicated free entropy mean": 0.3409273624420166, "replicated free entropy std": 0.0, "cluster free entropy mean": 0.3409256935119629, "cluster free entropy std": 0.0, "complexity mean": 1.6689300537109375e-06, "complexity std": 0.0, "density mean": 0.5248228805821117, "density std": 5.570052327373555e-08, "entropy mean": 0.3409256935119629, "entropy std": 0.0, "stability": true, "stability non zero": true, "fraction hard fields": 0.0, "fraction i frozen": 0.0, "fraction j frozen": 0.0, "fraction config forbidden": 0.0}