{"Messages": [[0.3111709249810455, 0.43822421509409487], [0.2506048599248597, 9.156844577415521e-24]], "Free entropy density": 0.05933221838280689, "density": 0.3470195075935568, "entropy density": 0.05933221838280689, "stability": false, "physical": true}