{"replicated free entropy": -0.32950878143310547, "cluster free entropy": 0.00035053491592407227, "complexity": -0.32985931634902954, "density": 0.4536571204662323, "entropy": 0.00035053491592407227, "replicated free entropy mean": -0.3292882326172619, "replicated free entropy std": 0.00020752544159824312, "cluster free entropy mean": 1.6777980618360567e-05, "cluster free entropy std": 0.00036704036318793216, "complexity mean": -0.3293050105978803, "complexity std": 0.0003820090479397393, "density mean": 0.45422312326547576, "density std": 0.0005764426613590768, "entropy mean": 1.6777980618360567e-05, "entropy std": 0.00036704036318793216, "stability": true, "stability non zero": true, "fraction hard fields": 0.6362091898918152, "fraction i frozen": 1.0, "fraction j frozen": 0.6362091898918152, "fraction config forbidden": 1.0}