{"replicated free entropy": 0.4465804100036621, "cluster free entropy": 0.4465799331665039, "complexity": 4.76837158203125e-07, "density": 0.23205408453941345, "entropy": 0.4465799331665039, "replicated free entropy mean": 0.4465804100036621, "replicated free entropy std": 0.0, "cluster free entropy mean": 0.4465799331665039, "cluster free entropy std": 0.0, "complexity mean": 4.76837158203125e-07, "complexity std": 0.0, "density mean": 0.23205408453941345, "density std": 0.0, "entropy mean": 0.4465799331665039, "entropy std": 0.0}