{"Messages": [[0.24264287704734655, 0.24281218199098809], [0.2793883054370946, 0.23515663552457083]], "Free entropy density": 0.15947132080789483, "density": 0.4928419166591124, "entropy density": 0.15947132080789483, "stability": false, "physical": true}