{"Messages": [[0.2529708052221901, 0.30935674048159967], [0.1931988208090975, 0.24447363348711265]], "Free entropy density": 0.16556718650452273, "density": 0.4913133269759801, "entropy density": 0.16556718650452273, "stability": true, "physical": true, "stability AT": true, "linear stability": false, "non linear stability": true, "eta": [0.0, 0.3272611563061565, 0.258622842170486, 0.0, 0.07548023774280932, 0.0, 0.0, 0.0, 1.1579208923731676e-09, 0.0, 0.0, 0.0, 0.3386357626226273, 0.0, 0.0, 0.0], "phi_SP": 0.16556718650452495, "stability SP": false, "phi_SP_noisy": -2.2204460492503128e-16}