Messages,Free entropy density,density,entropy density,stability,physical
"[[9.914566291495498e-28, 0.27664511200894293], [0.4380307381975507, 0.28532414979350623]]",-0.06365071702914271,0.62572254134398,-0.06365071702914271,True,True
"[[0.35719051880538744, 0.23649214572231242], [0.22444751908909, 0.1818698163832101]]",-0.10381297119971533,0.32289974105063196,-0.10381297119971533,True,True
