{"Messages": [[9.914566291495498e-28, 0.27664511200894293], [0.4380307381975507, 0.28532414979350623]], "Free entropy density": -0.06365071702914271, "density": 0.62572254134398, "entropy density": -0.06365071702914271, "stability": true, "physical": true, "stability AT": true, "linear stability": false, "non linear stability": true, "eta": [0.0, 0.06298515094853514, 0.11174994070617586, 0.14531263072083603, 0.270857444736121, 0.0, 0.0, 0.0, 0.40909483288833204, 0.0, 0.0, 0.0, 0.0, 0.0, 0.0, 0.0], "phi_SP": -0.10381297119971755, "stability SP": true, "phi_SP_noisy": null}