Messages,Free entropy density,density,entropy density,stability,physical
"[[1.8347988927920673e-13, 0.2766451120088923], [0.4380307381974704, 0.285324149793454]]",-0.06365071702914227,0.6257225413439801,-0.06365071702914227,True,True
