{"Messages": [[1.8347988927920673e-13, 0.2766451120088923], [0.4380307381974704, 0.285324149793454]], "Free entropy density": -0.06365071702914227, "density": 0.6257225413439801, "entropy density": -0.06365071702914227, "stability": true, "physical": true, "stability AT": true, "linear stability": false, "non linear stability": false, "eta": [0.0, 0.08885030614794331, 0.28353795092698425, 0.27491321776042543, 0.3526985041021886, 0.0, 0.0, 0.0, 2.1062458333711527e-08, 0.0, 0.0, 0.0, 0.0, 0.0, 0.0, 0.0], "phi_SP": -0.06365071702914404, "stability SP": true, "phi_SP_noisy": null}