Messages,Free entropy density,density,entropy density,stability,physical
"[[0.25000000000083683, 0.25000000000059097], [0.24999999999940903, 0.24999999999916317]]",0.40546510810816416,0.49999999999926237,0.40546510810816416,True,True
