{"Messages": [[0.25000000000083683, 0.25000000000059097], [0.24999999999940903, 0.24999999999916317]], "Free entropy density": 0.40546510810816416, "density": 0.49999999999926237, "entropy density": 0.40546510810816416, "stability": true, "physical": true, "stability AT": true, "linear stability": false, "non linear stability": true, "eta": [0.0, 3.6999454710963646e-11, 3.6999454710963646e-11, 1.571362487176032e-08, 3.6999454710963646e-11, 3.202390851940263e-10, 0.0, 0.0, 3.6999454710963646e-11, 0.0, 3.202390851940263e-10, 0.0, 1.571362487176032e-08, 0.0, 0.0, 0.9999999677842744], "phi_SP": -1.1102230246251563e-16, "stability SP": true, "phi_SP_noisy": null}