{"Messages": [[0.34898273938576413, 0.34898273938576413], [0.16305502932223637, 0.13897949190623513]], "Free entropy density": 0.41150283062589166, "density": 0.2990011417990275, "entropy density": 0.41150283062589166, "stability": false, "physical": true}