Messages,Free entropy density,density,entropy density,stability,physical
"[[0.20123626537919936, 0.23399442885037872], [0.2212406139634716, 0.34352869180695034]]",-0.08309563813784004,0.6479051130930161,-0.08309563813784004,False,True
"[[0.3355945680327468, 0.4258633965693773], [0.23854203539787566, 4.847979516747801e-25]]",0.024957499961908436,0.3216830061190618,0.024957499961908436,False,True
"[[0.9999999999999998, 9.509140784659427e-19], [6.368665697556366e-21, 9.967471201362883e-26]]",-1.9721522630525295e-31,8.17645609447972e-73,-1.9721522630525295e-31,False,True
