{"Messages": [[0.3355945680327468, 0.4258633965693773], [0.23854203539787566, 4.847979516747801e-25]], "Free entropy density": 0.024957499961908436, "density": 0.3216830061190618, "entropy density": 0.024957499961908436, "stability": false, "physical": true}