{"replicated free entropy": -0.13042497634887695, "cluster free entropy": 0.0, "complexity": -0.13042497634887695, "density": 0.34831464290618896, "entropy": 0.0, "replicated free entropy mean": -0.1304788531326666, "replicated free entropy std": 0.0003828385101745118, "cluster free entropy mean": 0.0, "cluster free entropy std": 0.0, "complexity mean": -0.1304788531326666, "complexity std": 0.0003828385101745118, "density mean": 0.3479385826645828, "density std": 0.0007769951712666704, "entropy mean": 0.0, "entropy std": 0.0, "stability": true, "stability non zero": true, "fraction hard fields": 1.0, "fraction i frozen": 1.0, "fraction j frozen": 1.0, "fraction config forbidden": 1.0}