{"replicated free entropy": 0.11540079116821289, "cluster free entropy": 0.11539649963378906, "complexity": 4.291534423828125e-06, "density": 0.6570913791656494, "entropy": 0.11539649963378906, "replicated free entropy mean": 0.11540079116821289, "replicated free entropy std": 0.0, "cluster free entropy mean": 0.11539649963378906, "cluster free entropy std": 0.0, "complexity mean": 4.291534423828125e-06, "complexity std": 0.0, "density mean": 0.6570913791656494, "density std": 0.0, "entropy mean": 0.11539649963378906, "entropy std": 0.0}