Messages,Free entropy density,density,entropy density,stability,physical
"[[0.2953243066579551, 0.3596568121253838], [0.22882112066526034, 0.11619776055140067]]",0.4114935464591194,0.36107981662771677,0.4114935464591194,True,True
