{"Messages": [[0.2953243066579551, 0.3596568121253838], [0.22882112066526034, 0.11619776055140067]], "Free entropy density": 0.4114935464591194, "density": 0.36107981662771677, "entropy density": 0.4114935464591194, "stability": true, "physical": true, "stability AT": true, "linear stability": false, "non linear stability": true, "eta": [0.0, 2.2397447421778197e-12, 1.9156258236671565e-10, 6.451460215116715e-10, 8.686064386043162e-12, 0.0, 0.0, 5.306178969388806e-11, 2.2397447421778197e-12, 0.0, 0.0, 0.0, 8.222078432487103e-09, 0.0, 2.374906809348831e-08, 0.9999999671259174], "phi_SP": -2.220446049250314e-16, "stability SP": true, "phi_SP_noisy": null}