{"replicated free entropy": 0.43570661544799805, "cluster free entropy": 0.43570494651794434, "complexity": 1.6689300537109375e-06, "density": 0.2942981421947479, "entropy": 0.43570494651794434, "replicated free entropy mean": 0.43570661544799805, "replicated free entropy std": 0.0, "cluster free entropy mean": 0.43570494651794434, "cluster free entropy std": 0.0, "complexity mean": 1.6689300537109375e-06, "complexity std": 0.0, "density mean": 0.2942981421947479, "density std": 0.0, "entropy mean": 0.43570494651794434, "entropy std": 0.0}