{"Messages": [[0.3698931969938558, 0.29808467760088797], [0.18695954099234158, 0.14506258441291453]], "Free entropy density": 0.5114380257085869, "density": 0.2850582170015423, "entropy density": 0.5114380257085869, "stability": false, "physical": true}