{"replicated free entropy": 0.5584311485290527, "cluster free entropy": 0.5584309101104736, "complexity": 2.384185791015625e-07, "density": 0.5600095987319946, "entropy": 0.5584309101104736, "replicated free entropy mean": 0.5584311485290527, "replicated free entropy std": 0.0, "cluster free entropy mean": 0.5584309101104736, "cluster free entropy std": 0.0, "complexity mean": 2.384185791015625e-07, "complexity std": 0.0, "density mean": 0.5600095987319946, "density std": 0.0, "entropy mean": 0.5584309101104736, "entropy std": 0.0}