{"replicated free entropy": 0.28243374824523926, "cluster free entropy": 0.28243422508239746, "complexity": -4.76837158203125e-07, "density": 0.8499391078948975, "entropy": 0.28243422508239746, "replicated free entropy mean": 0.28243374824523926, "replicated free entropy std": 0.0, "cluster free entropy mean": 0.28243422508239746, "cluster free entropy std": 0.0, "complexity mean": -4.76837158203125e-07, "complexity std": 0.0, "density mean": 0.8499391078948975, "density std": 0.0, "entropy mean": 0.28243422508239746, "entropy std": 0.0}