Messages,Free entropy density,density,entropy density,stability,physical
"[[1.467839114233654e-13, 0.9999999999972111], [1.467839114233654e-13, 2.4953264941972137e-12]]",-45.36444309078509,0,-45.36444309078509,True,False
