{"Messages": [[1.467839114233654e-13, 0.9999999999972111], [1.467839114233654e-13, 2.4953264941972137e-12]], "Free entropy density": -45.36444309078509, "density": 0, "entropy density": -45.36444309078509, "stability": true, "physical": false, "stability AT": true, "linear stability": true, "non linear stability": true, "eta": [0.0, 1.0783978666860303e-08, 1.0783978666860303e-08, 0.0, 0.999999967648064, 0.0, 0.0, 0.0, 1.0783978666860303e-08, 0.0, 0.0, 0.0, 0.0, 0.0, 0.0, 0.0], "phi_SP": -28.557527129987722, "stability SP": true, "phi_SP_noisy": null}