{"replicated free entropy": -0.00382232666015625, "cluster free entropy": 0.0024319887161254883, "complexity": -0.006254315376281738, "density": 0.3914188742637634, "entropy": 0.0024319887161254883, "replicated free entropy mean": -0.003658544726488067, "replicated free entropy std": 0.00015581575833917337, "cluster free entropy mean": 0.0025661456875684784, "cluster free entropy std": 0.000374441255250534, "complexity mean": -0.006224690414056546, "complexity std": 0.00038789538634204307, "density mean": 0.3916132166618254, "density std": 0.00043704727672610235, "entropy mean": 0.0025661456875684784, "entropy std": 0.000374441255250534, "stability": true, "stability non zero": true, "fraction hard fields": 0.46556541323661804, "fraction i frozen": 1.0, "fraction j frozen": 0.46556541323661804, "fraction config forbidden": 1.0}