{"replicated free entropy": 0.5058760643005371, "cluster free entropy": 0.5058753490447998, "complexity": 7.152557373046875e-07, "density": 0.49417799711227417, "entropy": 0.5058753490447998, "replicated free entropy mean": 0.5058760643005371, "replicated free entropy std": 0.0, "cluster free entropy mean": 0.5058753490447998, "cluster free entropy std": 0.0, "complexity mean": 7.152557373046875e-07, "complexity std": 0.0, "density mean": 0.49417799711227417, "density std": 0.0, "entropy mean": 0.5058753490447998, "entropy std": 0.0}