Messages,Free entropy density,density,entropy density,stability,physical
"[[1.492725468724707e-12, 0.9999999999985072], [1.0520271803096871e-24, 1.788446206526469e-23]]",-55.49982724177967,0,-55.49982724177967,True,False
