{"Messages": [[1.492725468724707e-12, 0.9999999999985072], [1.0520271803096871e-24, 1.788446206526469e-23]], "Free entropy density": -55.49982724177967, "density": 0, "entropy density": -55.49982724177967, "stability": true, "physical": false, "stability AT": false, "linear stability": true, "non linear stability": true, "eta": [0.0, 1.4196068833898696e-15, 1.4196068833898696e-15, 0.0, 0.9999999451659243, 0.0, 0.0, 0.0, 1.4196068833898696e-15, 0.0, 0.0, 0.0, 5.48340712532542e-08, 0.0, 0.0, 0.0], "phi_SP": -34.47690034676249, "stability SP": true, "phi_SP_noisy": null}