{"replicated free entropy": 0.28449511528015137, "cluster free entropy": 0.28449463844299316, "complexity": 4.76837158203125e-07, "density": 0.1547817438840866, "entropy": 0.28449463844299316, "replicated free entropy mean": 0.28449511528015137, "replicated free entropy std": 0.0, "cluster free entropy mean": 0.28449463844299316, "cluster free entropy std": 0.0, "complexity mean": 4.76837158203125e-07, "complexity std": 0.0, "density mean": 0.1547817438840866, "density std": 0.0, "entropy mean": 0.28449463844299316, "entropy std": 0.0}