{"replicated free entropy": 0.3966493606567383, "cluster free entropy": 0.3966484069824219, "complexity": 9.5367431640625e-07, "density": 0.3619280755519867, "entropy": 0.3966484069824219, "replicated free entropy mean": 0.3966493606567383, "replicated free entropy std": 0.0, "cluster free entropy mean": 0.3966484069824219, "cluster free entropy std": 0.0, "complexity mean": 9.5367431640625e-07, "complexity std": 0.0, "density mean": 0.3619280755519867, "density std": 0.0, "entropy mean": 0.3966484069824219, "entropy std": 0.0, "stability": true, "stability non zero": true, "fraction hard fields": 0.0, "fraction i frozen": 0.0, "fraction j frozen": 0.0, "fraction config forbidden": 0.0}