Messages,Free entropy density,density,entropy density,stability,physical
"[[0.22733159078789925, 0.35644731787441175], [0.28290432267684723, 0.1333167686608418]]",0.22546294848684179,0.43747318118682427,0.22546294848684179,True,True
