{"Messages": [[0.22733159078789925, 0.35644731787441175], [0.28290432267684723, 0.1333167686608418]], "Free entropy density": 0.22546294848684179, "density": 0.43747318118682427, "entropy density": 0.22546294848684179, "stability": true, "physical": true, "stability AT": true, "linear stability": false, "non linear stability": false, "eta": [0.0, 9.850501549098695e-14, 2.984631083743645e-11, 7.614344941131179e-10, 1.0189761813552515e-11, 0.0, 2.068836781528394e-11, 2.2174508458666807e-10, 9.850501549098695e-14, 0.0, 0.0, 0.0, 1.9695805816252244e-09, 0.0, 2.818918491310028e-08, 0.9999999687971334], "phi_SP": 1.110223024625156e-16, "stability SP": true, "phi_SP_noisy": null}