{"replicated free entropy": 0.20955634117126465, "cluster free entropy": 0.20955538749694824, "complexity": 9.5367431640625e-07, "density": 0.17483243346214294, "entropy": 0.20955538749694824, "replicated free entropy mean": 0.20955655051440727, "replicated free entropy std": 7.801758292243968e-08, "cluster free entropy mean": 0.20955559684009087, "cluster free entropy std": 7.801758292243968e-08, "complexity mean": 9.5367431640625e-07, "complexity std": 0.0, "density mean": 0.17483243346214294, "density std": 0.0, "entropy mean": 0.20955559684009087, "entropy std": 7.801758292243968e-08}