Messages,Free entropy density,density,entropy density,stability,physical
"[[0.23769082833126615, 0.34648338651538657], [0.24694486681476369, 0.16888091833858349]]",-0.03917758642930025,0.44538940411530864,-0.03917758642930025,True,True
