{"Messages": [[0.23769082833126615, 0.34648338651538657], [0.24694486681476369, 0.16888091833858349]], "Free entropy density": -0.03917758642930025, "density": 0.44538940411530864, "entropy density": -0.03917758642930025, "stability": true, "physical": true, "stability AT": true, "linear stability": false, "non linear stability": true, "eta": [0.0, 0.20508938749632163, 0.29989043154258704, 0.0, 0.20636787568542855, 0.0, 0.0, 0.0, 0.07424993517464976, 0.0, 0.0, 0.0, 0.21440237010101304, 0.0, 0.0, 0.0], "phi_SP": -0.039177586429299804, "stability SP": true, "phi_SP_noisy": null}