{"Messages": [[0.47586641541013647, 0.2551721048611518], [0.13718977435445429, 0.13177170537425742]], "Free entropy density": 0.29687729292856924, "density": 0.16687807867826235, "entropy density": 0.29687729292856924, "stability": false, "physical": true}