Messages,Free entropy density,density,entropy density,stability,physical
"[[0.5266853865544157, 0.3652116077233896], [0.10810300568995825, 3.223630941708587e-11]]",0.23465390813858522,0.11078865523665357,0.23465390813858522,False,True
