{"Messages": [[0.5266853865544157, 0.3652116077233896], [0.10810300568995825, 3.223630941708587e-11]], "Free entropy density": 0.23465390813858522, "density": 0.11078865523665357, "entropy density": 0.23465390813858522, "stability": false, "physical": true}