{"Messages": [[0.40188579813458347, 0.3491699676670159], [0.12546056264768154, 0.12348367155071907]], "Free entropy density": 0.30872532585460677, "density": 0.22337733159459, "entropy density": 0.30872532585460677, "stability": false, "physical": true}