{"Messages": [[0.28976223494647596, 0.18407110439991572], [0.24114012641548538, 0.2850265342381229]], "Free entropy density": 0.4265417885210856, "density": 0.4946411745296501, "entropy density": 0.4265417885210856, "stability": true, "physical": true, "stability AT": true, "linear stability": true, "non linear stability": true, "eta": [0.0, 7.587969458782438e-11, 6.835158514946957e-12, 4.901780168267231e-09, 3.3578406989945335e-11, 0.0, 0.0, 3.9590760056830755e-10, 4.746537596495171e-10, 0.0, 0.0, 1.2286900651526806e-09, 2.063247081427777e-08, 8.82613006227879e-10, 0.0, 0.9999999713675913], "phi_SP": 0.0, "stability SP": true, "phi_SP_noisy": null}