{"replicated free entropy": -0.030242323875427246, "cluster free entropy": 6.86347484588623e-05, "complexity": -0.03031095862388611, "density": 0.7072357535362244, "entropy": 6.86347484588623e-05, "replicated free entropy mean": -0.03027854314664515, "replicated free entropy std": 0.0002149302455663811, "cluster free entropy mean": 0.00035318804950248907, "cluster free entropy std": 0.00033562645568153304, "complexity mean": -0.03063173119614764, "complexity std": 0.00034396751530521596, "density mean": 0.7070238197722086, "density std": 0.00042125987373046786, "entropy mean": 0.00035318804950248907, "entropy std": 0.00033562645568153304, "stability": true, "stability non zero": true, "fraction hard fields": 0.7439436912536621, "fraction i frozen": 1.0, "fraction j frozen": 0.7439436912536621, "fraction config forbidden": 1.0}