{"Messages": [[0.0, 0.09787817411983381], [0.3555534185275302, 0.546568407352636]], "Free entropy density": 0.22054430290562244, "density": 0.9055192842006794, "entropy density": 0.22054430290562244, "stability": false, "physical": true}