{"Messages": [[0.2162497651368535, 0.25169982925915485], [0.23710154500754657, 0.2949488605964451]], "Free entropy density": 0.09036328665483007, "density": 0.5794713265051847, "entropy density": 0.09036328665483007, "stability": true, "physical": true}