{"replicated free entropy": 0.30062437057495117, "cluster free entropy": 0.30062365531921387, "complexity": 7.152557373046875e-07, "density": 0.6580501198768616, "entropy": 0.30062365531921387, "replicated free entropy mean": 0.30062437057495117, "replicated free entropy std": 0.0, "cluster free entropy mean": 0.30062365531921387, "cluster free entropy std": 0.0, "complexity mean": 7.152557373046875e-07, "complexity std": 0.0, "density mean": 0.6580501198768616, "density std": 0.0, "entropy mean": 0.30062365531921387, "entropy std": 0.0, "stability": true, "stability non zero": true, "fraction hard fields": 0.0, "fraction i frozen": 0.0, "fraction j frozen": 0.0, "fraction config forbidden": 0.0}