{"Messages": [[0.12773958089728302, 0.2554791617945659], [0.25547916179456587, 0.36130209551358516]], "Free entropy density": -0.030312310908217732, "density": 0.7058823529411763, "entropy density": -0.030312310908217732, "stability": true, "physical": true, "stability AT": true, "linear stability": false, "non linear stability": true, "eta": [0.0, 0.414213549134323, 0.29289322032153725, 0.0, 0.1464466206303748, 0.0, 0.0, 0.0, 1.6849966666969222e-08, 0.0, 0.0, 0.0, 0.1464465930637983, 0.0, 0.0, 0.0], "phi_SP": -0.030312310908216844, "stability SP": true, "phi_SP_noisy": null}