{"Messages": [[0.23905905824220014, 0.19257364010995315], [0.18857029232437203, 0.37979700932347477]], "Free entropy density": 0.37932055537191456, "density": 0.6589223272243551, "entropy density": 0.37932055537191456, "stability": true, "physical": true, "stability AT": true, "linear stability": true, "non linear stability": true, "eta": [0.0, 2.407701686724621e-10, 2.799680927722274e-12, 8.186012526647627e-09, 2.799680927722274e-12, 0.0, 0.0, 0.0, 1.1914082252443183e-11, 0.0, 0.0, 3.039918855267425e-10, 7.75782506780779e-10, 2.0083648466343078e-08, 0.0, 0.9999999703922811], "phi_SP": -1.1102230246251563e-16, "stability SP": true, "phi_SP_noisy": null}