{"replicated free entropy": -0.376467227935791, "cluster free entropy": 0.0, "complexity": -0.376467227935791, "density": 0.49952414631843567, "entropy": 0.0, "replicated free entropy mean": -0.376011237865541, "replicated free entropy std": 0.00034665918642991976, "cluster free entropy mean": 0.0, "cluster free entropy std": 0.0, "complexity mean": -0.376011237865541, "complexity std": 0.00034665918642991976, "density mean": 0.5001934010808061, "density std": 0.001919001428619322, "entropy mean": 0.0, "entropy std": 0.0, "stability": true, "stability non zero": true, "fraction hard fields": 1.0, "fraction i frozen": 1.0, "fraction j frozen": 1.0, "fraction config forbidden": 1.0}