{"Messages": [[0.27670181671788774, 0.2063388486539634], [0.27986882628941, 0.23709050833873882]], "Free entropy density": 0.22701660400376333, "density": 0.4590126289361338, "entropy density": 0.22701660400376333, "stability": false, "physical": true}