Messages,Free entropy density,density,entropy density,stability,physical
"[[0.304104628389319, 0.304104628389319], [0.20162051537086073, 0.19017022785050114]]",0.5263176499705913,0.387940253409046,0.5263176499705913,False,True
