{"Messages": [[0.304104628389319, 0.304104628389319], [0.20162051537086073, 0.19017022785050114]], "Free entropy density": 0.5263176499705913, "density": 0.387940253409046, "entropy density": 0.5263176499705913, "stability": false, "physical": true}