{"Free entropy density": 1.4551915228366853e-16, "density": 0.47141000000000005, "entropy density": 1.4551915228366853e-16, "stability": false, "stability non zero": true, "fraction hard fields": 0.537185, "fraction i frozen": 0.95364, "fraction config forbidden": 1.0, "fraction found": 1.0}