{"Free entropy density": 1.4551915228366853e-16, "density": 0.48480000000000006, "entropy density": 1.4551915228366853e-16, "stability": false, "stability non zero": true, "fraction hard fields": 0.5304150000000001, "fraction i frozen": 0.9529050000000001, "fraction config forbidden": 1.0, "fraction found": 1.0}