{"replicated free entropy": -0.16074013710021973, "cluster free entropy": -6.631016731262207e-05, "complexity": -0.1606738269329071, "density": 0.24298125505447388, "entropy": -6.631016731262207e-05, "replicated free entropy mean": -0.16060113325351622, "replicated free entropy std": 0.0002470365219100787, "cluster free entropy mean": -0.000295040084094536, "cluster free entropy std": 0.0005689731724178961, "complexity mean": -0.16030609316942168, "complexity std": 0.0005717935409722764, "density mean": 0.24317000261167201, "density std": 0.0006899397765017825, "entropy mean": -0.000295040084094536, "entropy std": 0.0005689731724178961, "stability": true, "stability non zero": true, "fraction hard fields": 0.7974213361740112, "fraction i frozen": 1.0, "fraction j frozen": 0.7974213361740112, "fraction config forbidden": 1.0}