{"replicated free entropy": 0.4047672748565674, "cluster free entropy": 0.27926790714263916, "complexity": 0.12549936771392822, "density": 0.7208613753318787, "entropy": 0.27926790714263916, "replicated free entropy mean": 0.40481277791465203, "replicated free entropy std": 0.00020809364692789788, "cluster free entropy mean": 0.27810575613161415, "cluster free entropy std": 0.0009621932924944188, "complexity mean": 0.1267070217830379, "complexity std": 0.0009825598616134063, "density mean": 0.7205268406286472, "density std": 0.0006250662447361112, "entropy mean": 0.27810575613161415, "entropy std": 0.0009621932924944188}