{"replicated free entropy": 0.4385833740234375, "cluster free entropy": 0.4385840892791748, "complexity": -7.152557373046875e-07, "density": 0.4322971701622009, "entropy": 0.4385840892791748, "replicated free entropy mean": 0.4385833740234375, "replicated free entropy std": 0.0, "cluster free entropy mean": 0.4385840776490002, "cluster free entropy std": 7.355568258165452e-08, "complexity mean": -7.036255627143674e-07, "complexity std": 7.35556825816545e-08, "density mean": 0.4322971730697446, "density std": 1.838892064541363e-08, "entropy mean": 0.4385840776490002, "entropy std": 7.355568258165452e-08, "stability": true, "stability non zero": true, "fraction hard fields": 0.0, "fraction i frozen": 0.0, "fraction j frozen": 0.0, "fraction config forbidden": 0.0}