{"Messages": [[0.4017111016939855, 0.32855771364023617], [0.16294233331374813, 0.1067888513520302]], "Free entropy density": 0.4465793243683778, "density": 0.23205423887964582, "entropy density": 0.4465793243683778, "stability": false, "physical": true}