{"replicated free entropy": 0.3907294273376465, "cluster free entropy": 0.3907301425933838, "complexity": -7.152557373046875e-07, "density": 0.5314875245094299, "entropy": 0.3907301425933838, "replicated free entropy mean": 0.3907294273376465, "replicated free entropy std": 0.0, "cluster free entropy mean": 0.3907301425933838, "cluster free entropy std": 0.0, "complexity mean": -7.152557373046875e-07, "complexity std": 0.0, "density mean": 0.5314875245094299, "density std": 0.0, "entropy mean": 0.3907301425933838, "entropy std": 0.0}