Messages,Free entropy density,density,entropy density,stability,physical
"[[0.1441481277086206, 0.21314067338942236], [0.2641372368892557, 0.37857396201270127]]",-0.1336902766360315,0.7214353994942537,-0.1336902766360315,True,True
"[[0.3565810310750591, 0.40798620259883084], [0.23543276632611015, 7.059024317122177e-23]]",-0.10147598304352545,0.3008655061193048,-0.10147598304352545,True,True
