{"Messages": [[0.3565810310750591, 0.40798620259883084], [0.23543276632611015, 7.059024317122177e-23]], "Free entropy density": -0.10147598304352545, "density": 0.3008655061193048, "entropy density": -0.10147598304352545, "stability": true, "physical": true, "stability AT": true, "linear stability": false, "non linear stability": false, "eta": [0.0, 0.4106771334880241, 0.28440154718123595, 0.0, 0.14645644972622493, 0.0, 0.001993441419122721, 0.0, 0.07356641380572533, 0.0, 0.00014379405021537945, 0.0, 0.0827611902464791, 0.0, 3.0082972528156856e-08, 0.0], "phi_SP": -0.13371447252268664, "stability SP": true, "phi_SP_noisy": null}