{"replicated free entropy": 0.26167213916778564, "cluster free entropy": 0.2616698741912842, "complexity": 2.2649765014648438e-06, "density": 0.6476383805274963, "entropy": 0.2616698741912842, "replicated free entropy mean": 0.26167213916778564, "replicated free entropy std": 0.0, "cluster free entropy mean": 0.2616698741912842, "cluster free entropy std": 0.0, "complexity mean": 2.2649765014648438e-06, "complexity std": 0.0, "density mean": 0.6476383805274963, "density std": 0.0, "entropy mean": 0.2616698741912842, "entropy std": 0.0, "stability": true, "stability non zero": true, "fraction hard fields": 0.0, "fraction i frozen": 0.0, "fraction j frozen": 0.0, "fraction config forbidden": 1.0}