Messages,Free entropy density,density,entropy density,stability,physical
"[[3.7495222843569105e-23, 0.3578570186408716], [0.4186679526699155, 0.22347502868921285]]",-0.5334086350534579,0.5714285714285714,-0.5334086350534579,True,True
"[[0.3840990126346416, 0.3025897435378571], [0.17895937733370518, 0.13435186649379616]]",-0.28379217000024903,0.2636204645125157,-0.28379217000024903,True,True
