{"Messages": [[0.3840990126346416, 0.3025897435378571], [0.17895937733370518, 0.13435186649379616]], "Free entropy density": -0.28379217000024903, "density": 0.2636204645125157, "entropy density": -0.28379217000024903, "stability": true, "physical": true, "stability AT": true, "linear stability": false, "non linear stability": true, "eta": [0.0, 0.13435185232029312, 0.17895936642179636, 0.0, 0.3025897473848418, 0.0, 0.0, 0.0, 0.38409903387306876, 0.0, 0.0, 0.0, 0.0, 0.0, 0.0, 0.0], "phi_SP": -0.2837921700002548, "stability SP": true, "phi_SP_noisy": null}