Messages,Free entropy density,density,entropy density,stability,physical
"[[0.1723382671777607, 0.1391273909469231], [0.23566682922522036, 0.4528675126500959]]",0.27162648516262555,0.7919590716540768,0.27162648516262555,False,True
"[[0.4999999999999999, 0.4999999999999999], [1.4836630421240248e-42, 2.239522205614062e-41]]",0.0,3.5943146850080375e-121,0.0,False,True
