{"Messages": [[0.1723382671777607, 0.1391273909469231], [0.23566682922522036, 0.4528675126500959]], "Free entropy density": 0.27162648516262555, "density": 0.7919590716540768, "entropy density": 0.27162648516262555, "stability": false, "physical": true}