{"Messages": [[0.2688138587650556, 0.19669331758242425], [0.22169261715508576, 0.3128002064974344]], "Free entropy density": 0.43736805661070743, "density": 0.549711446498011, "entropy density": 0.43736805661070743, "stability": false, "physical": true}