{"replicated free entropy": -0.24178338050842285, "cluster free entropy": 0.00022041797637939453, "complexity": -0.24200379848480225, "density": 0.5279293060302734, "entropy": 0.00022041797637939453, "replicated free entropy mean": -0.2413745915017477, "replicated free entropy std": 0.00028427615065359775, "cluster free entropy mean": -2.5324705170422064e-06, "cluster free entropy std": 0.0002949799670178001, "complexity mean": -0.24137205903123066, "complexity std": 0.0004283177458970586, "density mean": 0.5275787304087383, "density std": 0.0005383616409050239, "entropy mean": -2.5324705170422064e-06, "entropy std": 0.0002949799670178001, "stability": true, "stability non zero": true, "fraction hard fields": 0.7085996270179749, "fraction i frozen": 1.0, "fraction j frozen": 0.7085996270179749, "fraction config forbidden": 1.0}