{"Messages": [[0.31117092498104526, 0.4382242150940948], [0.25060485992485976, 2.458345881909632e-22]], "Free entropy density": 0.059332218382806445, "density": 0.34701950759355704, "entropy density": 0.059332218382806445, "stability": false, "physical": true}