{"replicated free entropy": 0.24751687049865723, "cluster free entropy": 0.24751877784729004, "complexity": -1.9073486328125e-06, "density": 0.311489999294281, "entropy": 0.24751877784729004, "replicated free entropy mean": 0.24751687049865723, "replicated free entropy std": 0.0, "cluster free entropy mean": 0.24751877784729004, "cluster free entropy std": 0.0, "complexity mean": -1.9073486328125e-06, "complexity std": 0.0, "density mean": 0.311489999294281, "density std": 0.0, "entropy mean": 0.24751877784729004, "entropy std": 0.0, "stability": true, "stability non zero": true, "fraction hard fields": 0.0, "fraction i frozen": 0.0, "fraction j frozen": 0.0, "fraction config forbidden": 1.0}