Messages,Free entropy density,density,entropy density,stability,physical
"[[0.0, 0.49999999999854705], [0.49999999999854705, 2.906024913028248e-12]]",-0.6931471805599452,0.5,-0.6931471805599452,False,True
"[[0.3769887377152039, 0.41825560170955345], [0.20475566057212366, 3.119158117746517e-12]]",0.13122231016196473,0.2732608573512208,0.13122231016196473,True,True
