{"Messages": [[0.3769887377152039, 0.41825560170955345], [0.20475566057212366, 3.119158117746517e-12]], "Free entropy density": 0.13122231016196473, "density": 0.2732608573512208, "entropy density": 0.13122231016196473, "stability": true, "physical": true, "stability AT": true, "linear stability": false, "non linear stability": false, "eta": [0.0, 5.3631231719770945e-18, 6.883221829551402e-10, 0.0, 9.529113938236604e-12, 0.0, 4.817130261700223e-11, 0.0, 1.2855630428154904e-11, 0.0, 1.5481079109043266e-12, 0.0, 2.5800343630122824e-08, 0.0, 0.99999997343923, 0.0], "phi_SP": 0.0, "stability SP": true, "phi_SP_noisy": null}