{"replicated free entropy": 0.1085352897644043, "cluster free entropy": 0.10853791236877441, "complexity": -2.6226043701171875e-06, "density": 0.33723971247673035, "entropy": 0.10853791236877441, "replicated free entropy mean": 0.1085352897644043, "replicated free entropy std": 0.0, "cluster free entropy mean": 0.10853791236877441, "cluster free entropy std": 0.0, "complexity mean": -2.6226043701171875e-06, "complexity std": 0.0, "density mean": 0.33723971465738806, "density std": 1.3791690484060222e-08, "entropy mean": 0.10853791236877441, "entropy std": 0.0, "stability": true, "stability non zero": true, "fraction hard fields": 0.0, "fraction i frozen": 0.0, "fraction j frozen": 0.0, "fraction config forbidden": 0.0}