Messages,Free entropy density,density,entropy density,stability,physical
"[[1.3237638930353572e-12, 0.9999999999986763], [2.757826131551027e-25, 4.688304423636748e-24]]",-28.36065240179188,0,-28.36065240179188,True,False
