{"Messages": [[1.3237638930353572e-12, 0.9999999999986763], [2.757826131551027e-25, 4.688304423636748e-24]], "Free entropy density": -28.36065240179188, "density": 0, "entropy density": -28.36065240179188, "stability": true, "physical": false, "stability AT": false, "linear stability": true, "non linear stability": true, "eta": [0.0, 4.651767835491927e-16, 4.651767835491927e-16, 0.0, 0.9999999456329084, 0.0, 0.0, 0.0, 5.436709081109431e-08, 0.0, 0.0, 0.0, 0.0, 0.0, 0.0, 0.0], "phi_SP": -17.737617160630933, "stability SP": true, "phi_SP_noisy": null}