Messages,Free entropy density,density,entropy density,stability,physical
"[[0.524859242612428, 0.3660622154396467], [0.10907854194792503, 6.520658933182537e-19]]",0.23552181257939564,0.11237110828824227,0.23552181257939564,False,True
