{"Messages": [[0.524859242612428, 0.3660622154396467], [0.10907854194792503, 6.520658933182537e-19]], "Free entropy density": 0.23552181257939564, "density": 0.11237110828824227, "entropy density": 0.23552181257939564, "stability": false, "physical": true}