Messages,Free entropy density,density,entropy density,stability,physical
"[[0.25529805781885095, 0.22288212290376969], [0.17740526423797381, 0.34441455503940555]]",-0.13234932356730722,0.6016517189974859,-0.13234932356730722,True,True
