{"Messages": [[0.25529805781885095, 0.22288212290376969], [0.17740526423797381, 0.34441455503940555]], "Free entropy density": -0.13234932356730722, "density": 0.6016517189974859, "entropy density": -0.13234932356730722, "stability": true, "physical": true, "stability AT": true, "linear stability": false, "non linear stability": true, "eta": [0.0, 0.4056235835464644, 0.20892210693563845, 0.0, 0.08503727855377567, 0.0, 0.0, 0.0, 0.12316080878263977, 0.0, 0.0, 0.0, 0.17725622218148182, 0.0, 0.0, 0.0], "phi_SP": -0.13234951430172082, "stability SP": true, "phi_SP_noisy": null}