{"replicated free entropy": 0.6359784603118896, "cluster free entropy": 0.6359763145446777, "complexity": 2.1457672119140625e-06, "density": 0.5, "entropy": 0.6359763145446777, "replicated free entropy mean": 0.6359784603118896, "replicated free entropy std": 0.0, "cluster free entropy mean": 0.6359763145446777, "cluster free entropy std": 0.0, "complexity mean": 2.1457672119140625e-06, "complexity std": 0.0, "density mean": 0.5, "density std": 0.0, "entropy mean": 0.6359763145446777, "entropy std": 0.0, "stability": true, "stability non zero": true, "fraction hard fields": 0.0, "fraction i frozen": 0.0, "fraction j frozen": 0.0, "fraction config forbidden": 0.0}