Messages,Free entropy density,density,entropy density,stability,physical
"[[0.0, 0.24414024395522194], [0.34526644412255103, 0.4105933119222271]]",-0.17328679513998613,0.7499999999999999,-0.17328679513998613,False,True
"[[0.0, 0.9999999999999998], [6.894565328877577e-24, 0.0]]",-81.03668391698407,0,-81.03668391698407,False,False
"[[0.22654091966098647, 0.22654091966098647], [0.22654091966098644, 0.3203772410170407]]",-0.11157177565710485,0.5999999999999999,-0.11157177565710485,True,True
