{"Messages": [[0.22654091966098647, 0.22654091966098647], [0.22654091966098644, 0.3203772410170407]], "Free entropy density": -0.11157177565710485, "density": 0.5999999999999999, "entropy density": -0.11157177565710485, "stability": true, "physical": true, "stability AT": true, "linear stability": true, "non linear stability": true, "eta": [0.0, 0.3203772181736524, 0.22654091503569554, 0.0, 0.22654093384694746, 0.0, 0.0, 0.0, 0.22654093294370473, 0.0, 0.0, 0.0, 0.0, 0.0, 0.0, 0.0], "phi_SP": -0.11157177565711018, "stability SP": true, "phi_SP_noisy": null}