Messages,Free entropy density,density,entropy density,stability,physical
"[[0.405585523961378, 0.405585523961378], [0.18882895202208316, 5.5160935255208086e-11]]",0.4354342827226756,0.24108590671857705,0.4354342827226756,True,True
