{"Messages": [[0.405585523961378, 0.405585523961378], [0.18882895202208316, 5.5160935255208086e-11]], "Free entropy density": 0.4354342827226756, "density": 0.24108590671857705, "entropy density": 0.4354342827226756, "stability": true, "physical": true, "stability AT": true, "linear stability": true, "non linear stability": true, "eta": [0.0, 0.3915773401556225, 0.17820288822820632, 0.0, 5.468126811957566e-12, 0.0, 0.0, 0.0, 5.468126811957566e-12, 0.0, 0.0, 0.0, 0.2151098835215483, 0.0, 0.21510988808368664, 0.0], "phi_SP": 0.2045757755688027, "stability SP": false, "phi_SP_noisy": 1.110223024625156e-16}