Messages,Free entropy density,density,entropy density,stability,physical
"[[1.8347988927920673e-13, 0.34404972084119956], [0.395209348367475, 0.26074093079114197]]",-0.2502012117690937,0.6000000000000001,-0.2502012117690937,True,True
