{"Messages": [[1.8347988927920673e-13, 0.34404972084119956], [0.395209348367475, 0.26074093079114197]], "Free entropy density": -0.2502012117690937, "density": 0.6000000000000001, "entropy density": -0.2502012117690937, "stability": true, "physical": true, "stability AT": true, "linear stability": false, "non linear stability": false, "eta": [0.0, 0.2607409222101817, 0.39520933536117175, 0.0, 0.3440497095185555, 0.0, 0.0, 0.0, 3.291009114642426e-08, 0.0, 0.0, 0.0, 0.0, 0.0, 0.0, 0.0], "phi_SP": -0.2502012117690988, "stability SP": true, "phi_SP_noisy": null}