Messages,Free entropy density,density,entropy density,stability,physical
"[[0.1590108952234079, 0.33580095807806853], [0.28603943447032737, 0.21914871222819607]]",-0.001238794673099619,0.5428417222274108,-0.001238794673099619,True,True
