{"Messages": [[0.1590108952234079, 0.33580095807806853], [0.28603943447032737, 0.21914871222819607]], "Free entropy density": -0.001238794673099619, "density": 0.5428417222274108, "entropy density": -0.001238794673099619, "stability": true, "physical": true, "stability AT": true, "linear stability": false, "non linear stability": true, "eta": [0.0, 0.26058447888140546, 0.34012263276837895, 0.0, 0.21021684566413565, 0.0, 0.0, 0.0, 2.1062458333711527e-08, 0.0, 0.0, 0.0, 0.1890760216236216, 0.0, 0.0, 0.0], "phi_SP": -0.0012387946731002852, "stability SP": true, "phi_SP_noisy": null}