{"replicated free entropy": 0.5414566993713379, "cluster free entropy": 0.5414581298828125, "complexity": -1.430511474609375e-06, "density": 0.43524131178855896, "entropy": 0.5414581298828125, "replicated free entropy mean": 0.5414566993713379, "replicated free entropy std": 0.0, "cluster free entropy mean": 0.5414582927052568, "cluster free entropy std": 2.2611643739122973e-07, "complexity mean": -1.5933339188738566e-06, "complexity std": 2.2611643739122973e-07, "density mean": 0.4352412914357534, "density std": 2.8264554673903716e-08, "entropy mean": 0.5414582927052568, "entropy std": 2.2611643739122973e-07}