{"replicated free entropy": -0.28360438346862793, "cluster free entropy": 0.0, "complexity": -0.28360438346862793, "density": 0.2630213499069214, "entropy": 0.0, "replicated free entropy mean": -0.2838517863576005, "replicated free entropy std": 0.00040920837412745454, "cluster free entropy mean": 0.0, "cluster free entropy std": 0.0, "complexity mean": -0.2838517863576005, "complexity std": 0.00040920837412745454, "density mean": 0.26361071409248726, "density std": 0.0009121817463764117, "entropy mean": 0.0, "entropy std": 0.0, "stability": true, "stability non zero": true, "fraction hard fields": 1.0, "fraction i frozen": 1.0, "fraction j frozen": 1.0, "fraction config forbidden": 1.0}