{"replicated free entropy": 0.22546172142028809, "cluster free entropy": 0.22546100616455078, "complexity": 7.152557373046875e-07, "density": 0.43747350573539734, "entropy": 0.22546100616455078, "replicated free entropy mean": 0.22546172142028809, "replicated free entropy std": 0.0, "cluster free entropy mean": 0.22546114572664586, "cluster free entropy std": 1.1745900570895122e-07, "complexity mean": 5.75693642220846e-07, "complexity std": 1.1745900570895122e-07, "density mean": 0.43747350573539734, "density std": 0.0, "entropy mean": 0.22546114572664586, "entropy std": 1.1745900570895122e-07, "stability": true, "stability non zero": true, "fraction hard fields": 0.0, "fraction i frozen": 0.0, "fraction j frozen": 0.0, "fraction config forbidden": 0.0}