Messages,Free entropy density,density,entropy density,stability,physical
"[[0.21289418063369153, 0.295618720695817], [0.2304683846962867, 0.26101871397420473]]",0.04867281583572014,0.5456655061013224,0.04867281583572014,False,True
"[[0.9999999999999998, 9.226267145912965e-17], [6.797827413852701e-19, 1.673131369240276e-18]]",-1.9721522630525295e-31,1.4297607968794704e-67,-1.9721522630525295e-31,False,True
