{"Messages": [[0.21289418063369153, 0.295618720695817], [0.2304683846962867, 0.26101871397420473]], "Free entropy density": 0.04867281583572014, "density": 0.5456655061013224, "entropy density": 0.04867281583572014, "stability": false, "physical": true}