{"replicated free entropy": 0.08173489570617676, "cluster free entropy": -0.00013691186904907227, "complexity": 0.08187180757522583, "density": 0.5053310990333557, "entropy": -0.00013691186904907227, "replicated free entropy mean": 0.0816507513930158, "replicated free entropy std": 0.00022165837562541137, "cluster free entropy mean": 4.571530877090082e-05, "cluster free entropy std": 0.0004567628210402087, "complexity mean": 0.0816050360842449, "complexity std": 0.0005033585219039118, "density mean": 0.5054583883867031, "density std": 0.0006473598355246756, "entropy mean": 4.571530877090082e-05, "entropy std": 0.0004567628210402087, "stability": true, "stability non zero": true, "fraction hard fields": 0.6766781210899353, "fraction i frozen": 1.0, "fraction j frozen": 0.6766781210899353, "fraction config forbidden": 1.0}