Messages,Free entropy density,density,entropy density,stability,physical
"[[5.9200521019607945e-12, 0.9999999999940798], [5.515652263102062e-24, 0.0]]",-26.862786265012602,0,-26.862786265012602,False,False
"[[0.1993270733217251, 0.19665347787195125], [0.2922348798914705, 0.3117845689148532]]",0.17469510852312364,0.6140991421832642,0.17469510852312364,True,True
