{"Messages": [[0.1993270733217251, 0.19665347787195125], [0.2922348798914705, 0.3117845689148532]], "Free entropy density": 0.17469510852312364, "density": 0.6140991421832642, "entropy density": 0.17469510852312364, "stability": true, "physical": true, "stability AT": true, "linear stability": false, "non linear stability": true, "eta": [0.0, 1.783994859526226e-10, 4.217223629664054e-11, 1.7576064676629816e-08, 7.746180574836586e-11, 2.0157983583951084e-11, 1.1016819166396168e-11, 1.9214109596004793e-10, 6.137193320414668e-11, 8.491182365264523e-11, 5.40559840629755e-11, 1.010794372790555e-10, 1.0270809781672788e-08, 6.845586956805876e-10, 1.7123893643557073e-11, 0.9999999706286743], "phi_SP": 0.0, "stability SP": true, "phi_SP_noisy": null}