{"replicated free entropy": 0.3478231430053711, "cluster free entropy": 0.347822904586792, "complexity": 2.384185791015625e-07, "density": 0.7208656668663025, "entropy": 0.347822904586792, "replicated free entropy mean": 0.3478231546355457, "replicated free entropy std": 5.135746040767488e-08, "cluster free entropy mean": 0.3478229162169666, "cluster free entropy std": 5.135746040767488e-08, "complexity mean": 2.384185791015625e-07, "complexity std": 0.0, "density mean": 0.7208656639587588, "density std": 1.283936510191872e-08, "entropy mean": 0.3478229162169666, "entropy std": 5.135746040767488e-08}