Messages,Free entropy density,density,entropy density,stability,physical
"[[0.32408980126366627, 0.3107972706201124], [0.17060081860780663, 0.19451210950841458]]",0.40591550922951125,0.3650149847436275,0.40591550922951125,False,True
