{"replicated free entropy": 0.22298002243041992, "cluster free entropy": 0.222977876663208, "complexity": 2.1457672119140625e-06, "density": 0.3820751905441284, "entropy": 0.222977876663208, "replicated free entropy mean": 0.22298002243041992, "replicated free entropy std": 0.0, "cluster free entropy mean": 0.2229778824782953, "cluster free entropy std": 3.677784129082726e-08, "complexity mean": 2.1399521246189026e-06, "complexity std": 3.677784129082725e-08, "density mean": 0.38207518981724253, "density std": 4.597230161353407e-09, "entropy mean": 0.2229778824782953, "entropy std": 3.677784129082726e-08, "stability": true, "stability non zero": true, "fraction hard fields": 0.0, "fraction i frozen": 0.0, "fraction j frozen": 0.0, "fraction config forbidden": 0.0}