{"replicated free entropy": 0.22968244552612305, "cluster free entropy": 0.22968077659606934, "complexity": 1.6689300537109375e-06, "density": 0.6987392902374268, "entropy": 0.22968077659606934, "replicated free entropy mean": 0.22968245715629765, "replicated free entropy std": 5.135746040767488e-08, "cluster free entropy mean": 0.2296808347469423, "cluster free entropy std": 3.236658991854538e-07, "complexity mean": 1.622409355349657e-06, "complexity std": 2.7472825890093813e-07, "density mean": 0.6987393076826887, "density std": 6.614262398322807e-08, "entropy mean": 0.2296808347469423, "entropy std": 3.236658991854538e-07, "stability": true, "stability non zero": true, "fraction hard fields": 0.0, "fraction i frozen": 0.0, "fraction j frozen": 0.0, "fraction config forbidden": 1.0}