{"replicated free entropy": 0.08788323402404785, "cluster free entropy": 0.005745649337768555, "complexity": 0.0821375846862793, "density": 0.4003991484642029, "entropy": 0.005745649337768555, "replicated free entropy mean": 0.08754993066555117, "replicated free entropy std": 0.0001823477616431674, "cluster free entropy mean": 0.005428654391591142, "cluster free entropy std": 0.00018926516651489203, "complexity mean": 0.08212127627396001, "complexity std": 0.00017582514624876232, "density mean": 0.40042580627813573, "density std": 0.00044389428288240605, "entropy mean": 0.005428654391591142, "entropy std": 0.00018926516651489203, "stability": true, "stability non zero": true, "fraction hard fields": 0.49034151434898376, "fraction i frozen": 0.9466255307197571, "fraction j frozen": 0.518281102180481, "fraction config forbidden": 0.9998546242713928}