{"Messages": [[0.21993537901325214, 0.29721858217969455], [0.28519783222335293, 0.19764820658370036]], "Free entropy density": 0.4371426921406103, "density": 0.48189125388272774, "entropy density": 0.4371426921406103, "stability": false, "physical": true}