{"Messages": [[0.4628589624657175, 0.3209284800592828], [0.06823305908803008, 0.1479794983869696]], "Free entropy density": 0.09874611474867834, "density": 0.15645167488587527, "entropy density": 0.09874611474867834, "stability": false, "physical": true}