{"replicated free entropy": 0.4087519645690918, "cluster free entropy": 0.2996872663497925, "complexity": 0.10906469821929932, "density": 0.27648404240608215, "entropy": 0.2996872663497925, "replicated free entropy mean": 0.40871618433696466, "replicated free entropy std": 0.00018016469677526392, "cluster free entropy mean": 0.2990538085379252, "cluster free entropy std": 0.001046330083163852, "complexity mean": 0.10966237579903952, "complexity std": 0.0010694628926959434, "density mean": 0.27664936461099765, "density std": 0.000702367080741664, "entropy mean": 0.2990538085379252, "entropy std": 0.001046330083163852}