{"replicated free entropy": 0.23852872848510742, "cluster free entropy": 0.23853206634521484, "complexity": -3.337860107421875e-06, "density": 0.1594996303319931, "entropy": 0.23853206634521484, "replicated free entropy mean": 0.23852872848510742, "replicated free entropy std": 0.0, "cluster free entropy mean": 0.23853206634521484, "cluster free entropy std": 0.0, "complexity mean": -3.337860107421875e-06, "complexity std": 0.0, "density mean": 0.1594996303319931, "density std": 0.0, "entropy mean": 0.23853206634521484, "entropy std": 0.0}