{"Messages": [[0.35537422196108576, 0.35537422196108576], [0.18674027665280532, 0.10251127942502324]], "Free entropy density": 0.5088447699256489, "density": 0.28521031842152816, "entropy density": 0.5088447699256489, "stability": false, "physical": true}