{"Messages": [[0.20392423381146757, 0.2363875781963824], [0.19133252348780194, 0.36835566450434815]], "Free entropy density": -0.024593783389208035, "density": 0.6757393954227882, "entropy density": -0.024593783389208035, "stability": true, "physical": true, "stability AT": true, "linear stability": false, "non linear stability": true, "eta": [0.0, 0.4627143130022216, 0.24034461853335587, 0.0, 0.04077921053435062, 0.0, 0.0, 0.0, 1.047484994526776e-17, 0.0, 0.0, 0.0, 0.2561618579300719, 0.0, 0.0, 0.0], "phi_SP": -0.0245937833892087, "stability SP": true, "phi_SP_noisy": null}