{"replicated free entropy": 0.20975518226623535, "cluster free entropy": 0.022718429565429688, "complexity": 0.18703675270080566, "density": 0.5371967554092407, "entropy": 0.022718429565429688, "replicated free entropy mean": 0.20885804804359995, "replicated free entropy std": 0.0006687509397313311, "cluster free entropy mean": 0.021899961843723205, "cluster free entropy std": 0.0008313923086255726, "complexity mean": 0.18695808619987675, "complexity std": 0.0007958981027826582, "density mean": 0.538690818519127, "density std": 0.0013283451626194033, "entropy mean": 0.021899961843723205, "entropy std": 0.0008313923086255726}