{"Messages": [[1.3237638930348055e-12, 0.9999999999986763], [2.757826131551027e-25, 4.688304423636748e-24]], "Free entropy density": -28.36065240179154, "density": 0, "entropy density": -28.36065240179154, "stability": true, "physical": false, "stability AT": false, "linear stability": true, "non linear stability": true, "eta": [0.0, 4.651767835491927e-16, 4.651767835491927e-16, 0.0, 0.9999999456329078, 0.0, 0.0, 0.0, 9.323562262331897e-15, 0.0, 0.0, 0.0, 5.4367081952708807e-08, 0.0, 0.0, 0.0], "phi_SP": -17.73761717419059, "stability SP": true, "phi_SP_noisy": null}