{"Messages": [[0.4855646290300767, 0.27427963493977703], [0.1302061813642307, 0.10994955466591558]], "Free entropy density": 0.28703964521842473, "density": 0.1497138952453112, "entropy density": 0.28703964521842473, "stability": false, "physical": true}