{"replicated free entropy": 0.17845559120178223, "cluster free entropy": 0.17845535278320312, "complexity": 2.384185791015625e-07, "density": 0.1195434108376503, "entropy": 0.17845535278320312, "replicated free entropy mean": 0.17845559120178223, "replicated free entropy std": 0.0, "cluster free entropy mean": 0.17845535278320312, "cluster free entropy std": 0.0, "complexity mean": 2.384185791015625e-07, "complexity std": 0.0, "density mean": 0.1195434108376503, "density std": 0.0, "entropy mean": 0.17845535278320312, "entropy std": 0.0}