Messages,Free entropy density,density,entropy density,stability,physical
"[[0.0, 0.2134155338223615], [0.4361440564144887, 0.35044040976314983]]",0.22968264486411583,0.6987396040529967,0.22968264486411583,True,True
