{"Messages": [[0.0, 0.2134155338223615], [0.4361440564144887, 0.35044040976314983]], "Free entropy density": 0.22968264486411583, "density": 0.6987396040529967, "entropy density": 0.22968264486411583, "stability": true, "physical": true, "stability AT": true, "linear stability": false, "non linear stability": true, "eta": [0.0, 6.594459232606653e-12, 9.820701017056694e-12, 2.7004207941450676e-08, 7.225313574937217e-10, 4.78145892905209e-13, 8.50002137054208e-11, 0.9999999721664585, 4.908617379362549e-12, 0.0, 0.0, 0.0, 0.0, 0.0, 0.0, 0.0], "phi_SP": -1.1102239884198171e-16, "stability SP": true, "phi_SP_noisy": null}