Messages,Free entropy density,density,entropy density,stability,physical
"[[0.0682239287508108, 0.11231480561864791], [0.30818149862297245, 0.5112797670075688]]",0.2573161741986769,0.8828832921272184,0.2573161741986769,False,True
"[[0.9999999999999994, 2.2725365205026037e-16], [6.590325009065025e-17, 2.176552428333203e-16]]",-1.1832913578315177e-30,1.1617269690832573e-62,-1.1832913578315177e-30,False,True
