{"Messages": [[0.0682239287508108, 0.11231480561864791], [0.30818149862297245, 0.5112797670075688]], "Free entropy density": 0.2573161741986769, "density": 0.8828832921272184, "entropy density": 0.2573161741986769, "stability": false, "physical": true}