{"replicated free entropy": 0.5692622661590576, "cluster free entropy": 0.5692594051361084, "complexity": 2.86102294921875e-06, "density": 0.6112595796585083, "entropy": 0.5692594051361084, "replicated free entropy mean": 0.5692622661590576, "replicated free entropy std": 0.0, "cluster free entropy mean": 0.5692594051361084, "cluster free entropy std": 0.0, "complexity mean": 2.86102294921875e-06, "complexity std": 0.0, "density mean": 0.6112595796585083, "density std": 0.0, "entropy mean": 0.5692594051361084, "entropy std": 0.0}