{"Messages": [[0.4396328936720474, 0.2835590221436893], [0.17497490142397182, 0.10183318276029164]], "Free entropy density": 0.3609610630176243, "density": 0.19805205262822545, "entropy density": 0.3609610630176243, "stability": true, "physical": true, "stability AT": true, "linear stability": true, "non linear stability": true, "eta": [0.0, 5.871356456934624e-13, 3.89118566940239e-11, 8.719234316859862e-10, 1.89707179081443e-11, 0.0, 0.0, 0.0, 6.712443863005865e-11, 0.0, 1.3757600471360478e-10, 0.0, 1.0183077487111291e-08, 0.0, 1.9925856589309448e-08, 0.9999999687559724], "phi_SP": -1.1102230246251563e-16, "stability SP": true, "phi_SP_noisy": null}