Messages,Free entropy density,density,entropy density,stability,physical
"[[0.14562407896474988, 0.3466175235554988], [0.31652334359378437, 0.1912350538859669]]",-0.24134033575577218,0.5277134674506206,-0.24134033575577218,True,True
