{"Messages": [[0.14562407896474988, 0.3466175235554988], [0.31652334359378437, 0.1912350538859669]], "Free entropy density": -0.24134033575577218, "density": 0.5277134674506206, "entropy density": -0.24134033575577218, "stability": true, "physical": true, "stability AT": true, "linear stability": false, "non linear stability": true, "eta": [0.0, 0.22383010235840534, 0.3704731478664435, 0.0, 0.235251782505285, 0.0, 0.0, 0.0, 2.1062458333711527e-08, 0.0, 0.0, 0.0, 0.17044494620740774, 0.0, 0.0, 0.0], "phi_SP": -0.24134033575577174, "stability SP": true, "phi_SP_noisy": null}