{"replicated free entropy": 0.11680197715759277, "cluster free entropy": 0.0007973909378051758, "complexity": 0.1160045862197876, "density": 0.20792122185230255, "entropy": 0.0007973909378051758, "replicated free entropy mean": 0.11643594708935968, "replicated free entropy std": 0.00038240975474002683, "cluster free entropy mean": 0.00025738107747045057, "cluster free entropy std": 0.0008309388224238552, "complexity mean": 0.11617856601188922, "complexity std": 0.0007857889683180328, "density mean": 0.20862879013193064, "density std": 0.0015894122647633832, "entropy mean": 0.00025738107747045057, "entropy std": 0.0008309388224238552}