{"replicated free entropy": -0.14040660858154297, "cluster free entropy": 0.0, "complexity": -0.14040660858154297, "density": 0.4740094840526581, "entropy": 0.0, "replicated free entropy mean": -0.14030152995411943, "replicated free entropy std": 0.0004103598807167814, "cluster free entropy mean": 0.0, "cluster free entropy std": 0.0, "complexity mean": -0.14030152995411943, "complexity std": 0.0004103598807167814, "density mean": 0.4744243280189793, "density std": 0.0010000114596734509, "entropy mean": 0.0, "entropy std": 0.0, "stability": true, "stability non zero": true, "fraction hard fields": 1.0, "fraction i frozen": 1.0, "fraction j frozen": 1.0, "fraction config forbidden": 1.0}