{"replicated free entropy": 0.5263161659240723, "cluster free entropy": 0.5263128280639648, "complexity": 3.337860107421875e-06, "density": 0.38794055581092834, "entropy": 0.5263128280639648, "replicated free entropy mean": 0.5263161659240723, "replicated free entropy std": 0.0, "cluster free entropy mean": 0.5263128280639648, "cluster free entropy std": 0.0, "complexity mean": 3.337860107421875e-06, "complexity std": 0.0, "density mean": 0.38794055581092834, "density std": 0.0, "entropy mean": 0.5263128280639648, "entropy std": 0.0}