Messages,Free entropy density,density,entropy density,stability,physical
"[[0.285134897887245, 0.2647041461851947], [0.20256466506833232, 0.24759629085922802]]",0.4875393136883548,0.4599792531325797,0.4875393136883548,False,True
"[[0.4257778880343235, 0.4174834557187403], [0.15673865624693636, 0.0]]",0.3968889054529454,0.2096236894767297,0.3968889054529454,False,True
