{"Messages": [[0.285134897887245, 0.2647041461851947], [0.20256466506833232, 0.24759629085922802]], "Free entropy density": 0.4875393136883548, "density": 0.4599792531325797, "entropy density": 0.4875393136883548, "stability": false, "physical": true}