{"Messages": [[0.23104195912963768, 0.2649161648795241], [0.18823585611508098, 0.31580601987575735]], "Free entropy density": 0.05229014029480261, "density": 0.5916621624600613, "entropy density": 0.05229014029480261, "stability": true, "physical": true, "stability AT": true, "linear stability": false, "non linear stability": true, "eta": [0.0, 0.3778336711594206, 0.2252073934265817, 0.0, 0.12053786457097607, 0.0, 0.0, 0.0, 0.08001042352441332, 0.0, 0.0, 0.0, 0.19641064731860838, 0.0, 0.0, 0.0], "phi_SP": 0.0522901402948055, "stability SP": false, "phi_SP_noisy": 0.05197821989717677}