{"Messages": [[0.0, 0.0], [0.0, 1.0]], "Free entropy density": 0.0, "density": 1.0, "entropy density": 0.0, "stability": true, "physical": true, "stability AT": true, "linear stability": true, "non linear stability": true, "eta": [0.0, 0.49999998315003336, 1.6849966666969222e-08, 0.0, 1.6849966666969222e-08, 0.0, 0.0, 0.0, 0.49999998315003336, 0.0, 0.0, 0.0, 0.0, 0.0, 0.0, 0.0], "phi_SP": -0.3465735902799745, "stability SP": true, "phi_SP_noisy": null}