{"replicated free entropy": 0.05675101280212402, "cluster free entropy": -0.0004000663757324219, "complexity": 0.057151079177856445, "density": 0.4401218295097351, "entropy": -0.0004000663757324219, "replicated free entropy mean": 0.056483245875737435, "replicated free entropy std": 0.0002727634676270539, "cluster free entropy mean": -0.0006761330447784842, "cluster free entropy std": 0.0006257526478407955, "complexity mean": 0.057159378920515924, "complexity std": 0.0006415132135102985, "density mean": 0.4397545942704972, "density std": 0.0008365811576284031, "entropy mean": -0.0006761330447784842, "entropy std": 0.0006257526478407955, "stability": true, "stability non zero": true, "fraction hard fields": 0.6451219916343689, "fraction i frozen": 1.0, "fraction j frozen": 0.6451219916343689, "fraction config forbidden": 1.0}