{"Messages": [[0.37138158882194566, 0.3618892987779509], [0.15507718616095287, 0.11165192623915039]], "Free entropy density": 0.40277997341384664, "density": 0.2611522228287773, "entropy density": 0.40277997341384664, "stability": false, "physical": true}