{"Messages": [[0.0, 0.17863776849569868], [0.39214604817813414, 0.4292161833261673]], "Free entropy density": 0.41314905824965686, "density": 0.7840103011357129, "entropy density": 0.41314905824965686, "stability": true, "physical": true, "stability AT": true, "linear stability": true, "non linear stability": true, "eta": [0.0, 8.090555282260376e-11, 2.085924839766527e-11, 3.033604767506443e-08, 1.0567889235904024e-09, 0.0, 0.0, 0.9999999684622316, 4.316707873497715e-11, 0.0, 0.0, 0.0, 0.0, 0.0, 0.0, 0.0], "phi_SP": -5.551394632624643e-17, "stability SP": true, "phi_SP_noisy": null}