Messages,Free entropy density,density,entropy density,stability,physical
"[[0.4250557876885538, 0.2779268781367675], [0.14541999514798795, 0.15159733902669079]]",0.2718094894652956,0.2228502754070763,0.2718094894652956,False,True
