{"Messages": [[0.4250557876885538, 0.2779268781367675], [0.14541999514798795, 0.15159733902669079]], "Free entropy density": 0.2718094894652956, "density": 0.2228502754070763, "entropy density": 0.2718094894652956, "stability": false, "physical": true}