Messages,Free entropy density,density,entropy density,stability,physical
"[[0.308508381616442, 0.308508381616442], [0.17858794859553823, 0.20439528817157768]]",0.41589969275652017,0.391966984742316,0.41589969275652017,False,True
