{"Messages": [[0.308508381616442, 0.308508381616442], [0.17858794859553823, 0.20439528817157768]], "Free entropy density": 0.41589969275652017, "density": 0.391966984742316, "entropy density": 0.41589969275652017, "stability": false, "physical": true}