{"Messages": [[1.4800130254926105e-12, 0.9999999999985201], [3.4472826644387837e-25, 5.860380529545934e-24]], "Free entropy density": -28.249080626134344, "density": 0, "entropy density": -28.249080626134344, "stability": true, "physical": false, "stability AT": false, "linear stability": true, "non linear stability": true, "eta": [0.0, 4.651767835491927e-16, 4.651767835491927e-16, 0.0, 0.9999999456329078, 0.0, 0.0, 0.0, 6.042970874325568e-16, 0.0, 0.0, 0.0, 5.4367090671973996e-08, 0.0, 0.0, 0.0], "phi_SP": -17.737617174190603, "stability SP": true, "phi_SP_noisy": null}