{"Messages": [[0.3359543929226905, 0.3391463672883787], [0.21544073832474417, 0.10945850146418654]], "Free entropy density": 0.27395542187575694, "density": 0.3138519737297892, "entropy density": 0.27395542187575694, "stability": true, "physical": true, "stability AT": true, "linear stability": false, "non linear stability": false, "eta": [0.0, 1.0576895500644063e-14, 1.720739695513066e-11, 7.830397581177557e-10, 1.072701334068389e-11, 0.0, 1.4821758788563153e-13, 1.6680222929077085e-11, 1.447690314763297e-11, 0.0, 3.1371501607352957e-12, 4.0891974227648784e-13, 2.52013503555747e-09, 0.0, 2.8405371797349605e-08, 0.999999968228657], "phi_SP": -1.1102230246251565e-16, "stability SP": true, "phi_SP_noisy": null}