{"Messages": [[0.43431229190959375, 0.3035055617042946], [0.08907464870977622, 0.17310749767633538]], "Free entropy density": 0.11637231893563715, "density": 0.20905265817070082, "entropy density": 0.11637231893563715, "stability": false, "physical": true}