{"replicated free entropy": 0.4615938663482666, "cluster free entropy": 0.4615919589996338, "complexity": 1.9073486328125e-06, "density": 0.5811101794242859, "entropy": 0.4615919589996338, "replicated free entropy mean": 0.4615938663482666, "replicated free entropy std": 0.0, "cluster free entropy mean": 0.4615919589996338, "cluster free entropy std": 0.0, "complexity mean": 1.9073486328125e-06, "complexity std": 0.0, "density mean": 0.5811101794242859, "density std": 0.0, "entropy mean": 0.4615919589996338, "entropy std": 0.0, "stability": true, "stability non zero": true, "fraction hard fields": 0.0, "fraction i frozen": 0.0, "fraction j frozen": 0.0, "fraction config forbidden": 0.0}