{"replicated free entropy": 0.5409314632415771, "cluster free entropy": 0.5409331321716309, "complexity": -1.6689300537109375e-06, "density": 0.3250020742416382, "entropy": 0.5409331321716309, "replicated free entropy mean": 0.5409314632415771, "replicated free entropy std": 0.0, "cluster free entropy mean": 0.5409331321716309, "cluster free entropy std": 0.0, "complexity mean": -1.6689300537109375e-06, "complexity std": 0.0, "density mean": 0.3250020742416382, "density std": 0.0, "entropy mean": 0.5409331321716309, "entropy std": 0.0}