{"Messages": [[0.9999999999970532, 4.8098152095208395e-14], [2.3227895026374716e-12, 5.758839460854285e-13]], "Free entropy density": -1.30248634734424e-23, "density": 4.785414815362274e-38, "entropy density": -1.30248634734424e-23, "stability": true, "physical": true, "stability AT": true, "linear stability": true, "non linear stability": true, "eta": [0.0, 9.018300201715657e-09, 2.137655297127507e-08, 0.0, 9.263367138985341e-10, 0.0, 0.0, 0.0, 0.9999999686788102, 0.0, 0.0, 0.0, 0.0, 0.0, 0.0, 0.0], "phi_SP": -1.3925773547765393e-16, "stability SP": true, "phi_SP_noisy": null}