{"replicated free entropy": 0.5548046827316284, "cluster free entropy": 0.5548039674758911, "complexity": 7.152557373046875e-07, "density": 0.46061161160469055, "entropy": 0.5548039674758911, "replicated free entropy mean": 0.5548046827316284, "replicated free entropy std": 0.0, "cluster free entropy mean": 0.5548039674758911, "cluster free entropy std": 0.0, "complexity mean": 7.152557373046875e-07, "complexity std": 0.0, "density mean": 0.46061161160469055, "density std": 0.0, "entropy mean": 0.5548039674758911, "entropy std": 0.0, "stability": true, "stability non zero": true, "fraction hard fields": 0.0, "fraction i frozen": 0.0, "fraction j frozen": 0.0, "fraction config forbidden": 0.0}