{"replicated free entropy": 0.32201576232910156, "cluster free entropy": 0.32201623916625977, "complexity": -4.76837158203125e-07, "density": 0.45808160305023193, "entropy": 0.32201623916625977, "replicated free entropy mean": 0.32201577395927616, "replicated free entropy std": 7.355568258165452e-08, "cluster free entropy mean": 0.32201625661152167, "cluster free entropy std": 1.1033352387248178e-07, "complexity mean": -4.826522454982851e-07, "complexity std": 3.677784129082725e-08, "density mean": 0.4580816001426883, "density std": 1.838892064541363e-08, "entropy mean": 0.32201625661152167, "entropy std": 1.1033352387248178e-07, "stability": true, "stability non zero": true, "fraction hard fields": 0.0, "fraction i frozen": 0.0, "fraction j frozen": 0.0, "fraction config forbidden": 0.0}