{"replicated free entropy": 0.24262595176696777, "cluster free entropy": 0.24262642860412598, "complexity": -4.76837158203125e-07, "density": 0.2969891130924225, "entropy": 0.24262642860412598, "replicated free entropy mean": 0.24262595176696777, "replicated free entropy std": 0.0, "cluster free entropy mean": 0.24262642860412598, "cluster free entropy std": 0.0, "complexity mean": -4.76837158203125e-07, "complexity std": 0.0, "density mean": 0.2969891130924225, "density std": 0.0, "entropy mean": 0.24262642860412598, "entropy std": 0.0}