{"fitting parameters cluster free entropy": [-142.53932712870517, 71.26966553940207, 71.26966553940224, 1.0], "fitting parameters density": [52.395691470500545, -100.53290828881477, 51.83411075986902, 1.0], "dynamical transition cluster free entropy": 0.0, "static transition cluster free entropy": 0.0, "dynamical transition density": 0.49996971793291045, "static transition density": 0.4999701274661713}