Messages,Free entropy density,density,entropy density,stability,physical
"[[0.20301697643116065, 0.3131013169864495], [0.26183676283177404, 0.2220449437506158]]",0.1446777417876035,0.515891185687917,0.1446777417876035,True,True
"[[0.26613439058113614, 0.4511321335405418], [0.28273347587832204, 0.0]]",-0.0036550896292553148,0.39134478840529285,-0.0036550896292553148,False,True
