{"Messages": [[0.20301697643116065, 0.3131013169864495], [0.26183676283177404, 0.2220449437506158]], "Free entropy density": 0.1446777417876035, "density": 0.515891185687917, "entropy density": 0.1446777417876035, "stability": true, "physical": true, "stability AT": true, "linear stability": false, "non linear stability": true, "eta": [0.0, 0.2786068617804171, 0.3285349242980594, 0.0, 0.1381263486779945, 0.0, 0.0, 0.0, 2.1062458333711527e-08, 0.0, 0.0, 0.0, 0.25473184418107064, 0.0, 0.0, 0.0], "phi_SP": 0.14467774178760395, "stability SP": true, "phi_SP_noisy": null}