{"replicated free entropy": -0.2032325267791748, "cluster free entropy": 0.0, "complexity": -0.2032325267791748, "density": 0.49987927079200745, "entropy": 0.0, "replicated free entropy mean": -0.2027418729735584, "replicated free entropy std": 0.0002411311162090216, "cluster free entropy mean": 0.0, "cluster free entropy std": 0.0, "complexity mean": -0.2027418729735584, "complexity std": 0.0002411311162090216, "density mean": 0.5003015180913414, "density std": 0.0011111746505390215, "entropy mean": 0.0, "entropy std": 0.0, "stability": true, "stability non zero": true, "fraction hard fields": 1.0, "fraction i frozen": 1.0, "fraction j frozen": 1.0, "fraction config forbidden": 1.0}