Messages,Free entropy density,density,entropy density,stability,physical
"[[0.11197075208363058, 0.21553657462955927], [0.33752870625362885, 0.3349639670331813]]",0.2755129903100908,0.6843994136636888,0.2755129903100908,False,True
"[[0.1975373182806121, 0.4504933836954911], [0.35196929802389665, 0.0]]",-0.31559485749466365,0.44521688315359775,-0.31559485749466365,False,True
"[[0.9999999999997738, 9.924536605638226e-14], [5.727841151032251e-14, 6.960945708522568e-14]]",-2.0457372082915455e-25,5.172710057791483e-52,-2.0457372082915455e-25,False,True
