{"Messages": [[0.11197075208363058, 0.21553657462955927], [0.33752870625362885, 0.3349639670331813]], "Free entropy density": 0.2755129903100908, "density": 0.6843994136636888, "entropy density": 0.2755129903100908, "stability": false, "physical": true}