{"replicated free entropy": -0.22802996635437012, "cluster free entropy": 0.0, "complexity": -0.22802996635437012, "density": 0.6902019381523132, "entropy": 0.0, "replicated free entropy mean": -0.2275824372361346, "replicated free entropy std": 0.00034510639487452666, "cluster free entropy mean": 0.0, "cluster free entropy std": 0.0, "complexity mean": -0.2275824372361346, "complexity std": 0.00034510639487452666, "density mean": 0.6900470155041393, "density std": 0.0011605168511092747, "entropy mean": 0.0, "entropy std": 0.0, "stability": true, "stability non zero": true, "fraction hard fields": 1.0, "fraction i frozen": 1.0, "fraction j frozen": 1.0, "fraction config forbidden": 1.0}