{"replicated free entropy": 0.04145932197570801, "cluster free entropy": 0.010772705078125, "complexity": 0.030686616897583008, "density": 0.4981326758861542, "entropy": 0.010772705078125, "replicated free entropy mean": 0.04154232071667183, "replicated free entropy std": 0.00018495403665983755, "cluster free entropy mean": 0.010697417142914563, "cluster free entropy std": 0.00020515442267229306, "complexity mean": 0.030844903573757264, "complexity std": 0.0002188581715742047, "density mean": 0.4978190907617895, "density std": 0.0004294441223266517, "entropy mean": 0.010697417142914563, "entropy std": 0.00020515442267229306, "stability": true, "stability non zero": true, "fraction hard fields": 0.5362685322761536, "fraction i frozen": 0.843143880367279, "fraction j frozen": 0.5905247926712036, "fraction config forbidden": 1.0}