{"replicated free entropy": 0.09262466430664062, "cluster free entropy": 0.09262371063232422, "complexity": 9.5367431640625e-07, "density": 0.3261338174343109, "entropy": 0.09262371063232422, "replicated free entropy mean": 0.09262466430664062, "replicated free entropy std": 0.0, "cluster free entropy mean": 0.09262371063232422, "cluster free entropy std": 0.0, "complexity mean": 9.5367431640625e-07, "complexity std": 0.0, "density mean": 0.3261338174343109, "density std": 0.0, "entropy mean": 0.09262371063232422, "entropy std": 0.0, "stability": true, "stability non zero": true, "fraction hard fields": 0.0, "fraction i frozen": 0.0, "fraction j frozen": 0.0, "fraction config forbidden": 0.0}