Messages,Free entropy density,density,entropy density,stability,physical
"[[0.0, 0.49999999999940486], [0.49999999999940486, 1.1903078043763706e-12]]",-0.3465735902799727,0.5,-0.3465735902799727,False,True
"[[0.5054673577043876, 0.34571331518257115], [0.14881932711176368, 1.2776071650289737e-12]]",0.2937913661954903,0.14355344781178128,0.2937913661954903,True,True
