{"Messages": [[0.5054673577043876, 0.34571331518257115], [0.14881932711176368, 1.2776071650289737e-12]], "Free entropy density": 0.2937913661954903, "density": 0.14355344781178128, "entropy density": 0.2937913661954903, "stability": true, "physical": true, "stability AT": true, "linear stability": true, "non linear stability": true, "eta": [0.0, 1.7917957937422558e-12, 7.997582771012784e-10, 0.0, 1.7124009804607922e-11, 0.0, 0.0, 0.0, 2.5964100379686913e-10, 0.0, 0.0, 0.0, 2.9787939318516763e-08, 0.0, 0.9999999691337456, 0.0], "phi_SP": -1.110223072785809e-16, "stability SP": true, "phi_SP_noisy": null}