{"Free entropy density": -2.182787284255028e-16, "density": 0.37172000000000005, "entropy density": -2.182787284255028e-16, "stability": false, "stability non zero": true, "fraction hard fields": 0.7704, "fraction i frozen": 0.9770866666666667, "fraction config forbidden": 1.0, "fraction found": 0.1}