{"Messages": [[0.5209300913193907, 0.337457925162599], [0.14161198351551477, 2.4953264941972137e-12]], "Free entropy density": 0.28330814945696625, "density": 0.13023252283015704, "entropy density": 0.28330814945696625, "stability": true, "physical": true, "stability AT": true, "linear stability": true, "non linear stability": true, "eta": [0.0, 9.17399446396035e-13, 5.120213687064056e-11, 0.0, 9.17399446396035e-13, 0.0, 0.0, 0.0, 1.4289129463953145e-09, 0.0, 0.0, 0.0, 2.6539717090222992e-08, 0.0, 0.999999971978333, 0.0], "phi_SP": 5.551114996908038e-17, "stability SP": true, "phi_SP_noisy": null}