Messages,Free entropy density,density,entropy density,stability,physical
"[[0.0, 0.14161198351586754], [0.33745792516344986, 0.5209300913206825]]",0.28330814945696603,0.8697674771698293,0.28330814945696603,True,True
"[[0.0, 0.9999999999999998], [3.790944795890058e-94, 0.0]]",-323.7052959711872,0,-323.7052959711872,False,False
"[[0.5000000000000002, 0.4999999999999999], [3.752652424214393e-94, 0.0]]",0.0,0,0.0,False,True
