{"Messages": [[0.0, 0.14161198351586754], [0.33745792516344986, 0.5209300913206825]], "Free entropy density": 0.28330814945696603, "density": 0.8697674771698293, "entropy density": 0.28330814945696603, "stability": true, "physical": true, "stability AT": true, "linear stability": true, "non linear stability": true, "eta": [0.0, 5.063151229012024e-11, 1.2313126936373369e-13, 1.644223638473554e-09, 6.830246192319544e-13, 0.0, 0.0, 4.76879524619931e-11, 2.0549216327271068e-11, 6.839073290787669e-11, 0.0, 1.9740859423120354e-10, 1.0122736710975455e-09, 2.4547536867893265e-08, 0.0, 0.9999999724104918], "phi_SP": 1.110223024625156e-16, "stability SP": true, "phi_SP_noisy": null}