{"replicated free entropy": 0.4544100761413574, "cluster free entropy": 0.4544100761413574, "complexity": 0.0, "density": 0.499999463558197, "entropy": 0.4544100761413574, "replicated free entropy mean": 0.4544100761413574, "replicated free entropy std": 0.0, "cluster free entropy mean": 0.4544100761413574, "cluster free entropy std": 0.0, "complexity mean": 0.0, "complexity std": 0.0, "density mean": 0.499999463558197, "density std": 0.0, "entropy mean": 0.4544100761413574, "entropy std": 0.0}