{"replicated free entropy": 0.4059154987335205, "cluster free entropy": 0.405914306640625, "complexity": 1.1920928955078125e-06, "density": 0.3650146424770355, "entropy": 0.405914306640625, "replicated free entropy mean": 0.4059154987335205, "replicated free entropy std": 0.0, "cluster free entropy mean": 0.405914306640625, "cluster free entropy std": 0.0, "complexity mean": 1.1920928955078125e-06, "complexity std": 0.0, "density mean": 0.3650146424770355, "density std": 0.0, "entropy mean": 0.405914306640625, "entropy std": 0.0}