{"replicated free entropy": 0.6039068698883057, "cluster free entropy": 0.603909969329834, "complexity": -3.0994415283203125e-06, "density": 0.44813719391822815, "entropy": 0.603909969329834, "replicated free entropy mean": 0.6039068698883057, "replicated free entropy std": 0.0, "cluster free entropy mean": 0.603909969329834, "cluster free entropy std": 0.0, "complexity mean": -3.0994415283203125e-06, "complexity std": 0.0, "density mean": 0.44813719391822815, "density std": 0.0, "entropy mean": 0.603909969329834, "entropy std": 0.0}