{"Messages": [[0.2096305491441136, 0.28692076393258953], [0.25179502358548483, 0.25165366333781214]], "Free entropy density": 0.20904401330319278, "density": 0.5384974104902925, "entropy density": 0.20904401330319278, "stability": false, "physical": true}