Messages,Free entropy density,density,entropy density,stability,physical
"[[0.0, 0.9999999999999174], [8.346666272604214e-16, 8.179732947152127e-14]]",-53.11896968717515,0,-53.11896968717515,False,False
"[[0.5000000000001321, 0.49999999999977496], [5.164499756173851e-15, 8.779649585495552e-14]]",0.0,0,0.0,True,True
