{"Messages": [[0.5000000000001321, 0.49999999999977496], [5.164499756173851e-15, 8.779649585495552e-14]], "Free entropy density": 0.0, "density": 0, "entropy density": 0.0, "stability": true, "physical": true, "stability AT": true, "linear stability": true, "non linear stability": true, "eta": [0.0, 5.928554968950619e-10, 5.928554968950619e-10, 0.0, 1.0517267592260492e-09, 0.0, 0.0, 0.0, 2.7406914119696374e-08, 0.0, 0.0, 0.0, 0.999999970355648, 0.0, 0.0, 0.0], "phi_SP": -4.056976797437779e-18, "stability SP": true, "phi_SP_noisy": null}