{"Messages": [[0.1608472551594425, 0.24961010099561542], [0.31094702565079224, 0.2785956181941498]], "Free entropy density": -0.3250829733914484, "density": 0.6, "entropy density": -0.3250829733914484, "stability": true, "physical": true, "stability AT": true, "linear stability": false, "non linear stability": true, "eta": [0.0, 0.27859560529925254, 0.31094701612152253, 0.0, 0.24961011310255868, 0.0, 0.0, 0.0, 0.1608472654766663, 0.0, 0.0, 0.0, 0.0, 0.0, 0.0, 0.0], "phi_SP": -0.325082973391452, "stability SP": true, "phi_SP_noisy": null}