{"replicated free entropy": 0.020985841751098633, "cluster free entropy": -0.00036728382110595703, "complexity": 0.02135312557220459, "density": 0.4988495111465454, "entropy": -0.00036728382110595703, "replicated free entropy mean": 0.020933564116315143, "replicated free entropy std": 0.0003205088945362391, "cluster free entropy mean": 1.5681109777310998e-05, "cluster free entropy std": 0.00021769607493038343, "complexity mean": 0.020917883006537834, "complexity std": 0.00037513353626302806, "density mean": 0.4980129054406794, "density std": 0.0007131171616005365, "entropy mean": 1.5681109777310998e-05, "entropy std": 0.00021769607493038343, "stability": true, "stability non zero": true, "fraction hard fields": 0.8548799157142639, "fraction i frozen": 0.9970294237136841, "fraction j frozen": 0.8550423383712769, "fraction config forbidden": 1.0}