{"replicated free entropy": 0.4232909679412842, "cluster free entropy": 0.4232882261276245, "complexity": 2.7418136596679688e-06, "density": 0.2883126735687256, "entropy": 0.4232882261276245, "replicated free entropy mean": 0.4232909679412842, "replicated free entropy std": 0.0, "cluster free entropy mean": 0.4232882261276245, "cluster free entropy std": 0.0, "complexity mean": 2.7418136596679688e-06, "complexity std": 0.0, "density mean": 0.2883126735687256, "density std": 0.0, "entropy mean": 0.4232882261276245, "entropy std": 0.0, "stability": true, "stability non zero": true, "fraction hard fields": 0.0, "fraction i frozen": 0.0, "fraction j frozen": 0.0, "fraction config forbidden": 0.0}