{"Messages": [[0.26454649914619943, 0.30645161891016537], [0.1885952868379398, 0.24040659510569523]], "Free entropy density": 0.14639041168748124, "density": 0.4749569030458728, "entropy density": 0.14639041168748124, "stability": true, "physical": true, "stability AT": true, "linear stability": false, "non linear stability": true, "eta": [0.0, 0.3166315844355642, 0.24839260724306944, 0.0, 0.08655035577212454, 0.0, 0.0, 0.0, 0.03135849612481802, 0.0, 0.0, 0.0, 0.31706695642442373, 0.0, 0.0, 0.0], "phi_SP": 0.14639041168748457, "stability SP": false, "phi_SP_noisy": 1.1102230246251565e-16}