{"Messages": [[0.1909830056250525, 0.30901699437494734], [0.30901699437494745, 0.1909830056250526]], "Free entropy density": 0.2963918003583541, "density": 0.49999999999999994, "entropy density": 0.2963918003583541, "stability": true, "physical": true, "stability AT": true, "linear stability": true, "non linear stability": true, "eta": [0.0, 4.114119762829152e-11, 2.7445342158337703e-10, 1.3183916058929133e-08, 2.7445342158337703e-10, 0.0, 6.315638690214161e-10, 6.456810230044713e-10, 4.114119762829152e-11, 0.0, 0.0, 4.818877042729976e-10, 1.3183916058929133e-08, 4.818877042729976e-10, 6.456810230044713e-10, 0.9999999701142773], "phi_SP": 0.0, "stability SP": true, "phi_SP_noisy": null}