{"replicated free entropy": 0.2810397148132324, "cluster free entropy": 0.0011550188064575195, "complexity": 0.2798846960067749, "density": 0.41701629757881165, "entropy": 0.0011550188064575195, "replicated free entropy mean": 0.2810397148132324, "replicated free entropy std": 0.0, "cluster free entropy mean": 0.0011550188064575195, "cluster free entropy std": 0.0, "complexity mean": 0.2798846960067749, "complexity std": 0.0, "density mean": 0.41701629757881165, "density std": 0.0, "entropy mean": 0.0011550188064575195, "entropy std": 0.0}