Messages,Free entropy density,density,entropy density,stability,physical
"[[3.0391402236658022e-24, 0.2827334758783219], [0.4511321335405416, 0.266134390581136]]",-0.003655089629255759,0.6086552115947073,-0.003655089629255759,True,True
"[[0.3646612289705241, 0.23927774343129993], [0.2345304953384612, 0.1615305322597147]]",-0.05583510881737208,0.3030161779004766,-0.05583510881737208,True,True
