{"Messages": [[3.0391402236658022e-24, 0.2827334758783219], [0.4511321335405416, 0.266134390581136]], "Free entropy density": -0.003655089629255759, "density": 0.6086552115947073, "entropy density": -0.003655089629255759, "stability": true, "physical": true, "stability AT": true, "linear stability": false, "non linear stability": false, "eta": [0.0, 1.2433080910244737e-10, 0.08706336502919473, 0.19264927087041656, 0.2853744149959184, 0.0, 0.0, 0.0, 0.43491294898013955, 0.0, 0.0, 0.0, 0.0, 0.0, 0.0, 0.0], "phi_SP": -0.055835108817369195, "stability SP": true, "phi_SP_noisy": null}