{"replicated free entropy": 0.3725743293762207, "cluster free entropy": 0.3725748062133789, "complexity": -4.76837158203125e-07, "density": 0.6391205191612244, "entropy": 0.3725748062133789, "replicated free entropy mean": 0.3725743293762207, "replicated free entropy std": 0.0, "cluster free entropy mean": 0.3725748062133789, "cluster free entropy std": 0.0, "complexity mean": -4.76837158203125e-07, "complexity std": 0.0, "density mean": 0.6391205191612244, "density std": 0.0, "entropy mean": 0.3725748062133789, "entropy std": 0.0}