Messages,Free entropy density,density,entropy density,stability,physical
"[[0.0, 0.1414941526876094], [0.40265087545901024, 0.4558549718533804]]",0.36042344834363105,0.8229281172618985,0.36042344834363105,False,True
"[[0.0, 0.5], [0.5, 0.0]]",-0.6931471805599452,0.5,-0.6931471805599452,False,True
"[[0.2865913722582274, 0.21340862774177305], [0.21340862774177272, 0.2865913722582269]]",0.45441018034602054,0.49999999999999944,0.45441018034602054,False,True
"[[0.45585497185338025, 0.40265087545901024], [0.14149415268760954, 0.0]]",0.36042344834363105,0.17707188273810134,0.36042344834363105,False,True
