{"Messages": [[0.2865913722582274, 0.21340862774177305], [0.21340862774177272, 0.2865913722582269]], "Free entropy density": 0.45441018034602054, "density": 0.49999999999999944, "entropy density": 0.45441018034602054, "stability": false, "physical": true}