{"replicated free entropy": 0.4012258052825928, "cluster free entropy": 0.40122461318969727, "complexity": 1.1920928955078125e-06, "density": 0.21599867939949036, "entropy": 0.40122461318969727, "replicated free entropy mean": 0.4012258052825928, "replicated free entropy std": 0.0, "cluster free entropy mean": 0.40122461318969727, "cluster free entropy std": 0.0, "complexity mean": 1.1920928955078125e-06, "complexity std": 0.0, "density mean": 0.21599867939949036, "density std": 0.0, "entropy mean": 0.40122461318969727, "entropy std": 0.0}