Messages,Free entropy density,density,entropy density,stability,physical
"[[0.2814071962107053, 0.2814071962107053], [0.23899925005897524, 0.1981863575196142]]",0.6488845747903125,0.4211159611611915,0.6488845747903125,True,True
