{"Messages": [[0.2814071962107053, 0.2814071962107053], [0.23899925005897524, 0.1981863575196142]], "Free entropy density": 0.6488845747903125, "density": 0.4211159611611915, "entropy density": 0.6488845747903125, "stability": true, "physical": true, "stability AT": true, "linear stability": true, "non linear stability": true, "eta": [0.0, 1.2433080910244737e-10, 3.6045635379018353e-10, 1.1275435537417502e-08, 1.2433080910244737e-10, 0.0, 0.0, 0.0, 1.2433080910244737e-10, 0.0, 0.0, 0.0, 2.1672793862933736e-08, 0.0, 5.831564920544766e-10, 0.9999999657351653], "phi_SP": -5.551115123125783e-17, "stability SP": true, "phi_SP_noisy": null}