{"Messages": [[0.3634432232586852, 0.2519974564323335], [0.17472527752553055, 0.2098340427834507]], "Free entropy density": -0.32694308433724206, "density": 0.33333333333214454, "entropy density": -0.32694308433724206, "stability": true, "physical": true, "stability AT": true, "linear stability": false, "non linear stability": true, "eta": [0.0, 0.20983402448738842, 0.17472526582572045, 0.0, 0.25199746570360154, 0.0, 0.0, 0.0, 0.3634432439832896, 0.0, 0.0, 0.0, 0.0, 0.0, 0.0, 0.0], "phi_SP": -0.3269430843372487, "stability SP": true, "phi_SP_noisy": null}