{"replicated free entropy": 0.4176654815673828, "cluster free entropy": 0.4176642894744873, "complexity": 1.1920928955078125e-06, "density": 0.5, "entropy": 0.4176642894744873, "replicated free entropy mean": 0.4176654815673828, "replicated free entropy std": 0.0, "cluster free entropy mean": 0.4176642894744873, "cluster free entropy std": 0.0, "complexity mean": 1.1920928955078125e-06, "complexity std": 0.0, "density mean": 0.5, "density std": 0.0, "entropy mean": 0.4176642894744873, "entropy std": 0.0}