{"replicated free entropy": 0.2540247440338135, "cluster free entropy": -0.0002981424331665039, "complexity": 0.25432288646698, "density": 0.38025665283203125, "entropy": -0.0002981424331665039, "replicated free entropy mean": 0.2540247440338135, "replicated free entropy std": 0.0, "cluster free entropy mean": -0.0002981424331665039, "cluster free entropy std": 0.0, "complexity mean": 0.25432288646698, "complexity std": 0.0, "density mean": 0.38025665283203125, "density std": 0.0, "entropy mean": -0.0002981424331665039, "entropy std": 0.0}