{"replicated free entropy": 0.09108853340148926, "cluster free entropy": 0.010128378868103027, "complexity": 0.08096015453338623, "density": 0.5958414673805237, "entropy": 0.010128378868103027, "replicated free entropy mean": 0.09120606213081174, "replicated free entropy std": 0.0004307934262032583, "cluster free entropy mean": 0.010235856219035824, "cluster free entropy std": 0.00043921791990271644, "complexity mean": 0.08097020591177591, "complexity std": 0.0004120953730973751, "density mean": 0.5951638701485424, "density std": 0.0008780411661529355, "entropy mean": 0.010235856219035824, "entropy std": 0.00043921791990271644}