Messages,Free entropy density,density,entropy density,stability,physical
"[[0.0, 0.22133396482906426], [0.3966835058298795, 0.38198252934105636]]",-0.13103952162498889,0.7269148397535917,-0.13103952162498889,False,True
"[[0.19826504401550504, 0.23297890066175522], [0.28465287976805403, 0.2841031755546857]]",-0.03864625080921069,0.581939380298413,-0.03864625080921069,True,True
