{"Messages": [[0.19826504401550504, 0.23297890066175522], [0.28465287976805403, 0.2841031755546857]], "Free entropy density": -0.03864625080921069, "density": 0.581939380298413, "entropy density": -0.03864625080921069, "stability": true, "physical": true, "stability AT": true, "linear stability": true, "non linear stability": true, "eta": [0.0, 0.28410316840380484, 0.28465286935965645, 0.0, 0.2329789126001689, 0.0, 0.0, 0.0, 0.19826504963636982, 0.0, 0.0, 0.0, 0.0, 0.0, 0.0, 0.0], "phi_SP": -0.03864625080920847, "stability SP": true, "phi_SP_noisy": null}