Messages,Free entropy density,density,entropy density,stability,physical
"[[0.2095196038353932, 0.2867443694588291], [0.25180005672743144, 0.2519359699783462]]",0.20902472725717525,0.5388706033939286,0.20902472725717525,False,True
"[[0.9999999999999998, 3.360107371478596e-17], [2.4335532495341175e-19, 3.704899772061907e-19]]",-1.9721522630525295e-31,5.622749265780025e-68,-1.9721522630525295e-31,False,True
