{"Messages": [[0.2095196038353932, 0.2867443694588291], [0.25180005672743144, 0.2519359699783462]], "Free entropy density": 0.20902472725717525, "density": 0.5388706033939286, "entropy density": 0.20902472725717525, "stability": false, "physical": true}