{"Messages": [[0.546568407352611, 0.3555534185275142], [0.09787817411982958, 4.504947782966054e-14]], "Free entropy density": 0.22054430290562288, "density": 0.09448071579932062, "entropy density": 0.22054430290562288, "stability": false, "physical": true}