{"Messages": [[0.459259923536504, 0.40106640094043494], [0.13967367552306098, 3.667573327413718e-25]], "Free entropy density": 0.3577992314403098, "density": 0.17345498823788008, "entropy density": 0.3577992314403098, "stability": false, "physical": true}