{"replicated free entropy": 0.5243501663208008, "cluster free entropy": 0.5243484973907471, "complexity": 1.6689300537109375e-06, "density": 0.30890002846717834, "entropy": 0.5243484973907471, "replicated free entropy mean": 0.5243501372453643, "replicated free entropy std": 7.801758292243968e-08, "cluster free entropy mean": 0.5243484683153106, "cluster free entropy std": 7.801758292243968e-08, "complexity mean": 1.6689300537109375e-06, "complexity std": 0.0, "density mean": 0.30890002846717834, "density std": 0.0, "entropy mean": 0.5243484683153106, "entropy std": 7.801758292243968e-08}