{"replicated free entropy": 0.1907668113708496, "cluster free entropy": 0.1907658576965332, "complexity": 9.5367431640625e-07, "density": 0.14041368663311005, "entropy": 0.1907658576965332, "replicated free entropy mean": 0.1907668113708496, "replicated free entropy std": 0.0, "cluster free entropy mean": 0.1907658576965332, "cluster free entropy std": 0.0, "complexity mean": 9.5367431640625e-07, "complexity std": 0.0, "density mean": 0.14041368663311005, "density std": 0.0, "entropy mean": 0.1907658576965332, "entropy std": 0.0}