Messages,Free entropy density,density,entropy density,stability,physical
"[[0.42577788803299543, 0.41748345571743806], [0.15673865624644737, 3.119158117746517e-12]]",0.3968889054529452,0.20962368947672977,0.3968889054529452,False,True
