{"Messages": [[0.42577788803299543, 0.41748345571743806], [0.15673865624644737, 3.119158117746517e-12]], "Free entropy density": 0.3968889054529452, "density": 0.20962368947672977, "entropy density": 0.3968889054529452, "stability": false, "physical": true}