{"Free entropy density": 0.2616303553517253, "density": 0.35239813893234556, "entropy density": 0.2616303553517253, "stability": false, "stability non zero": true, "fraction hard fields": 7.999999999999999e-05, "fraction i frozen": 0.00013333333333333334, "fraction config forbidden": 1.0, "fraction found": 1.0}