{"Messages": [[0.5248592426069285, 0.3660622154358109], [0.10907854194678199, 1.047881865646629e-11]], "Free entropy density": 0.2355218125793952, "density": 0.11237110828824218, "entropy density": 0.2355218125793952, "stability": false, "physical": true}