Messages,Free entropy density,density,entropy density,stability,physical
"[[0.9999999999997979, 1.6405159832167508e-13], [2.1153791001288098e-15, 3.5961444702189784e-14]]",-6.129133689205173e-26,0,-6.129133689205173e-26,True,True
