{"Messages": [[0.9999999999997979, 1.6405159832167508e-13], [2.1153791001288098e-15, 3.5961444702189784e-14]], "Free entropy density": -6.129133689205173e-26, "density": 0, "entropy density": -6.129133689205173e-26, "stability": true, "physical": true, "stability AT": true, "linear stability": true, "non linear stability": true, "eta": [0.0, 5.928554968950619e-10, 5.928554968950619e-10, 0.0, 2.849628930814831e-08, 0.0, 0.0, 0.0, 0.9999999703179997, 0.0, 0.0, 0.0, 0.0, 0.0, 0.0, 0.0], "phi_SP": 1.0735944083101244e-17, "stability SP": true, "phi_SP_noisy": null}