{"Messages": [[0.25602652174392243, 0.25602652174392243], [0.14930517658081946, 0.3386417799313355]], "Free entropy density": 0.013250709205923084, "density": 0.5957002382663513, "entropy density": 0.013250709205923084, "stability": false, "physical": true}