{"replicated free entropy": 0.5114386081695557, "cluster free entropy": 0.5114364624023438, "complexity": 2.1457672119140625e-06, "density": 0.2850583791732788, "entropy": 0.5114364624023438, "replicated free entropy mean": 0.5114386081695557, "replicated free entropy std": 0.0, "cluster free entropy mean": 0.5114364624023438, "cluster free entropy std": 0.0, "complexity mean": 2.1457672119140625e-06, "complexity std": 0.0, "density mean": 0.2850583791732788, "density std": 0.0, "entropy mean": 0.5114364624023438, "entropy std": 0.0}