{"replicated free entropy": 0.34837889671325684, "cluster free entropy": 0.34837889671325684, "complexity": 0.0, "density": 0.2718168795108795, "entropy": 0.34837889671325684, "replicated free entropy mean": 0.34837889671325684, "replicated free entropy std": 0.0, "cluster free entropy mean": 0.34837889671325684, "cluster free entropy std": 0.0, "complexity mean": 0.0, "complexity std": 0.0, "density mean": 0.2718168795108795, "density std": 0.0, "entropy mean": 0.34837889671325684, "entropy std": 0.0}