{"replicated free entropy": 0.09175229072570801, "cluster free entropy": 0.0016731619834899902, "complexity": 0.09007912874221802, "density": 0.5356581807136536, "entropy": 0.0016731619834899902, "replicated free entropy mean": 0.09121308675626429, "replicated free entropy std": 0.0005643619269183742, "cluster free entropy mean": 0.0002833939180141542, "cluster free entropy std": 0.0012320372848188329, "complexity mean": 0.09092969283825014, "complexity std": 0.0012382256656836106, "density mean": 0.5359824372500908, "density std": 0.0018282212874853167, "entropy mean": 0.0002833939180141542, "entropy std": 0.0012320372848188329}