{"replicated free entropy": 0.5142734050750732, "cluster free entropy": 0.514274001121521, "complexity": -5.960464477539062e-07, "density": 0.2821040153503418, "entropy": 0.514274001121521, "replicated free entropy mean": 0.5142734050750732, "replicated free entropy std": 0.0, "cluster free entropy mean": 0.514274001121521, "cluster free entropy std": 0.0, "complexity mean": -5.960464477539062e-07, "complexity std": 0.0, "density mean": 0.2821040153503418, "density std": 0.0, "entropy mean": 0.514274001121521, "entropy std": 0.0, "stability": true, "stability non zero": true, "fraction hard fields": 0.0, "fraction i frozen": 0.0, "fraction j frozen": 0.0, "fraction config forbidden": 0.0}