{"replicated free entropy": 0.11604881286621094, "cluster free entropy": 0.0029876232147216797, "complexity": 0.11306118965148926, "density": 0.2728554606437683, "entropy": 0.0029876232147216797, "replicated free entropy mean": 0.11597446988268596, "replicated free entropy std": 0.00013555236242072, "cluster free entropy mean": 0.0031241905398485138, "cluster free entropy std": 0.00024577307956441606, "complexity mean": 0.11285027934283745, "complexity std": 0.00023107017985851108, "density mean": 0.272433224974609, "density std": 0.000564698152578605, "entropy mean": 0.0031241905398485138, "entropy std": 0.00024577307956441606, "stability": false, "stability non zero": true, "fraction hard fields": 0.4195510149002075, "fraction i frozen": 1.0, "fraction j frozen": 0.4195510149002075, "fraction config forbidden": 1.0}