{"Messages": [[0.3260721409488284, 0.24534649631854544], [0.1742196324478819, 0.25436173028474424]], "Free entropy density": 0.3603802181756004, "density": 0.418866822036171, "entropy density": 0.3603802181756004, "stability": false, "physical": true}