Messages,Free entropy density,density,entropy density,stability,physical
"[[0.20525836343988996, 0.44890556980131674], [0.3458360667556742, 3.119158117746517e-12]]",-0.018922067580180446,0.4402611552602821,-0.018922067580180446,True,True
