{"Messages": [[0.20525836343988996, 0.44890556980131674], [0.3458360667556742, 3.119158117746517e-12]], "Free entropy density": -0.018922067580180446, "density": 0.4402611552602821, "entropy density": -0.018922067580180446, "stability": true, "physical": true, "stability AT": true, "linear stability": false, "non linear stability": true, "eta": [0.0, 1.6849966666969222e-08, 0.43515532494216047, 0.0, 0.3065741120566423, 0.0, 0.0, 0.0, 1.6849966666969222e-08, 0.0, 0.0, 0.0, 0.2582705293012639, 0.0, 0.0, 0.0], "phi_SP": -0.018922067580181112, "stability SP": true, "phi_SP_noisy": null}