{"replicated free entropy": 0.34505343437194824, "cluster free entropy": 0.34505414962768555, "complexity": -7.152557373046875e-07, "density": 0.2668708562850952, "entropy": 0.34505414962768555, "replicated free entropy mean": 0.34505343437194824, "replicated free entropy std": 0.0, "cluster free entropy mean": 0.34505414962768555, "cluster free entropy std": 0.0, "complexity mean": -7.152557373046875e-07, "complexity std": 0.0, "density mean": 0.2668708562850952, "density std": 0.0, "entropy mean": 0.34505414962768555, "entropy std": 0.0}