{"replicated free entropy": 0.12049543857574463, "cluster free entropy": 0.0025490522384643555, "complexity": 0.11794638633728027, "density": 0.29165780544281006, "entropy": 0.0025490522384643555, "replicated free entropy mean": 0.12030626506340213, "replicated free entropy std": 0.0001462259754931233, "cluster free entropy mean": 0.002802962210120224, "cluster free entropy std": 0.0002647005215653212, "complexity mean": 0.11750330285328191, "complexity std": 0.00028368017605232405, "density mean": 0.2915425329673581, "density std": 0.0006229795850350986, "entropy mean": 0.002802962210120224, "entropy std": 0.0002647005215653212, "stability": false, "stability non zero": true, "fraction hard fields": 0.448465496301651, "fraction i frozen": 1.0, "fraction j frozen": 0.448465496301651, "fraction config forbidden": 1.0}