{"replicated free entropy": 0.23465919494628906, "cluster free entropy": 0.23465335369110107, "complexity": 5.841255187988281e-06, "density": 0.11078865081071854, "entropy": 0.23465335369110107, "replicated free entropy mean": 0.23465919494628906, "replicated free entropy std": 0.0, "cluster free entropy mean": 0.23465335369110107, "cluster free entropy std": 0.0, "complexity mean": 5.841255187988281e-06, "complexity std": 0.0, "density mean": 0.11078865081071854, "density std": 0.0, "entropy mean": 0.23465335369110107, "entropy std": 0.0}