Messages,Free entropy density,density,entropy density,stability,physical
"[[0.0, 0.2655050282297846], [0.37548081180081283, 0.3590141599694026]]",-0.0760229026546424,0.6963156915363518,-0.0760229026546424,False,True
"[[0.0, 0.5], [0.5, 0.0]]",-0.3465735902799727,0.5,-0.3465735902799727,False,True
"[[0.24999999999999994, 0.24999999999999994], [0.2500000000000001, 0.2500000000000001]]",0.0,0.4999999999999999,0.0,True,True
"[[0.3590141599694026, 0.37548081180081283], [0.26550502822978456, 0.0]]",-0.07602290265464218,0.3036843084636482,-0.07602290265464218,False,True
