{"Messages": [[0.24999999999999994, 0.24999999999999994], [0.2500000000000001, 0.2500000000000001]], "Free entropy density": 0.0, "density": 0.4999999999999999, "entropy density": 0.0, "stability": true, "physical": true, "stability AT": true, "linear stability": true, "non linear stability": true, "eta": [0.0, 0.25, 0.25, 0.0, 0.25, 0.0, 0.0, 0.0, 0.25, 0.0, 0.0, 0.0, 0.0, 0.0, 0.0, 0.0], "phi_SP": 0.0, "stability SP": true, "phi_SP_noisy": null}