Messages,Free entropy density,density,entropy density,stability,physical
"[[0.9999999999972111, 1.467839114233654e-13], [1.467839114233654e-13, 2.4953264941972137e-12]]",-1.1666154693838697e-23,0,-1.1666154693838697e-23,True,True
