{"Messages": [[0.9999999999972111, 1.467839114233654e-13], [1.467839114233654e-13, 2.4953264941972137e-12]], "Free entropy density": -1.1666154693838697e-23, "density": 0, "entropy density": -1.1666154693838697e-23, "stability": true, "physical": true, "stability AT": true, "linear stability": true, "non linear stability": true, "eta": [0.0, 1.0783978666860303e-08, 1.0783978666860303e-08, 0.0, 1.0783978666860303e-08, 0.0, 0.0, 0.0, 0.999999967648064, 0.0, 0.0, 0.0, 0.0, 0.0, 0.0, 0.0], "phi_SP": -4.597486123484183e-16, "stability SP": true, "phi_SP_noisy": null}