{"replicated free entropy": 0.15293645858764648, "cluster free entropy": 0.1529374122619629, "complexity": -9.5367431640625e-07, "density": 0.49999988079071045, "entropy": 0.1529374122619629, "replicated free entropy mean": 0.15293645858764648, "replicated free entropy std": 0.0, "cluster free entropy mean": 0.1529374122619629, "cluster free entropy std": 0.0, "complexity mean": -9.5367431640625e-07, "complexity std": 0.0, "density mean": 0.49999988079071045, "density std": 0.0, "entropy mean": 0.1529374122619629, "entropy std": 0.0, "stability": true, "stability non zero": true, "fraction hard fields": 0.0, "fraction i frozen": 0.0, "fraction j frozen": 0.0, "fraction config forbidden": 0.0}