Messages,Free entropy density,density,entropy density,stability,physical
"[[1.8347988927920673e-13, 0.49999999999834865], [0.49999999999834865, 3.119158117746517e-12]]",-0.3465735902799727,0.5,-0.3465735902799727,True,True
