Messages,Free entropy density,density,entropy density,stability,physical
"[[0.16720339785250282, 0.2323561060475128], [0.3260992328340344, 0.2743412632659499]]",0.44845340339624506,0.5928436698696383,0.44845340339624506,False,True
