{"replicated free entropy": 0.4354344606399536, "cluster free entropy": 0.43543434143066406, "complexity": 1.1920928955078125e-07, "density": 0.24108575284481049, "entropy": 0.43543434143066406, "replicated free entropy mean": 0.4354344606399536, "replicated free entropy std": 0.0, "cluster free entropy mean": 0.43543434143066406, "cluster free entropy std": 0.0, "complexity mean": 1.1920928955078125e-07, "complexity std": 0.0, "density mean": 0.24108575284481049, "density std": 0.0, "entropy mean": 0.43543434143066406, "entropy std": 0.0, "stability": false, "stability non zero": true, "fraction hard fields": 0.0, "fraction i frozen": 0.0, "fraction j frozen": 0.0, "fraction config forbidden": 1.0}