{"Messages": [[0.47113040053987065, 0.2727335353794882], [0.11856307853500767, 0.13757298554563335]], "Free entropy density": 0.24281208242907493, "density": 0.1677642534488076, "entropy density": 0.24281208242907493, "stability": false, "physical": true}