Messages,Free entropy density,density,entropy density,stability,physical
"[[0.4031524901645347, 0.2797316141470415], [0.17893573691918957, 0.13818015876923434]]",0.333249452108797,0.2454365617739759,0.333249452108797,False,True
