{"Messages": [[0.4031524901645347, 0.2797316141470415], [0.17893573691918957, 0.13818015876923434]], "Free entropy density": 0.333249452108797, "density": 0.2454365617739759, "entropy density": 0.333249452108797, "stability": false, "physical": true}