{"replicated free entropy": 0.28530335426330566, "cluster free entropy": 0.28530311584472656, "complexity": 2.384185791015625e-07, "density": 0.5099686980247498, "entropy": 0.28530311584472656, "replicated free entropy mean": 0.28530335426330566, "replicated free entropy std": 0.0, "cluster free entropy mean": 0.28530311584472656, "cluster free entropy std": 0.0, "complexity mean": 2.384185791015625e-07, "complexity std": 0.0, "density mean": 0.5099686980247498, "density std": 0.0, "entropy mean": 0.28530311584472656, "entropy std": 0.0, "stability": true, "stability non zero": true, "fraction hard fields": 0.0, "fraction i frozen": 0.0, "fraction j frozen": 0.0, "fraction config forbidden": 0.0}