{"Messages": [[0.20791452115047002, 0.3290594949487515], [0.25728207711857864, 0.20574390678220003]], "Free entropy density": 0.04156845211598936, "density": 0.4982386051958786, "entropy density": 0.04156845211598936, "stability": true, "physical": true, "stability AT": true, "linear stability": false, "non linear stability": true, "eta": [0.0, 0.20469710524580104, 0.29288291249358844, 0.0, 0.22504845872278928, 0.0, 0.0, 0.0, 0.01575218581174387, 0.05108333478648361, 0.028702084582231027, 0.0, 0.1818339183573628, 0.0, 0.0, 0.0], "phi_SP": 0.03449029442015816, "stability SP": true, "phi_SP_noisy": null}