{"replicated free entropy": 0.6350215673446655, "cluster free entropy": 0.6350228786468506, "complexity": -1.3113021850585938e-06, "density": 0.5636861324310303, "entropy": 0.6350228786468506, "replicated free entropy mean": 0.6350215673446655, "replicated free entropy std": 0.0, "cluster free entropy mean": 0.6350228786468506, "cluster free entropy std": 0.0, "complexity mean": -1.3113021850585938e-06, "complexity std": 0.0, "density mean": 0.5636861324310303, "density std": 0.0, "entropy mean": 0.6350228786468506, "entropy std": 0.0, "stability": true, "stability non zero": true, "fraction hard fields": 0.0, "fraction i frozen": 0.0, "fraction j frozen": 0.0, "fraction config forbidden": 0.0}