{"Messages": [[0.25782182351368677, 0.22262748722703507], [0.23193754933667995, 0.28761313992259835]], "Free entropy density": 0.29996768705380283, "density": 0.5321811758398998, "entropy density": 0.29996768705380283, "stability": true, "physical": true, "stability AT": true, "linear stability": false, "non linear stability": true, "eta": [0.0, 1.9245318068426644e-10, 6.320478297065701e-11, 1.8552039254543792e-08, 6.893369651904641e-11, 2.821747817057844e-11, 6.703170552614695e-11, 2.8202931708809473e-11, 7.040862575149795e-11, 1.305530857720798e-11, 2.410545981538339e-12, 2.0778260816286254e-10, 9.023546426404455e-09, 8.568651894537989e-10, 3.647015656249873e-11, 0.9999999707893781], "phi_SP": -1.1102230246251565e-16, "stability SP": true, "phi_SP_noisy": null}