{"replicated free entropy": 0.11179828643798828, "cluster free entropy": -0.0008078813552856445, "complexity": 0.11260616779327393, "density": 0.5133851170539856, "entropy": -0.0008078813552856445, "replicated free entropy mean": 0.11164847815909036, "replicated free entropy std": 0.0006546897620101215, "cluster free entropy mean": -0.00031389114333362113, "cluster free entropy std": 0.001238575775378287, "complexity mean": 0.111962369302424, "complexity std": 0.0012704410835767883, "density mean": 0.5143976662217117, "density std": 0.0022451283252798047, "entropy mean": -0.00031389114333362113, "entropy std": 0.001238575775378287}