{"Messages": [[0.3864368694868815, 0.2744099149602916], [0.1891822676145106, 0.14997094793831628]], "Free entropy density": 0.33715405437262813, "density": 0.2699231312363139, "entropy density": 0.33715405437262813, "stability": false, "physical": true}