{"Messages": [[0.0, 0.13967367552306098], [0.401066400940435, 0.459259923536504]], "Free entropy density": 0.35779923144031, "density": 0.8265450117621198, "entropy density": 0.35779923144031, "stability": false, "physical": true}