Messages,Free entropy density,density,entropy density,stability,physical
"[[0.25986108147134374, 0.2598576166971811], [0.26983023570497483, 0.21045106612650039]]",0.12620359782823343,0.4539021685623128,0.12620359782823343,True,True
