{"Messages": [[0.25986108147134374, 0.2598576166971811], [0.26983023570497483, 0.21045106612650039]], "Free entropy density": 0.12620359782823343, "density": 0.4539021685623128, "entropy density": 0.12620359782823343, "stability": true, "physical": true, "stability AT": true, "linear stability": false, "non linear stability": true, "eta": [0.0, 0.07211434636278606, 0.14189732895597743, 0.17520981140440336, 0.3053872206940632, 0.0, 0.0, 0.0, 0.30539129258276987, 0.0, 0.0, 0.0, 0.0, 0.0, 0.0, 0.0], "phi_SP": 0.12620359782823365, "stability SP": true, "phi_SP_noisy": null}