{"Messages": [[0.5115700658782083, 0.30852823240361976], [0.11222109055997576, 0.06768061115819625]], "Free entropy density": 0.25716965310149376, "density": 0.11684166085824477, "entropy density": 0.25716965310149376, "stability": false, "physical": true}