{"replicated free entropy": 0.3578009605407715, "cluster free entropy": 0.3578007221221924, "complexity": 2.384185791015625e-07, "density": 0.17345505952835083, "entropy": 0.3578007221221924, "replicated free entropy mean": 0.35780102450673174, "replicated free entropy std": 5.9444870309890404e-08, "cluster free entropy mean": 0.3578008500541129, "cluster free entropy std": 1.1888974061978081e-07, "complexity mean": 1.7445261885480183e-07, "complexity std": 5.9444870309890404e-08, "density mean": 0.1734550515326058, "density std": 7.4306087887363005e-09, "entropy mean": 0.3578008500541129, "entropy std": 1.1888974061978081e-07}