{"Messages": [[0.15760957633443773, 0.19325634530770874], [0.3544512319112577, 0.29468284644659576]], "Free entropy density": 0.2119404304618615, "density": 0.6246532411869141, "entropy density": 0.2119404304618615, "stability": false, "physical": true}