Messages,Free entropy density,density,entropy density,stability,physical
"[[0.23610647582891894, 0.2638935241699177], [0.26389352417138984, 0.23610647582977345]]",0.6359786735012873,0.49999999999851075,0.6359786735012873,True,True
