{"Messages": [[0.23610647582891894, 0.2638935241699177], [0.26389352417138984, 0.23610647582977345]], "Free entropy density": 0.6359786735012873, "density": 0.49999999999851075, "entropy density": 0.6359786735012873, "stability": true, "physical": true, "stability AT": true, "linear stability": false, "non linear stability": true, "eta": [0.0, 7.957171782556632e-11, 1.662607153755148e-10, 1.670388245595176e-08, 1.662607153755148e-10, 0.0, 0.0, 1.765118786599083e-10, 7.957171782556632e-11, 0.0, 0.0, 0.0, 1.6703882455951768e-08, 0.0, 1.7651187865990846e-10, 0.9999999657475465], "phi_SP": 0.0, "stability SP": true, "phi_SP_noisy": null}