{"replicated free entropy": 0.02468562126159668, "cluster free entropy": 0.024393796920776367, "complexity": 0.0002918243408203125, "density": 0.6788908243179321, "entropy": 0.024393796920776367, "replicated free entropy mean": 0.025029682531589416, "replicated free entropy std": 0.00035061250389238554, "cluster free entropy mean": 0.024048299324221728, "cluster free entropy std": 0.0004452176514450374, "complexity mean": 0.0009813832073676876, "complexity std": 0.00047377778556214765, "density mean": 0.6782776713371277, "density std": 0.0006942114090013584, "entropy mean": 0.024048299324221728, "entropy std": 0.0004452176514450374}