{"replicated free entropy": 0.4526371955871582, "cluster free entropy": 0.452634334564209, "complexity": 2.86102294921875e-06, "density": 0.24105605483055115, "entropy": 0.452634334564209, "replicated free entropy mean": 0.4526370909155869, "replicated free entropy std": 1.1831952274936469e-07, "cluster free entropy mean": 0.4526341252210664, "cluster free entropy std": 2.3663904549872938e-07, "complexity mean": 2.965694520531631e-06, "complexity std": 1.1831952274936469e-07, "density mean": 0.24105605483055115, "density std": 0.0, "entropy mean": 0.4526341252210664, "entropy std": 2.3663904549872938e-07}